funder_name,country,total_articles,open_data_articles,open_code_articles,open_data_pct,open_code_pct,funder_type,funder_id,is_alias_group,pdf_covered,xml_only,aggregated_works_count,corrected_od,corrected_pct,ci_lo_pct,ci_hi_pct
"Institute of Botany, Chinese Academy of Sciences",China,114,65,13,57.0,11.4,,F4320335786,False,63,51,1146,65.0,57.0,,
German Network for Bioinformatics Infrastructure,Germany,108,61,44,56.5,40.7,,F4320330124,False,67,41,960,61.0,56.5,,
European Molecular Biology Laboratory,Germany,223,124,80,55.6,35.9,,F4320314023,False,122,101,3644,124.0,55.6,,
Uppsala Multidisciplinary Center for Advanced Computational Science,Sweden,277,150,96,54.2,34.7,,F4320336376,False,175,102,2641,150.0,54.2,,
Dr. Miriam and Sheldon G. Adelson Medical Research Foundation,USA,124,65,32,52.4,25.8,,F4320308854,False,53,71,1793,65.0,52.4,,
"Institute of Biophysics, Chinese Academy of Sciences",China,109,55,8,50.5,7.3,,F4320336256,False,70,39,779,55.0,50.5,,
"Kunming Institute of Botany, Chinese Academy of Sciences",China,101,50,10,49.5,9.9,,F4320335649,False,47,54,1540,50.0,49.5,,
European Molecular Biology Organization,Germany,373,184,103,49.3,27.6,,F4320307844,False,185,188,5527,184.0,49.3,,
Research Councils UK,UK,916,443,296,48.4,32.3,,F4320320240,False,818,98,9442,450.895763,49.2,49.021311,49.476049
Science for Life Laboratory,Sweden,544,263,138,48.3,25.4,,F4320325677,False,313,231,4355,263.0,48.3,,
U.S. Department of Health and Human Services,USA,6117,2881,1707,47.1,27.9,,F4320306085,False,5098,1019,41990,2919.0954,47.7,47.563695,47.958971
Broad Institute,USA,381,176,136,46.2,35.7,government,F4320314070,True,176,205,4677,176.0,46.2,,
Oncode Institute,Netherlands,113,51,33,45.1,29.2,,F4320331496,False,52,61,700,51.0,45.1,,
Francis Crick Institute,UK,418,185,96,44.3,23.0,government,F4320312060,True,206,212,7292,185.0,44.3,,
Hessisches Ministerium für Wissenschaft und Kunst,Germany,116,51,23,44.0,19.8,,F4320321961,False,60,56,1500,51.0,44.0,,
Damon Runyon Cancer Research Foundation,USA,215,94,64,43.7,29.8,government,F4320306271,True,92,123,5426,94.0,43.7,,
Institute of Genetics,Canada,288,125,40,43.4,13.9,,F4320338065,False,159,129,5025,125.0,43.4,43.402778,43.896489
Stand Up To Cancer,USA,177,76,36,42.9,20.3,,F4320332898,False,85,92,2210,76.0,42.9,,
Jacobs Foundation,Switzerland,118,50,53,42.4,44.9,,F4320322261,False,70,48,2722,50.0,42.4,,
Templeton World Charity Foundation,BS,127,53,58,41.7,45.7,,F4320327239,False,79,48,1563,53.202735,41.9,41.732283,43.023132
Department of Education and Training,Australia,224,93,45,41.5,20.1,,F4320324764,False,149,75,1747,96.737422,43.2,41.74793,44.759216
"Helsinki Institute of Life Science, Helsingin Yliopisto",Finland,164,68,27,41.5,16.5,,F4320333873,False,93,71,937,68.0,41.5,,
Lister Institute of Preventive Medicine,UK,106,44,19,41.5,17.9,,F4320320615,False,54,52,2049,44.0,41.5,,
National Geographic Society,USA,239,99,77,41.4,32.2,government,F4320309024,True,143,96,15140,114.773716,48.0,46.563549,49.524764
Infrastructures en Biologie Santé et Agronomie,France,201,83,32,41.3,15.9,,F4320315862,False,113,88,1973,83.0,41.3,,
Ocean University of China,China,102,42,13,41.2,12.7,,F4320322440,False,55,47,2216,43.907216,43.0,42.256318,43.927124
American Lebanese Syrian Associated Charities,USA,227,93,39,41.0,17.2,,F4320313598,False,114,113,5998,93.0,41.0,,
Howard Hughes Medical Institute,USA,1219,496,282,40.7,23.1,philanthropy,F4320306082,True,502,717,40261,496.0,40.7,40.689089,41.592678
Genome Canada,Canada,382,155,88,40.6,23.0,,F4320310787,False,211,171,8311,155.0,40.6,,
Joachim Herz Stiftung,Germany,111,45,33,40.5,29.7,,F4320310697,False,67,44,1081,45.030794,40.6,40.540541,41.874462
Smithsonian Institution,USA,248,100,52,40.3,21.0,,F4320306083,False,132,116,21188,104.61437,42.2,40.322581,44.206693
V Foundation for Cancer Research,USA,117,47,22,40.2,18.8,,F4320306536,False,55,62,2731,47.0,40.2,,
Open Philanthropy Project,USA,172,69,45,40.1,26.2,,F4320315389,False,95,77,1417,69.0,40.1,,
Australian Synchrotron,Australia,145,58,11,40.0,7.6,,F4320320540,False,75,70,3721,58.0,40.0,,
"Canadian Network for Research and Innovation in Machining Technology, Natural Sciences and Engineering Research Council of Canada",Canada,133,53,43,39.8,32.3,,F4320321487,False,112,21,5877,55.921714,42.0,41.591955,42.51229
Diamond Light Source,UK,474,187,51,39.5,10.8,,F4320313096,False,240,234,6913,187.0,39.5,,
Huazhong Agricultural University,China,310,122,32,39.4,10.3,,F4320324775,False,194,116,3262,124.600493,40.2,39.354839,41.389607
Burroughs Wellcome Fund,USA,362,141,88,39.0,24.3,government,F4320306133,True,168,194,9064,141.0,39.0,,
Région Occitanie Pyrénées-Méditerranée,France,193,75,37,38.9,19.2,,F4320328356,False,122,71,2137,75.0,38.9,38.860104,39.476709
Okinawa Institute of Science and Technology Graduate University,Japan,121,47,21,38.8,17.4,,F4320322443,False,73,48,2574,50.603636,41.8,40.669861,42.98416
"Department for Environment, Food and Rural Affairs, UK Government",UK,140,54,19,38.6,13.6,,F4320319995,False,83,57,10820,55.19331,39.4,38.684105,40.300831
"National Centre for the Replacement, Refinement and Reduction of Animals in Research",UK,101,39,21,38.6,20.8,,F4320320333,False,63,38,782,39.0,38.6,,
Vienna Science and Technology Fund,Austria,130,50,36,38.5,27.7,,F4320321003,False,75,55,3498,50.0,38.5,,
Pew Charitable Trusts,USA,151,58,42,38.4,27.8,,F4320306148,False,66,85,3781,59.548768,39.4,38.410596,40.65813
European Synchrotron Radiation Facility,France,379,145,32,38.3,8.4,,F4320320887,False,174,205,14418,145.0,38.3,38.258575,38.59158
James S. McDonnell Foundation,USA,123,47,49,38.2,39.8,,F4320306183,False,60,63,7039,47.275968,38.4,38.211382,39.937505
Ontario Genomics,Canada,134,51,29,38.1,21.6,,F4320314024,False,74,60,1841,51.0,38.1,,
Muséum National d'Histoire Naturelle,France,153,58,33,37.9,21.6,,F4320324506,False,74,79,7788,58.563276,38.3,37.908497,40.13646
Kempestiftelserna,Sweden,119,45,14,37.8,11.8,,F4320324135,False,67,52,1922,46.359449,39.0,37.950823,40.136062
St. Jude Children's Research Hospital,USA,160,60,29,37.5,18.1,,F4320310040,False,73,87,2075,60.302954,37.7,37.5,38.551586
Common Fund,USA,476,178,129,37.4,27.1,,F4320338403,False,213,263,3690,178.0,37.4,,
"Office of Research Infrastructure Programs, National Institutes of Health",USA,262,98,41,37.4,15.6,,F4320337901,False,119,143,2552,98.0,37.4,,
Canadian Institute for Advanced Research,Canada,246,92,72,37.4,29.3,,F4320309949,False,116,130,6824,92.0,37.4,,
Westlake University,China,244,91,38,37.3,15.6,,F4320318567,False,149,95,1213,99.380349,40.7,39.597857,41.965046
Central European Institute of Technology,Czech Republic,124,46,9,37.1,7.3,,F4320323870,False,78,46,3106,46.0,37.1,37.096774,37.585966
Biocenter Finland,Finland,246,91,29,37.0,11.8,,F4320328139,False,149,97,1705,91.0,37.0,36.99187,37.322263
Österreichischen Akademie der Wissenschaften,Austria,195,72,45,36.9,23.1,,F4320321004,False,110,85,6832,72.0,36.9,,
Azrieli Foundation,Canada,130,48,28,36.9,21.5,,F4320323139,False,72,58,1474,48.0,36.9,36.923077,36.943968
Fondation ARC pour la Recherche sur le Cancer,France,272,100,37,36.8,13.6,,F4320322361,False,152,120,4370,106.576334,39.2,38.34742,40.203602
Alex's Lemonade Stand Foundation for Childhood Cancer,USA,136,50,29,36.8,21.3,,F4320306589,False,57,79,1636,50.0,36.8,,
Cancer Research Society,Canada,133,49,17,36.8,12.8,,F4320311169,False,63,70,2900,49.0,36.8,,
Genome British Columbia,Canada,114,42,15,36.8,13.2,,F4320319973,False,62,52,2247,46.771394,41.0,40.101591,42.028174
Human Frontier Science Program,France,237,87,70,36.7,29.5,,F4320320338,False,100,137,5053,98.887986,41.7,39.438127,44.155259
California Institute for Regenerative Medicine,USA,158,58,36,36.7,22.8,,F4320306171,False,69,89,2938,58.0,36.7,,
Leukemia and Lymphoma Society,USA,239,87,31,36.4,13.0,,F4320308295,False,121,118,6481,87.0,36.4,,
National Institute of Biological Resources,Korea,132,48,6,36.4,4.5,,F4320335066,False,57,75,2323,48.0,36.4,,
Oregon Health and Science University,USA,213,77,33,36.2,15.5,,F4320309233,False,99,114,2653,77.0,36.2,,
Biodiversa+,France,116,42,35,36.2,30.2,,F4320318789,False,64,52,2000,48.037954,41.4,39.95945,42.757429
"Division of Cancer Epidemiology and Genetics, National Cancer Institute",USA,180,65,34,36.1,18.9,,F4320338333,False,123,57,1772,65.666701,36.5,36.239188,36.832769
Kempe Foundation,USA,139,50,14,36.0,10.1,,F4320316838,False,76,63,3669,50.967784,36.7,35.971223,37.973659
Tartu Ülikool,EE,131,47,25,35.9,19.1,,F4320324717,False,74,57,2839,48.847457,37.3,36.256545,38.533308
"International Max Planck Research School for Environmental, Cellular and Molecular Microbiology",Germany,201,72,60,35.8,29.9,,F4320317967,False,119,82,4165,74.81555,37.2,36.269824,38.410495
John Templeton Foundation,USA,331,118,97,35.6,29.3,government,F4320306193,True,212,119,11373,125.135935,37.8,36.712903,39.004086
Akademie Věd České Republiky,Czech Republic,390,138,38,35.4,9.7,,F4320322482,False,210,180,14674,138.0,35.4,,
Melanoma Research Alliance,USA,144,51,26,35.4,18.1,,F4320308296,False,60,84,2215,51.0,35.4,,
Centro de Investigación Biomédica en Red de Cáncer,Spain,102,36,12,35.3,11.8,,F4320328325,False,66,36,950,36.0,35.3,,
Alliance de recherche numérique du Canada,Canada,265,93,78,35.1,29.4,,F4320331257,False,152,113,1713,97.934713,37.0,36.035519,37.95684
LEO Fondet,Denmark,114,40,11,35.1,9.6,,F4320327561,False,56,58,873,40.0,35.1,,
Compute Canada,Canada,111,39,35,35.1,31.5,,F4320314000,False,62,49,7492,42.033435,37.9,36.779161,38.994419
Chan Zuckerberg Initiative,USA,283,99,92,35.0,32.5,,F4320315474,False,115,168,2174,99.323903,35.1,34.982332,37.09614
Sight Research UK,UK,828,289,223,34.9,26.9,,F4320320022,False,484,344,73634,331.439747,40.0,38.788878,41.42882
"Institut National de Recherche pour l'Agriculture, l'Alimentation et l'Environnement",France,539,188,95,34.9,17.6,,F4320331560,False,326,213,4579,192.196062,35.7,34.879406,36.786054
International Max Planck Research School for Advanced Methods in Process and Systems Engineering,Germany,172,60,44,34.9,25.6,,F4320327553,False,104,68,3739,60.0,34.9,34.883721,36.304494
Silicon Valley Community Foundation,USA,197,68,77,34.5,39.1,,F4320306192,False,91,106,1457,68.0,34.5,,
National Computational Infrastructure,Australia,142,49,30,34.5,21.1,,F4320312169,False,81,61,4209,49.0,34.5,,
Foundation for Medical Research (France),France,871,300,143,34.4,16.4,,F4320321589,False,482,389,22878,305.597577,35.1,34.443169,36.021441
Cancer Prevention and Research Institute of Texas,USA,813,279,122,34.3,15.0,,F4320308129,False,367,446,10725,279.0,34.3,,
"Lineberger Comprehensive Cancer Center, University of North Carolina at Chapel Hill",USA,111,38,14,34.2,12.6,,F4320337594,False,57,54,1273,38.0,34.2,,
Princeton University,USA,206,70,52,34.0,25.2,,F4320309292,False,106,100,21058,76.430511,37.1,35.443361,38.918373
Max Planck Society,Germany,1583,537,380,33.9,24.0,philanthropy,F4320322434,True,856,727,43576,591.854059,37.4,35.935336,39.102836
DOD Prostate Cancer Research Program,USA,127,43,22,33.9,17.3,,F4320338485,False,54,73,1876,43.0,33.9,,
United States - Israel Binational Science Foundation,Israel,115,39,27,33.9,23.5,,F4320308960,False,72,43,2428,41.150301,35.8,34.780014,36.988672
Stockholms Universitet,Sweden,269,91,41,33.8,15.2,,F4320325669,False,199,70,7688,91.859211,34.1,33.828996,35.026356
Government of Canada,Canada,931,314,193,33.7,20.7,,F4320319880,False,658,273,13441,323.082582,34.7,34.2281,35.33278
Aix-Marseille Université,France,203,68,44,33.5,21.7,,F4320309911,False,119,84,4252,70.915306,34.9,34.314338,35.635557
China National Tobacco Corporation,China,176,59,11,33.5,6.2,,F4320325433,False,114,62,1291,63.047129,35.8,35.204819,36.487286
Breast Cancer Research Foundation,USA,366,121,67,33.1,18.3,government,F4320306260,True,215,151,5868,121.0,33.1,,
Medical Research Foundation,UK,181,60,40,33.1,22.1,government,F4320338126,True,116,65,1009,61.550053,34.0,33.506211,34.579684
Wilhelm Sander-Stiftung,Germany,136,45,12,33.1,8.8,,F4320310707,False,78,58,2280,46.196337,34.0,33.25619,34.874995
Arizona Biomedical Research Commission,USA,106,35,22,33.0,20.8,,F4320332140,False,60,46,2505,35.0,33.0,,
Northwest A and F University,China,106,35,6,33.0,5.7,,F4320324531,False,48,58,2444,35.0,33.0,,
"School of Medicine, Duke University",USA,103,34,16,33.0,15.5,,F4320332425,False,47,56,1039,34.0,33.0,,
Indian Agricultural Research Institute,India,100,33,6,33.0,6.0,,F4320323277,False,77,23,3177,33.0,33.0,,
U.S. Fish and Wildlife Service,USA,225,74,53,32.9,23.6,,F4320332182,False,134,91,21977,87.654442,39.0,37.81292,40.111713
Paul Scherrer Institut,Switzerland,174,57,15,32.8,8.6,,F4320322463,False,106,68,5065,57.909537,33.3,32.758621,34.515618
Israel Cancer Research Fund,USA,119,39,15,32.8,12.6,,F4320306740,False,61,58,3423,43.684378,36.7,35.278675,38.271365
Institute for Health Metrics and Evaluation,USA,245,80,15,32.7,6.1,,F4320315116,False,144,101,1083,83.206551,34.0,33.550237,34.570348
Julius-Maximilians-Universität Würzburg,Germany,196,64,34,32.7,17.3,,F4320325356,False,128,68,3855,64.488747,32.9,32.653061,33.725855
Université de Lille,France,107,35,10,32.7,9.3,,F4320316137,False,59,48,2984,35.069205,32.8,32.71028,33.778325
National Oceanic and Atmospheric Administration,USA,424,138,110,32.5,25.9,,F4320332181,False,263,161,76185,149.070075,35.2,33.754857,36.648792
University of Connecticut,USA,151,49,35,32.5,23.2,,F4320310017,False,85,66,10368,49.0,32.5,,
Eötvös Loránd Tudományegyetem,HU,179,58,36,32.4,20.1,,F4320326124,False,138,41,3334,60.646094,33.9,33.482802,34.335182
Cancer Research UK,UK,2213,715,423,32.3,19.1,philanthropy,F4320319985,True,1079,1134,35992,715.0,32.3,,
RIKEN,Japan,496,160,82,32.3,16.5,government,F4320335125,True,301,195,19613,168.25674,33.9,32.990129,34.958788
Fundación Bancaria Caixa d'Estalvis i Pensions de Barcelona,Spain,257,83,53,32.3,20.6,,F4320330256,False,161,96,2228,83.104536,32.3,32.29572,32.960032
Parker Institute for Cancer Immunotherapy,USA,127,41,23,32.3,18.1,,F4320315119,False,48,79,1284,41.561625,32.7,32.283465,33.657136
Uehara Memorial Foundation,Japan,314,101,33,32.2,10.5,government,F4320310760,True,177,137,8787,101.0,32.2,,
Sveriges Lantbruksuniversitet,Sweden,236,76,28,32.2,11.9,,F4320322582,False,190,46,6392,80.586503,34.1,33.645158,34.71067
Weizmann Institute of Science,Israel,168,54,27,32.1,16.1,,F4320320946,False,80,88,4923,59.258445,35.3,34.064644,36.742599
Fred Hutchinson Cancer Research Center,USA,178,57,40,32.0,22.5,,F4320308793,False,79,99,1776,57.0,32.0,,
Ministerium für Kultur und Wissenschaft des Landes Nordrhein-Westfalen,Germany,103,33,12,32.0,11.7,,F4320328599,False,58,45,892,33.0,32.0,,
Susan G. Komen,USA,100,32,17,32.0,17.0,,F4320311413,False,66,34,2894,32.0,32.0,,
École Polytechnique Fédérale de Lausanne,Switzerland,360,115,71,31.9,19.7,,F4320320915,False,207,153,12125,123.400005,34.3,33.299278,35.556303
Carlsbergfondet,Denmark,185,59,36,31.9,19.5,,F4320321504,False,94,91,4118,68.352716,36.9,35.402397,38.833272
Novartis Foundation,Switzerland,166,53,27,31.9,16.3,,F4320310389,False,83,83,3742,53.0,31.9,,
Leibniz-Gemeinschaft,Germany,727,231,113,31.8,15.5,,F4320334763,False,415,312,22932,247.069548,34.0,32.997703,35.133624
David and Lucile Packard Foundation,USA,151,48,38,31.8,25.2,,F4320306079,False,76,75,8446,51.08077,33.8,32.53892,35.294346
American Association for Cancer Research,USA,145,46,34,31.7,23.4,,F4320306091,False,61,84,2649,46.0,31.7,,
Mochida Memorial Foundation for Medical and Pharmaceutical Research,Japan,145,46,13,31.7,9.0,,F4320323467,False,90,55,2555,46.0,31.7,,
National Park Service,USA,104,33,28,31.7,26.9,,F4320332542,False,65,39,12875,35.235327,33.9,32.868725,34.973595
China Agricultural University,China,661,209,57,31.6,8.6,,F4320321131,False,375,286,6354,222.952434,33.7,32.437458,35.227848
South China Agricultural University,China,193,61,11,31.6,5.7,,F4320327658,False,114,79,1915,63.30475,32.8,31.606218,34.458468
Universität Konstanz,Germany,111,35,27,31.5,24.3,,F4320326505,False,75,36,3230,38.853866,35.0,34.128777,35.94664
Knut och Alice Wallenbergs Stiftelse,Sweden,1209,380,241,31.4,19.9,,F4320322327,False,659,550,27464,403.768666,33.4,32.310518,34.721966
Fondation Leducq,France,319,100,65,31.3,20.4,,F4320320890,False,142,177,5314,100.0,31.3,,
University of Chicago,USA,281,88,55,31.3,19.6,,F4320309626,False,155,126,20956,92.563725,32.9,31.913526,34.174836
Deutschen Konsortium für Translationale Krebsforschung,Germany,170,53,32,31.2,18.8,,F4320327569,False,102,68,1307,57.078082,33.6,32.898397,34.435179
Sahlgrenska Akademin,Sweden,128,40,13,31.2,10.2,,F4320335047,False,68,60,1658,40.0,31.2,,
Crohn's and Colitis Foundation,USA,125,39,14,31.2,11.2,,F4320312926,False,63,62,2470,39.654763,31.7,31.323842,32.206019
National Science Foundation of Sri Lanka,LK,183,57,42,31.1,23.0,,F4320335353,False,81,102,15789,69.263266,37.8,36.547197,39.297985
Foundation for the National Institutes of Health,USA,970,301,225,31.0,23.2,,F4320306080,False,592,378,19640,303.867544,31.3,31.030928,32.182599
Fondazione Telethon,Italy,145,45,18,31.0,12.4,,F4320321179,False,67,78,3146,45.0,31.0,31.034483,31.6994
Alvin J. Siteman Cancer Center,USA,110,34,18,30.9,16.4,,F4320315130,False,45,65,1533,34.0,30.9,,
Cancer Research Institute,USA,273,84,49,30.8,17.9,government,F4320306155,True,132,141,8614,84.0,30.8,,
Eidgenössische Technische Hochschule Zürich,Switzerland,766,235,153,30.7,20.0,,F4320321652,False,478,288,24083,263.118088,34.3,33.477112,35.490042
Southern University of Science and Technology,China,307,94,25,30.6,8.1,,F4320327605,False,184,123,3115,97.679825,31.8,30.853252,33.010233
Nanjing Agricultural University,China,291,89,17,30.6,5.8,,F4320325211,False,191,100,3029,99.047365,34.0,33.005194,35.228651
Agriculture and Agri-Food Canada,Canada,200,61,11,30.5,5.5,,F4320334595,False,119,81,9351,65.616478,32.8,32.000701,33.764139
University of Dundee,UK,174,53,21,30.5,12.1,,F4320310838,False,83,91,4866,53.0,30.5,,
American Cancer Society,USA,588,179,72,30.4,12.2,government,F4320306095,True,266,322,30330,179.0,30.4,,
Université de Fribourg,Switzerland,102,31,12,30.4,11.8,,F4320323471,False,62,40,2325,34.371366,33.7,32.985346,34.618655
Studienstiftung des Deutschen Volkes,Germany,195,59,32,30.3,16.4,,F4320322572,False,110,85,8688,64.038617,32.8,31.593034,34.234704
University of Georgia,USA,129,39,13,30.2,10.1,,F4320310010,False,60,69,8899,40.87828,31.7,30.744677,32.799736
"Grantová Agentura, Univerzita Karlova",Czech Republic,153,46,27,30.1,17.6,,F4320309872,False,92,61,2978,46.0,30.1,,
Fondazione Umberto Veronesi,Italy,133,40,12,30.1,9.0,,F4320322823,False,83,50,2063,40.0,30.1,,
Ligue Contre le Cancer,France,473,142,45,30.0,9.5,,F4320322363,False,280,193,14492,142.845936,30.2,30.021142,31.020937
Danmarks Grundforskningsfond,Denmark,407,122,98,30.0,24.1,,F4320320943,False,240,167,19702,136.407675,33.5,32.583738,34.599725
Villum Fonden,Denmark,341,102,75,29.9,22.0,,F4320310490,False,204,137,11236,112.852214,33.1,32.085297,34.253967
Simons Foundation,USA,544,162,148,29.8,27.2,government,F4320306164,True,290,254,21577,186.740856,34.3,32.501715,36.22625
Fundación Científica Asociación Española Contra el Cáncer,Spain,198,59,17,29.8,8.6,,F4320321411,False,100,98,1549,59.0,29.8,,
Barncancerfonden,Sweden,158,47,24,29.7,15.2,,F4320323766,False,83,75,2291,49.831799,31.5,30.625232,32.851269
Agence Nationale de la Recherche,France,5997,1778,1051,29.6,17.5,government,F4320320883,True,3559,2438,175871,1873.067762,31.2,30.374144,32.255615
Czech Science Foundation,Czech Republic,1356,402,158,29.6,11.7,government,F4320321006,True,768,588,71628,404.938385,29.9,29.646018,31.104442
Syöpäsäätiö,Finland,162,48,18,29.6,11.1,,F4320326591,False,90,72,738,48.303719,29.8,29.62963,30.680501
New York University Abu Dhabi,AE,125,37,14,29.6,11.2,,F4320313203,False,66,59,2177,43.991068,35.2,34.089261,36.444506
Centre National de la Recherche Scientifique,France,1998,587,312,29.4,15.6,government,F4320322892,True,1150,848,147508,608.35371,30.4,29.542866,31.523378
Tsinghua University,China,670,197,64,29.4,9.6,,F4320322392,False,400,270,20247,216.435275,32.3,31.454861,33.271145
Prostate Cancer Foundation,USA,248,73,39,29.4,15.7,government,F4320306163,True,113,135,4062,73.0,29.4,,
Naito Foundation,Japan,211,62,21,29.4,10.0,,F4320309785,False,119,92,5582,71.448928,33.9,32.682596,35.280297
Intramural Research Program,USA,143,42,15,29.4,10.5,,F8394932145,False,96,47,1423,42.0,29.4,29.370629,29.898275
National Supercomputing Centre Singapore,Singapore,109,32,27,29.4,24.8,,F4320331617,False,77,32,2208,32.0,29.4,29.357798,29.63456
University of Texas Southwestern Medical Center,USA,351,103,40,29.3,11.4,,F4320310169,False,134,217,5175,103.0,29.3,,
Freie Universität Berlin,Germany,264,77,39,29.2,14.8,,F4320324521,False,165,99,6710,81.48838,30.9,29.91578,32.048946
Helmholtz Association,Germany,1586,461,247,29.1,15.6,government,F4320325698,True,908,678,56429,474.381791,29.9,29.071021,30.991921
Université de Strasbourg,France,220,64,29,29.1,13.2,,F4320322147,False,124,96,4997,69.093082,31.4,30.386726,32.659545
NHLBI Division of Intramural Research,USA,697,202,80,29.0,11.5,,F4320338421,False,410,287,5188,205.267083,29.5,28.981349,30.03035
Canada First Research Excellence Fund,Canada,334,97,76,29.0,22.8,government,F4320326644,True,184,150,5461,97.0,29.0,29.041916,29.375604
Agentschap Innoveren en Ondernemen,Belgium,162,47,28,29.0,17.3,,F4320313460,False,93,69,3815,47.0,29.0,29.012346,29.518696
Humboldt-Universität zu Berlin,Germany,100,29,22,29.0,22.0,,F4320323700,False,77,23,2828,29.806995,29.8,29.498968,30.243185
California Institute of Technology,USA,318,92,68,28.9,21.4,,F4320309398,False,169,149,39034,102.002398,32.1,30.57894,33.801758
Simons Foundation Autism Research Initiative,USA,218,63,61,28.9,28.0,,F4320315019,False,113,105,2213,63.0,28.9,,
Carnegie Mellon University,USA,121,35,23,28.9,19.0,,F4320310207,False,62,59,10578,37.216741,30.8,29.835858,31.864709
Minerva Foundation,Germany,121,35,20,28.9,16.5,,F4320320878,False,68,53,3754,38.045176,31.4,30.365667,32.646746
Institut National Du Cancer,France,539,155,78,28.8,14.5,,F4320323807,False,294,245,12506,156.632056,29.1,28.756957,30.043572
Royal Society Te Apārangi,New Zealand,198,57,46,28.8,23.2,,F4320320774,False,124,74,6983,62.116212,31.4,30.567665,32.337954
National Natural Science Foundation of China-Yunnan Joint Fund,China,160,46,17,28.8,10.6,,F4320335595,False,129,31,3159,49.330515,30.8,30.356046,31.388528
University of Colorado Boulder,USA,156,45,42,28.8,26.9,,F4320332538,False,76,80,6132,48.265066,30.9,29.903585,32.046026
Heinrich-Heine-Universität Düsseldorf,Germany,139,40,20,28.8,14.4,,F4320321951,False,94,45,1487,40.0,28.8,,
Chinese Academy of Agricultural Sciences,China,1193,342,67,28.7,5.6,,F4320323155,False,716,477,16799,356.219283,29.9,28.905415,30.970867
Earmarked Fund for China Agriculture Research System,China,443,127,14,28.7,3.2,,F4320335447,False,218,225,5712,143.977136,32.5,31.180758,34.155641
"Division of Microbiology and Infectious Diseases, National Institute of Allergy and Infectious Diseases",USA,247,71,27,28.7,10.9,,F4320338412,False,108,139,1531,76.839387,31.1,29.595807,32.8148
"Koch Institute for Integrative Cancer Research, Massachusetts Institute of Technology",USA,223,64,34,28.7,15.2,,F4320316943,False,95,128,2376,64.0,28.7,28.699552,29.415362
Fundação Bial,Portugal,115,33,26,28.7,22.6,,F4320323074,False,77,38,1720,34.893718,30.3,29.651406,31.131758
Swiss National Science Foundation,Switzerland,5600,1599,1045,28.6,18.7,government,F4320320924,True,3303,2297,179220,1722.36283,30.8,29.983091,31.740824
Nuclear Safety and Security Commission,Korea,560,160,113,28.6,20.2,,F4320322037,False,381,179,11896,185.841159,33.2,32.270312,34.192588
Gordon and Betty Moore Foundation,USA,559,159,117,28.4,20.9,,F4320306202,False,299,260,17068,182.315517,32.6,31.290803,34.118234
Université de Montpellier,France,176,50,30,28.4,17.0,,F4320324952,False,96,80,3415,55.660562,31.6,30.713941,32.754896
Moonshot Research and Development Program,Japan,499,141,83,28.3,16.6,,F4320338247,False,293,206,2713,146.76847,29.4,28.62186,30.410163
Battelle,USA,314,89,60,28.3,19.1,,F4320306250,False,191,123,18467,95.37584,30.4,29.665843,31.234457
"University of California, Santa Barbara",USA,166,47,27,28.3,16.3,,F4320332500,False,80,86,9072,51.876766,31.3,30.11979,32.561901
Veterinärmedizinische Universität Wien,Austria,127,36,10,28.3,7.9,,F4320325611,False,75,52,1121,36.0,28.3,28.346457,28.625977
University of Texas at Austin,USA,245,69,44,28.2,18.0,,F4320310620,False,118,127,14096,70.254598,28.7,28.163265,29.700099
"Central Public-interest Scientific Institution Basal Research Fund, Chinese Academy of Fishery Sciences",China,303,85,6,28.1,2.0,,F4320338141,False,141,162,2212,87.488295,28.9,28.137527,29.707392
"Institute of Zoology, Chinese Academy of Sciences",China,121,34,15,28.1,12.4,,F4320335645,False,67,54,823,44.442874,36.7,34.89686,38.665361
Consejo Superior de Investigaciones Científicas,Spain,460,129,49,28.0,10.7,,F4320334857,False,285,175,13221,135.510902,29.5,28.688159,30.429726
Universität Potsdam,Germany,107,30,21,28.0,19.6,,F4320322480,False,70,37,2766,32.599371,30.5,29.790928,31.249938
Sigrid Juselius Foundation (Finland),Finland,451,126,61,27.9,13.5,,F4320323760,False,237,214,5096,126.0,27.9,,
Trond Mohn stiftelse,Norway,140,39,42,27.9,30.0,,F4320316417,False,77,63,1167,39.0,27.9,27.857143,27.9122
Norges Miljø- og Biovitenskapelige Universitet,Norway,111,31,18,27.9,16.2,,F4320324888,False,72,39,3002,33.039615,29.8,29.447628,30.091581
Science and Technology Research Partnership for Sustainable Development,Japan,111,31,4,27.9,3.6,,F4320338125,False,59,52,3046,31.0,27.9,,
Associazione Italiana per la Ricerca sul Cancro,Italy,1073,298,116,27.8,10.8,philanthropy,F4320323054,True,614,459,26921,300.84919,28.0,27.7726,28.748004
Biomedical Research Council,Singapore,133,37,16,27.8,12.0,,F4320335846,False,66,67,4250,37.0,27.8,,
Agricultural Science and Technology Innovation Program,China,719,199,38,27.7,5.3,,F4320335848,False,414,305,6350,212.418631,29.5,28.58292,30.675409
Israel Science Foundation,Israel,1298,358,233,27.6,18.0,government,F4320322252,True,730,568,53043,408.233247,31.5,30.27298,32.806021
Government of Ontario,Canada,217,60,43,27.6,19.8,,F4320314607,False,116,101,5137,60.332962,27.8,27.64977,28.334412
Universität für Bodenkultur Wien,Austria,123,34,13,27.6,10.6,,F4320323821,False,69,54,2198,38.71147,31.5,30.668209,32.415438
Oregon State University,USA,160,44,19,27.5,11.9,,F4320311401,False,82,78,10359,44.084793,27.6,27.5,28.543703
Université Catholique de Louvain,Belgium,120,33,15,27.5,12.5,,F4320309729,False,74,46,2724,33.0,27.5,,
Korea Institute of Science and Technology Information,Korea,102,28,11,27.5,10.8,,F4320322105,False,66,36,3957,28.290221,27.7,27.45098,28.662206
United States Department of Agriculture,USA,4329,1186,566,27.4,13.1,government,F4320306114,True,2364,1965,288952,1280.529475,29.6,28.59674,30.726671
Academy of Medical Sciences,UK,332,91,56,27.4,16.9,,F4320320241,False,175,157,7178,91.0,27.4,,
Institut Universitaire de France,France,168,46,23,27.4,13.7,,F4320322893,False,91,77,5921,47.469054,28.3,27.380952,30.321629
University of St Andrews,UK,124,34,18,27.4,14.5,,F4320320278,False,73,51,4838,41.781828,33.7,32.572978,35.066097
Indian Council of Agricultural Research,India,532,145,25,27.3,4.7,,F4320320769,False,376,156,21520,147.508949,27.7,27.255639,28.254503
Universität zu Köln,Germany,245,67,34,27.3,13.9,,F4320324811,False,160,85,6106,68.274278,27.9,27.380694,28.540671
"University of California, Davis",USA,661,180,101,27.2,15.3,,F4320332564,False,329,332,21923,190.293707,28.8,27.922473,29.850633
Fundación Ramón Areces,Spain,151,41,13,27.2,8.6,,F4320310214,False,85,66,4233,47.795587,31.7,30.815679,32.600581
Fisheries and Oceans Canada,Canada,103,28,35,27.2,34.0,,F4320334596,False,68,35,4487,33.418369,32.4,31.279968,33.712664
University of Wisconsin Carbone Cancer Center,USA,103,28,19,27.2,18.4,,F4320310176,False,44,59,1029,28.271197,27.4,27.184466,28.314108
Fonds De La Recherche Scientifique - FNRS,Belgium,691,187,115,27.1,16.6,,F4320321390,False,390,301,32340,187.0,27.1,27.062229,27.859359
Takeda Science Foundation,Japan,668,181,50,27.1,7.5,government,F4320309807,True,354,314,12442,188.897274,28.3,27.299453,29.443148
ShanghaiTech University,China,210,57,18,27.1,8.6,,F4320327675,False,121,89,2031,62.481352,29.8,28.727632,31.042405
Austrian Science Fund,Austria,1918,518,284,27.0,14.8,government,F4320321181,True,1095,823,69316,546.424825,28.5,27.64473,29.503101
Svenska Sällskapet för Medicinsk Forskning,Sweden,226,61,20,27.0,8.8,,F4320322128,False,133,93,4040,61.406809,27.2,26.99115,27.850585
Chinese Academy of Sciences,China,3993,1074,355,26.9,8.9,,F4320321133,False,2334,1659,162479,1188.968911,29.8,28.668016,31.040791
University of Exeter,UK,268,72,42,26.9,15.7,,F4320320275,False,133,135,7211,76.035134,28.4,27.551423,29.425309
Fondazione AIRC per la ricerca sul cancro ETS,Italy,219,59,21,26.9,9.6,,F3151377329,False,107,112,1066,59.0,26.9,,
Wellcome Trust,UK,8809,2360,1630,26.8,18.5,philanthropy,F4320311904,True,4384,4425,172391,2439.267949,27.7,27.056653,28.520625
National Postdoctoral Program for Innovative Talents,China,254,68,25,26.8,9.8,,F4320335768,False,150,104,6585,77.523521,30.5,29.393193,31.816674
Universität Hamburg,Germany,183,49,38,26.8,20.8,,F4320323381,False,124,59,6557,52.673011,28.8,28.103774,29.638096
Georg-August-Universität Göttingen,Germany,179,48,28,26.8,15.6,,F4320321870,False,127,52,4418,52.241662,29.2,28.36004,30.103898
Guangdong Academy of Agricultural Sciences,China,157,42,6,26.8,3.8,,F4320329840,False,82,75,943,44.723286,28.5,27.489346,29.663839
Direction Générale de l’offre de Soins,France,153,41,18,26.8,11.8,,F4320325668,False,84,69,1722,43.892204,28.7,27.878943,29.892033
Harvard University,USA,561,150,104,26.7,18.5,,F4320309622,False,268,293,33186,156.0649,27.8,26.956243,28.894327
Fundacja na rzecz Nauki Polskiej,Poland,270,72,29,26.7,10.7,,F4320321042,False,138,132,13358,72.0,26.7,26.666667,27.301333
Leverhulme Trust,UK,955,254,181,26.6,19.0,government,F4320319993,True,495,460,41687,303.785397,31.8,30.532827,33.310344
Arizona State University,USA,203,54,29,26.6,14.3,,F4320309835,False,95,108,13047,56.284132,27.7,26.600985,29.215581
Deutsches Zentrum für Infektionsforschung,Germany,291,77,26,26.5,8.9,,F4320311052,False,132,159,2709,81.82699,28.1,27.293701,29.040809
Iowa State University,USA,275,73,34,26.5,12.4,,F4320311090,False,144,131,18702,78.05533,28.4,27.231263,29.760516
Ministère de l'Enseignement Supérieur et de la Recherche,France,117,31,19,26.5,16.2,,F4320322890,False,71,46,5247,31.0,26.5,26.495726,26.583495
Australian Centre for International Agricultural Research,Australia,102,27,17,26.5,16.7,,F4320334709,False,63,39,6663,29.376804,28.8,28.329682,29.309581
Deutsche Krebshilfe,Germany,557,147,75,26.4,13.5,,F4320323556,False,329,228,11488,149.224834,26.8,26.391382,27.42112
Volkswagen Foundation,Germany,397,105,77,26.4,19.4,government,F4320320882,True,218,179,15007,115.925449,29.2,28.069479,30.553363
Alfred P. Sloan Foundation,USA,414,109,110,26.3,26.6,,F4320306151,False,204,210,29112,123.538153,29.8,28.466131,31.386097
Fujian Agriculture and Forestry University,China,266,70,5,26.3,1.9,,F4320325353,False,157,109,2914,78.238068,29.4,28.541672,30.40948
Innovative Medicines Initiative,Belgium,247,65,42,26.3,17.0,,F4320326631,False,124,123,5169,68.23282,27.6,26.90363,28.65076
Janssen Biotech,USA,137,36,20,26.3,14.6,,F4320337449,False,67,70,866,36.0,26.3,,
Natural Science Foundation of Yunnan Province,China,118,31,8,26.3,6.8,,F4320323193,False,65,53,3691,34.01797,28.8,27.603595,30.124005
Academia Sinica,Taiwan,526,138,47,26.2,8.9,,F4320321041,False,273,253,17024,148.238364,28.2,27.022723,29.717643
Fondation de France,France,206,54,32,26.2,15.5,,F4320322646,False,113,93,5907,57.156843,27.7,27.167782,28.594095
Florida Department of Health,USA,195,51,26,26.2,13.3,,F4320309360,False,81,114,2189,51.676782,26.5,26.153846,27.495485
Carl Tryggers Stiftelse för Vetenskaplig Forskning,Sweden,126,33,19,26.2,15.1,,F4320321501,False,60,66,3636,43.034807,34.2,32.497491,36.092315
Deutsche Forschungsgemeinschaft,Germany,14292,3731,2179,26.1,15.2,government,F4320320879,True,8198,6094,602570,3988.888937,27.9,27.017236,28.99221
Université de Lausanne,Switzerland,491,128,78,26.1,15.9,,F4320323831,False,352,139,6607,128.932313,26.3,26.069246,26.773473
Muscular Dystrophy Association,USA,165,43,25,26.1,15.2,,F4320308306,False,75,90,8225,43.0,26.1,,
Swedish Cancer Foundation,Sweden,138,36,16,26.1,11.6,,F4320313607,False,73,65,3898,36.0,26.1,,
"Anschutz Medical Campus, University of Colorado",USA,119,31,14,26.1,11.8,,F4320333634,False,48,71,925,31.0,26.1,,
Eesti Teadusagentuur,EE,346,90,52,26.0,15.0,,F4320321090,False,193,153,9578,97.261638,28.1,27.307112,29.104001
The Wellcome Trust DBT India Alliance,India,304,79,38,26.0,12.5,,F4320325580,False,157,147,3266,90.123486,29.6,29.013747,30.469169
"Ministerio de Asuntos Económicos y Transformación Digital, Gobierno de España",Spain,208,54,26,26.0,12.5,,F4320326262,False,113,95,19038,54.0,26.0,,
Fondazione Italiana per la Ricerca sul Cancro,Italy,123,32,7,26.0,5.7,,F4320324143,False,71,52,2980,32.601715,26.5,26.028915,26.98873
Fudan University,China,1208,312,98,25.8,8.1,,F4320321851,False,732,476,13620,325.866217,27.0,26.34544,27.829464
Michael J. Fox Foundation for Parkinson's Research,USA,492,127,97,25.8,19.7,,F4320306136,False,266,226,5377,127.0,25.8,,
Inner Mongolia Agricultural University,China,120,31,6,25.8,5.0,,F4320327290,False,74,46,1142,33.83881,28.2,27.448324,29.077782
"University of California, San Diego",USA,972,250,149,25.7,15.3,,F4320332603,False,443,529,23823,257.751586,26.5,25.720165,27.601585
Universiteit Gent,Belgium,548,141,62,25.7,11.3,,F4320322603,False,322,226,19381,145.529867,26.6,25.800894,27.523275
Leona M. and Harry B. Helmsley Charitable Trust,USA,288,74,60,25.7,20.8,,F4320309446,False,149,139,4049,78.93813,27.4,26.855391,28.243525
National Key Research and Development Program of China Stem Cell and Translational Research,China,245,63,16,25.7,6.5,,F4320336026,False,43,202,11169,63.0,25.7,,
Grand Équipement National De Calcul Intensif,France,175,45,35,25.7,20.0,,F4320326256,False,102,73,6296,50.215662,28.7,27.720109,29.938338
Australian Nuclear Science and Technology Organisation,Australia,148,38,6,25.7,4.1,,F4320310340,False,69,79,3454,39.087721,26.4,25.675676,27.970906
National Institute of Health and Medical Research (INSERM),France,1643,421,215,25.6,13.1,,F4320320893,False,898,745,43304,435.83741,26.5,25.830084,27.379819
Lundbeckfonden,Denmark,657,168,119,25.6,18.1,,F4320321999,False,372,285,14521,176.888852,26.9,26.268629,27.784576
Jane ja Aatos Erkon Säätiö,Finland,348,89,45,25.6,12.9,,F4320322282,False,190,158,4156,94.674941,27.2,26.530137,28.134
Masarykova Univerzita,Czech Republic,211,54,23,25.6,10.9,,F4320326548,False,135,76,3968,54.0,25.6,,
University of Florida,USA,168,43,22,25.6,13.1,,F4320310009,False,68,100,15732,43.0,25.6,25.595238,25.869878
Beijing Academy of Agricultural and Forestry Sciences,China,156,40,6,25.6,3.8,,F4320324784,False,93,63,1466,47.282687,30.3,29.585464,31.1779
W. M. Keck Foundation,USA,156,40,28,25.6,17.9,,F4320306159,False,68,88,9857,45.122678,28.9,27.716243,30.221317
McDonnell Center for Systems Neuroscience,USA,188,48,64,25.5,34.0,,F4320332884,False,84,104,2018,53.174883,28.3,27.456361,29.214393
Dartmouth College,USA,232,59,39,25.4,16.8,,F4320310400,False,109,123,8989,64.527783,27.8,26.967355,28.79329
Jet Propulsion Laboratory,USA,114,29,21,25.4,18.4,,F4320332375,False,74,40,30009,35.960528,31.5,30.457507,32.823255
Marsden Fund,New Zealand,162,41,31,25.3,19.1,,F4320335369,False,94,68,8044,45.632225,28.2,27.017045,29.506174
Novo Nordisk Foundation,Denmark,2465,622,381,25.2,15.5,government,F4320325957,True,1333,1132,22765,648.50993,26.3,25.583739,27.261826
Department of Biotechnology,India,1116,281,103,25.2,9.2,government,F4320320717,True,602,514,33083,300.91075,27.0,26.380748,27.66196
Commonwealth Scientific and Industrial Research Organisation,Australia,310,78,47,25.2,15.2,,F4320320386,False,180,130,31706,91.014522,29.4,28.447037,30.410314
"Canada Excellence Research Chairs, Government of Canada",Canada,111,28,20,25.2,18.0,,F4320321481,False,57,54,3852,28.050838,25.3,25.225225,25.926706
"High Magnetic Field Laboratory, Chinese Academy of Sciences",China,107,27,7,25.2,6.5,,F4320338097,False,67,40,0,29.165747,27.3,26.127001,28.619513
Shandong Academy of Agricultural Sciences,China,107,27,1,25.2,0.9,,F4320328723,False,53,54,874,30.240389,28.3,26.871991,30.006799
Guangdong Academy of Sciences,China,103,26,0,25.2,0.0,,F4320335357,False,51,52,3159,29.197419,28.3,26.914619,30.046988
Business Finland,Finland,191,48,30,25.1,15.7,,F4320328501,False,99,92,3959,48.0,25.1,,
National Science Foundation,USA,25256,6314,4390,25.0,17.4,government,F4320306076,True,13085,12171,1909183,7089.526954,28.1,26.974351,29.353812
Yale University,USA,1046,261,169,25.0,16.2,,F4320308380,False,473,573,40066,264.202278,25.3,24.952199,26.087891
European Federation of Pharmaceutical Industries and Associations,Belgium,511,128,90,25.0,17.6,,F4320314178,False,269,242,5400,134.183368,26.3,25.672194,27.141603
Welch Foundation,USA,509,127,43,25.0,8.4,government,F4320306196,True,220,289,28057,153.113109,30.1,28.304076,32.047844
Jiangsu Agricultural Science and Technology Innovation Fund,China,192,48,10,25.0,5.2,,F4320309870,False,98,94,3376,50.80453,26.5,25.376469,27.839076
Swiss Cancer Research Foundation,Switzerland,144,36,24,25.0,16.7,,F4320327941,False,71,73,1249,38.587012,26.8,26.080692,27.830078
Technische Universität Berlin,Germany,108,27,14,25.0,13.0,,F4320324094,False,68,40,5322,29.136642,27.0,26.041908,28.219269
UT-Battelle,USA,104,26,15,25.0,14.4,,F4320316892,False,59,45,4019,29.601555,28.5,27.970047,29.123243
University of the Philippines,PH,100,25,9,25.0,9.0,,F4320324410,False,38,62,2879,26.294619,26.3,25.332078,27.550633
"University of California, San Francisco",USA,1279,319,177,24.9,13.8,,F4320332622,False,570,709,21968,319.0,24.9,24.94136,24.952144
Yunnan University,China,185,46,15,24.9,8.1,,F4320324731,False,97,88,3193,50.687997,27.4,26.353314,28.521535
Chinese Universities Scientific Fund,China,129,32,5,24.8,3.9,,F4320334997,False,66,63,3564,38.417972,29.8,28.414245,31.382806
Murdoch University,Australia,101,25,12,24.8,11.9,,F4320320989,False,50,51,4265,25.556501,25.3,24.752475,26.456591
National Aeronautics and Space Administration,USA,1319,326,235,24.7,17.8,,F4320306101,False,846,473,258192,392.101535,29.7,28.75466,30.833927
Rosetrees Trust,UK,401,99,64,24.7,16.0,government,F4320320320,True,189,212,3990,104.839482,26.1,25.467416,27.018011
"Ministry of Education, Youth and Sports (Czech Republic)",Czech Republic,1017,250,88,24.6,8.7,,F4320321005,False,523,494,34904,250.186458,24.6,24.582104,25.904164
Nvidia,USA,191,47,73,24.6,38.2,,F4320309480,False,121,70,12966,47.0,24.6,,
Key Research and Development Program of Jiangxi Province,China,118,29,0,24.6,0.0,,F4320327780,False,54,64,2250,29.0,24.6,,
Youth Innovation Promotion Association,China,625,153,77,24.5,12.3,government,F4320335892,True,400,225,11182,173.31843,27.7,26.755543,28.833036
Precursory Research for Embryonic Science and Technology,Japan,387,95,48,24.5,12.4,,F4320338111,False,223,164,11372,109.448455,28.3,27.068271,29.742059
Exploratory Research for Advanced Technology,Japan,163,40,20,24.5,12.3,,F4320338112,False,99,64,4144,47.33116,29.0,27.909714,30.358896
Infrastruktura PL-Grid,Poland,163,40,12,24.5,7.4,,F4320326815,False,84,79,2287,40.0,24.5,,
Academy of Finland,Finland,1318,321,190,24.4,14.4,,F4320321108,False,727,591,68020,339.505918,25.8,24.86404,26.932556
Danmarks Frie Forskningsfond,Denmark,369,90,55,24.4,14.9,,F4320322928,False,190,179,14610,104.90388,28.4,27.443609,29.780327
Fonds de recherche du Québec – Nature et technologies,Canada,307,75,60,24.4,19.5,,F4320334841,False,179,128,9211,89.616045,29.2,28.499619,30.082296
Modern Agricultural Technology Industry System of Shandong province,China,254,62,6,24.4,2.4,,F4320336332,False,128,126,1463,74.446954,29.3,28.022172,30.965938
Multidisciplinary University Research Initiative,USA,250,61,50,24.4,20.0,,F4320333591,False,168,82,15411,68.73005,27.5,26.487638,28.667322
Université de Bordeaux,France,234,57,43,24.4,18.4,,F4320323712,False,146,88,4784,57.0,24.4,24.358974,24.441215
Agencia Nacional de Investigación e Innovación,UY,123,30,5,24.4,4.1,,F4320310753,False,62,61,4753,34.741602,28.2,27.500546,29.056239
Institut Gustave-Roussy,France,123,30,17,24.4,13.8,,F4320324826,False,63,60,2061,30.0,24.4,,
King Abdullah University of Science and Technology,Saudi Arabia,457,111,74,24.3,16.2,,F4320322320,False,264,193,16382,126.299614,27.6,26.567485,28.97036
University of Missouri,USA,247,60,30,24.3,12.1,,F4320309568,False,117,130,15565,60.0,24.3,24.291498,25.157294
Barts Charity,UK,227,55,33,24.2,14.5,,F4320315977,False,104,123,1040,57.06235,25.1,24.747247,25.901653
Medizinischen Hochschule Hannover,Germany,194,47,15,24.2,7.7,,F4320323326,False,103,91,2545,49.233648,25.4,24.896024,25.930374
Sun Yat-sen University Cancer Center,China,165,40,22,24.2,13.3,,F4320336632,False,92,73,1082,42.143719,25.5,24.799853,26.435375
University of California,USA,132,32,28,24.2,21.2,,F4320308590,False,50,82,3966,36.53172,27.7,27.140726,28.369822
Feinberg School of Medicine,USA,124,30,10,24.2,8.1,,F4320332649,False,51,73,1508,30.0,24.2,,
Goddard Space Flight Center,USA,124,30,14,24.2,11.3,,F4320332377,False,79,45,28156,33.527664,27.0,26.265877,27.950591
Qingdao Agricultural University,China,120,29,1,24.2,0.8,,F4320313890,False,77,43,1249,33.20894,27.7,26.774823,28.870321
Department of Energy,USA,5788,1393,730,24.1,12.6,government,F4320306084,True,3048,2740,976179,1560.581083,27.0,25.722154,28.454515
Albert-Ludwigs-Universität Freiburg,Germany,390,94,36,24.1,9.2,,F4320321421,False,229,161,5604,94.0,24.1,24.102564,24.706333
Stony Brook University,USA,166,40,21,24.1,12.7,,F4320331904,False,83,83,4628,43.945895,26.5,25.89836,27.154799
Shihezi University,China,162,39,3,24.1,1.9,,F4320322542,False,108,54,1849,44.830748,27.7,27.157659,28.269952
Belgian Federal Science Policy Office,Belgium,116,28,23,24.1,19.8,,F4320321454,False,79,37,12336,31.959312,27.6,26.748338,28.516474
Kreftforeningen,Norway,116,28,18,24.1,15.5,,F4320310758,False,65,51,5749,28.675949,24.7,24.137931,25.550993
McGill University,Canada,764,183,102,24.0,13.4,,F4320310638,False,361,403,29799,194.668612,25.5,24.735896,26.46097
KU Leuven,Belgium,741,178,101,24.0,13.6,,F4320322308,False,425,316,20939,183.84877,24.8,24.163888,25.630125
Natural Science Foundation for Young Scientists of Shanxi Province,China,250,60,20,24.0,8.0,,F4320331088,False,144,106,2474,63.375083,25.4,24.553105,26.381497
Medical Research Council Canada,Canada,104,25,12,24.0,11.5,,F4320324195,False,46,58,13940,25.0,24.0,,
Australian Research Council,Australia,1800,430,243,23.9,13.5,government,F4320334704,True,963,837,162827,478.896342,26.6,25.623269,27.783891
Yunnan Provincial Science and Technology Department,China,339,81,17,23.9,5.0,,F4320325440,False,195,144,3498,86.454841,25.5,24.654154,26.527344
Norges Idrettshøgskole,Norway,163,39,30,23.9,18.4,,F4320327529,False,82,81,1265,50.64034,31.1,29.379965,33.060933
Rush University,USA,155,37,32,23.9,20.6,,F4320310664,False,82,73,2080,37.0,23.9,23.870968,24.260648
Clemson University,USA,138,33,21,23.9,15.2,,F4320309106,False,79,59,7014,33.111539,24.0,23.913043,24.98848
Danmarks Tekniske Universitet,Denmark,117,28,11,23.9,9.4,,F4320323153,False,65,52,7569,32.573385,27.8,27.108436,28.797103
"Division of Diabetes, Endocrinology, and Metabolic Diseases",USA,117,28,6,23.9,5.1,,F4320338422,False,33,84,625,29.962697,25.6,23.931624,27.430928
Environmental Restoration and Conservation Agency,Japan,117,28,16,23.9,13.7,,F4320315051,False,64,53,2410,33.23642,28.4,27.431187,29.608625
Environment and Climate Change Canada,Canada,109,26,25,23.9,22.9,,F4320325263,False,68,41,3957,29.960531,27.5,26.092008,29.18133
Georgia Research Alliance,USA,109,26,8,23.9,7.3,,F4320310224,False,43,66,1879,26.43734,24.3,23.853211,25.455779
University of Virginia,USA,109,26,21,23.9,19.3,,F4320310536,False,34,75,9151,26.582415,24.4,23.853211,25.422288
Research Foundation Flanders,Belgium,1897,451,301,23.8,15.9,philanthropy,F4320321730,True,1070,827,66108,476.987572,25.1,24.434456,26.113005
Consortium of International Agricultural Research Centers,France,214,51,23,23.8,10.7,,F4320329182,False,133,81,11853,59.196628,27.7,27.055875,28.478097
Vlaamse regering,Belgium,1454,344,239,23.7,16.4,,F4320327336,False,821,633,57958,367.330526,25.3,24.614107,26.173315
Cancerfonden,Sweden,914,217,113,23.7,12.4,,F4320321491,False,537,377,16698,223.066463,24.4,23.787991,25.270098
Deutscher Akademischer Austauschdienst,Germany,739,175,106,23.7,14.3,,F4320320875,False,408,331,56210,194.292269,26.3,25.383878,27.417145
Svenska Forskningsrådet Formas,Sweden,712,169,108,23.7,15.2,,F4320321033,False,395,317,30379,192.17395,27.0,25.904093,28.376536
"College of Engineering, Michigan State University",USA,396,94,54,23.7,13.6,,F4320332431,False,174,222,12539,102.848198,26.0,25.074783,27.032028
Massachusetts Institute of Technology,USA,312,74,52,23.7,16.7,,F4320309369,False,163,149,16053,87.453343,28.0,26.501098,29.919251
Fondazione Cariplo,Italy,236,56,18,23.7,7.6,,F4320321499,False,130,106,8286,60.726942,25.7,25.003095,26.661874
Netherlands Organisation for Scientific Research,Netherlands,3439,812,595,23.6,17.3,government,F4320321800,True,1748,1691,110352,893.430693,26.0,25.030419,27.177141
Zhejiang University,China,1358,320,106,23.6,7.8,,F4320322927,False,753,605,19170,350.413083,25.8,24.977961,26.857376
Ministerio de Economia y Competitividad,Spain,1068,252,117,23.6,11.0,government,F4320321837,True,683,385,125659,273.532431,25.6,25.094857,26.27165
Michigan State University,USA,436,103,61,23.6,14.0,,F4320310016,False,190,246,18317,113.31073,26.0,25.017758,27.141325
Xiamen University,China,364,86,24,23.6,6.6,,F4320325434,False,221,143,6438,93.315237,25.6,24.915088,26.556744
Wageningen University and Research,Netherlands,246,58,42,23.6,17.1,,F4320334952,False,128,118,8274,63.216951,25.7,24.626092,27.114676
Colorado State University,USA,233,55,40,23.6,17.2,,F4320309627,False,127,106,12451,61.04694,26.2,25.154921,27.34624
University of Utah,USA,212,50,39,23.6,18.4,,F4320310050,False,79,133,10727,50.0,23.6,,
Robert Koch Institut,Germany,182,43,25,23.6,13.7,,F4320332132,False,106,76,2235,43.0,23.6,23.626374,24.226977
CHIST-ERA,France,353,83,56,23.5,15.9,,F4320338463,False,219,134,8336,90.880905,25.7,25.247356,26.396013
Guangdong Provincial Pearl River Talents Program,China,162,38,13,23.5,8.0,,F4320334009,False,89,73,2310,46.119084,28.5,27.570429,29.469713
Universität Wien,Austria,803,188,93,23.4,11.6,,F4320321691,False,532,271,13526,199.423239,24.8,24.085091,25.753941
Fonds National de la Recherche Luxembourg,LU,457,107,58,23.4,12.7,,F4320321038,False,271,186,21995,112.560312,24.6,24.148027,25.283796
Intellectual and Developmental Disabilities Research Center,USA,188,44,36,23.4,19.1,,F4320332591,False,81,107,2170,45.634957,24.3,23.409819,25.164978
Bundesministerium fur Bildung und Forschung,Germany,4579,1068,769,23.3,16.8,government,F4320321114,True,2616,1963,163623,1148.902024,25.1,24.321484,26.076446
Memorial Sloan-Kettering Cancer Center,USA,434,101,66,23.3,15.2,,F4320309468,False,180,254,8195,108.625161,25.0,24.530407,25.754928
Weill Cornell Medical College,USA,382,89,55,23.3,14.4,,F4320332513,False,188,194,4543,97.463935,25.5,24.763673,26.48812
Natural Sciences and Engineering Research Council of Canada,Canada,5300,1227,829,23.2,15.6,government,F4320334593,True,2872,2428,376797,1333.413878,25.2,24.307243,26.199732
Royal Society,UK,1200,279,179,23.2,14.9,philanthropy,F4320320006,True,538,662,76597,327.685238,27.3,25.960947,28.953812
Philipps-Universität Marburg,Germany,254,59,29,23.2,11.4,,F4320310905,False,202,52,2718,59.0,23.2,,
China Agricultural Research System,China,211,49,6,23.2,2.8,,F4320327608,False,85,126,4002,49.0,23.2,23.222749,24.67598
Université Paris-Saclay,France,151,35,18,23.2,11.9,,F4320324252,False,87,64,2015,38.213378,25.3,24.352373,26.534768
Ministry of Science and Technology of the People's Republic of China,China,1442,333,133,23.1,9.2,,F4320321540,False,730,712,104342,360.972326,25.0,24.169127,26.084563
Univerzita Karlova v Praze,Czech Republic,688,159,69,23.1,10.0,,F4320309755,False,411,277,16775,160.456873,23.3,23.110465,24.187109
U.S. Geological Survey,USA,355,82,69,23.1,19.4,,F4320332183,False,221,134,54959,99.715581,28.1,26.831898,29.50504
Washington University in St. Louis,USA,316,73,55,23.1,17.4,,F4320309650,False,130,186,5478,77.98614,24.7,23.996826,25.480477
U.S. Department of Commerce,USA,134,31,35,23.1,26.1,,F4320306111,False,87,47,12102,36.608591,27.3,26.759891,27.959135
Rice University,USA,108,25,12,23.1,11.1,,F4320310133,False,56,52,6121,31.861272,29.5,28.598992,30.519945
Arnold and Mabel Beckman Foundation,USA,104,24,17,23.1,16.3,,F4320306253,False,48,56,2952,30.017281,28.9,27.371785,30.741039
Else Kröner-Fresenius-Stiftung,Germany,426,98,57,23.0,13.4,,F4320321672,False,246,180,5819,103.191497,24.2,23.686758,24.957258
Young Scientists Fund,China,413,95,47,23.0,11.4,,F4320335581,False,242,171,6806,111.503294,27.0,26.162276,28.06527
"Ministério da Ciência, Tecnologia e Inovação",Brazil,379,87,39,23.0,10.3,,F4320321992,False,227,152,11240,98.462816,26.0,25.522946,26.618487
Oxford Biomedical Research Centre,UK,318,73,75,23.0,23.6,government,F4320336045,True,147,171,3189,74.829628,23.5,23.004156,24.321333
McKnight Foundation,USA,200,46,33,23.0,16.5,,F4320308324,False,89,111,7842,46.0,23.0,,
Friedrich-Schiller-Universität Jena,Germany,187,43,24,23.0,12.8,,F4320313941,False,128,59,3545,50.777707,27.2,25.955592,28.658872
Regione Lombardia,Italy,139,32,7,23.0,5.0,,F4320326078,False,82,57,5235,32.0,23.0,23.021583,23.21492
Universität Zürich,Switzerland,933,214,149,22.9,16.0,,F4320323874,False,614,319,15299,219.19339,23.5,22.936763,24.179915
University of Illinois at Urbana-Champaign,USA,647,148,83,22.9,12.8,,F4320332222,False,310,337,37515,164.864322,25.5,24.661446,26.55711
University of Wisconsin-Madison,USA,507,116,66,22.9,13.0,,F4320309434,False,223,284,15640,123.358864,24.3,23.478682,25.413472
Hungarian Scientific Research Fund,HU,332,76,31,22.9,9.3,government,F4320321994,True,223,109,32307,77.641557,23.4,22.891566,24.008506
Brain and Behavior Research Foundation,USA,293,67,77,22.9,26.3,,F4320306147,False,160,133,4795,74.136131,25.3,24.573917,26.093794
University of Texas MD Anderson Cancer Center,USA,666,152,74,22.8,11.1,,F4320332521,False,315,351,9842,152.0,22.8,22.822823,23.146442
Doris Duke Charitable Foundation,USA,162,37,22,22.8,13.6,,F4320306134,False,87,75,3888,41.298315,25.5,24.988778,26.176175
Henry M. Jackson Foundation,USA,123,28,13,22.8,10.6,,F4320307611,False,74,49,1547,29.901712,24.3,23.871057,24.962805
"Ministry of Education, Culture, Sports, Science and Technology",Japan,3868,877,338,22.7,8.7,government,F4320320912,True,2251,1617,217005,1009.490018,26.1,25.135178,27.278802
“la Caixa” Foundation,Spain,362,82,44,22.7,12.2,,F4320312058,False,204,158,4274,84.279966,23.3,22.651934,24.291891
Institute for Basic Science,Korea,273,62,49,22.7,17.9,,F4320326441,False,172,101,7110,78.327081,28.7,27.587596,30.015747
University of Oklahoma,USA,176,40,30,22.7,17.0,,F4320310179,False,89,87,8842,43.267091,24.6,24.038538,25.384917
Federación Española de Enfermedades Raras,Spain,119,27,12,22.7,10.1,,F4320321595,False,40,79,10295,29.120419,24.5,23.414351,25.556412
Youth Innovation Promotion Association of the Chinese Academy of Sciences,China,619,140,68,22.6,11.0,,F4320322847,False,386,233,26294,163.247494,26.4,25.414589,27.460488
KWF Kankerbestrijding,Netherlands,389,88,48,22.6,12.3,,F4320322777,False,205,184,10226,88.0,22.6,,
Hebrew University of Jerusalem,Israel,332,75,30,22.6,9.0,,F4320321950,False,210,122,9514,77.662079,23.4,22.590361,24.376201
"School of Medicine, Indiana University",USA,257,58,23,22.6,8.9,,F4320332961,False,106,151,3478,58.0,22.6,,
Research England,UK,168,38,25,22.6,14.9,,F4320336061,False,96,72,1894,38.0,22.6,22.619048,23.575567
Shenzhen Bay Laboratory,China,133,30,10,22.6,7.5,,F4320331248,False,68,65,704,33.72353,25.4,24.250047,26.731207
Fonds der Chemischen Industrie,Germany,124,28,2,22.6,1.6,,F4320318613,False,52,72,3039,33.771507,27.2,25.16554,29.694104
Agence Nationale de Recherches sur le Sida et les Hépatites Virales,France,115,26,11,22.6,9.6,,F4320321833,False,57,58,2072,27.781472,24.2,23.314398,25.097963
Northwestern University,USA,1055,237,134,22.5,12.7,,F4320309475,False,486,569,36816,238.494655,22.6,22.464455,23.567425
Alexander von Humboldt-Stiftung,Germany,1011,227,123,22.5,12.2,,F4320308269,False,520,491,59346,268.716615,26.6,25.204025,28.216966
Case Western Reserve University,USA,315,71,42,22.5,13.3,,F4320310281,False,155,160,9697,71.0,22.5,22.539683,22.954799
Fondo de Financiamiento de Centros de Investigación en Áreas Prioritarias,CL,138,31,19,22.5,13.8,,F4320338206,False,75,63,4402,32.632284,23.6,23.021196,24.429309
Specific Research Project of Guangxi for Research Bases and Talents,China,120,27,8,22.5,6.7,,F4320336630,False,69,51,1031,27.0,22.5,,
Gobierno de Navarra,Spain,102,23,5,22.5,4.9,,F4320329682,False,65,37,1960,24.534412,24.1,23.548304,24.859837
Shanghai Municipal Education Commission,China,486,109,35,22.4,7.2,government,F4320321881,True,286,200,17362,112.306112,23.1,22.427984,24.067121
University of Leicester,UK,161,36,16,22.4,9.9,,F4320320276,False,80,81,6897,39.226599,24.4,23.732287,25.217044
Cancer Institute NSW,Australia,147,33,14,22.4,9.5,,F4320320543,False,75,72,2931,33.0,22.4,,
University of Washington,USA,1049,234,144,22.3,13.7,,F4320310094,False,442,607,38448,241.339463,23.0,22.306959,23.981509
Hospital for Sick Children,Canada,287,64,42,22.3,14.6,,F4320323654,False,135,152,7494,65.231137,22.7,22.299652,23.752956
Fonds de Recherche du Québec - Santé,Canada,879,195,124,22.2,14.1,,F4320334618,False,475,404,11215,198.528006,22.6,22.1843,23.323292
Japan Society for the Promotion of Science London,UK,316,70,27,22.2,8.5,,F4320320212,False,172,144,7058,82.098022,26.0,25.141186,26.953733
University of Texas Health Science Center at Houston,USA,212,47,26,22.2,12.3,,F4320313675,False,95,117,1943,47.0,22.2,22.169811,22.628076
Carl-Zeiss-Stiftung,Germany,126,28,15,22.2,11.9,,F4320309895,False,67,59,3306,32.981946,26.2,25.13611,27.551632
University of Pennsylvania,USA,1555,344,204,22.1,13.1,,F4320309370,False,718,837,43738,347.564597,22.4,22.122186,23.293208
Universiteit van Amsterdam,Netherlands,235,52,41,22.1,17.4,,F4320321008,False,115,120,10339,62.895939,26.8,25.777172,28.070404
"Staatssekretariat für Bildung, Forschung und Innovation",Switzerland,172,38,37,22.1,21.5,,F4320335238,False,90,82,2572,44.172129,25.7,24.531293,27.221277
Bundesministerium für Wirtschaftliche Zusammenarbeit und Entwicklung,Germany,113,25,8,22.1,7.1,,F4320323883,False,59,54,3141,27.605135,24.4,23.892118,25.134916
"School of Medicine, Stanford University",USA,113,25,10,22.1,8.8,,F4320332427,False,46,67,2949,26.351399,23.3,22.785528,24.274331
National Defense Science and Engineering Graduate,USA,104,23,23,22.1,22.1,,F4320333566,False,49,55,5942,27.86325,26.8,25.505081,28.23424
"Science, Technology and Innovation Commission of Shenzhen Municipality",China,778,171,59,22.0,7.6,,F4320326705,False,424,354,13678,181.763026,23.4,22.635807,24.21963
Sorbonne Université,France,254,56,35,22.0,13.8,,F4320330232,False,143,111,3642,62.639252,24.7,23.613143,25.917951
Canada Research Chairs,Canada,1012,222,174,21.9,17.2,,F4320320994,False,498,514,36056,241.224366,23.8,22.948843,25.022345
State Government of Victoria,Australia,338,74,38,21.9,11.2,,F4320322858,False,171,167,8276,81.010479,24.0,23.379261,24.843214
University of Chinese Academy of Sciences,China,219,48,16,21.9,7.3,,F4320326972,False,120,99,4655,53.614083,24.5,23.119549,26.136337
Major Science and Technology Projects in Yunnan Province,China,160,35,10,21.9,6.2,,F4320336602,False,93,67,1777,35.0,21.9,21.875,22.121309
University of British Columbia,Canada,155,34,14,21.9,9.0,,F4320323180,False,67,88,14014,35.737848,23.1,22.401311,23.90481
Stiftung Tierärztliche Hochschule Hannover,Germany,114,25,2,21.9,1.8,,F4320323330,False,77,37,554,25.0,21.9,,
Stiftelsen för Strategisk Forskning,Sweden,284,62,43,21.8,15.1,,F4320320940,False,147,137,14206,66.308593,23.3,22.261698,24.901679
Université Laval,Canada,202,44,17,21.8,8.4,,F4320310137,False,114,88,6663,45.412958,22.5,22.081559,23.078478
Florida State University,USA,110,24,17,21.8,15.5,,F4320309170,False,49,61,7153,29.936599,27.2,25.956392,28.645645
Ministry of Environment,Korea,663,144,57,21.7,8.6,,F4320322007,False,350,313,25714,159.702035,24.1,23.169567,25.14279
Bijzonder Onderzoeksfonds UGent,Belgium,406,88,35,21.7,8.6,,F4320335227,False,240,166,8814,94.391945,23.2,22.528896,24.191231
Beijing Normal University,China,138,30,19,21.7,13.8,,F4320321432,False,90,48,5133,34.614765,25.1,24.106799,26.25342
"Faculty of Medicine, Chulalongkorn University",Thailand,138,30,5,21.7,3.6,,F4320334939,False,85,53,1299,34.291163,24.8,24.519679,25.285401
Centre National d’Etudes Spatiales,France,120,26,22,21.7,18.3,,F4320321519,False,92,28,20012,30.361646,25.3,24.789771,25.986117
UK Research and Innovation,UK,21932,4741,3219,21.6,14.7,government,F4320314731,True,11237,10695,1038191,5304.045444,24.2,23.423572,25.208044
Japan Agency for Medical Research and Development,Japan,3411,738,268,21.6,7.9,government,F4320311405,True,1905,1506,37982,808.832604,23.7,23.037761,24.606953
Salt Science Research Foundation,Japan,287,62,6,21.6,2.1,,F4320311436,False,199,88,3302,62.0,21.6,21.602787,22.051569
Recruitment Program of Global Experts,China,250,54,11,21.6,4.4,,F4320326701,False,148,102,5676,58.303672,23.3,22.485621,24.364416
East China Normal University,China,167,36,19,21.6,11.4,,F4320322370,False,100,67,4017,38.719496,23.2,22.673188,23.8314
Universidade Federal do Rio de Janeiro,Brazil,167,36,20,21.6,12.0,,F4320325035,False,74,93,8816,36.0,21.6,21.556886,22.263051
Ministerstvo Zemědělství,Czech Republic,116,25,2,21.6,1.7,,F4320323938,False,67,49,3991,28.797604,24.8,24.275561,25.456394
Japan Science and Technology Agency,Japan,1923,414,191,21.5,9.9,government,F4320334789,True,1100,823,49963,462.831097,24.1,23.111201,25.24927
Centres de Recerca de Catalunya,Spain,699,150,109,21.5,15.6,,F4320315803,False,407,292,8945,157.609273,22.5,21.911593,23.406265
Universiteit Utrecht,Netherlands,284,61,37,21.5,13.0,,F4320321010,False,128,156,9180,71.119102,25.0,24.085151,26.269349
Korea Research Institute of Bioscience and Biotechnology,Korea,209,45,10,21.5,4.8,,F4320322110,False,131,78,3658,50.604623,24.2,23.637576,24.959463
Harvard T.H. Chan School of Public Health,USA,121,26,15,21.5,12.4,,F4320310609,False,54,67,1536,27.766487,22.9,22.202186,24.032258
Parkinson's UK,UK,107,23,23,21.5,21.5,,F4320320021,False,65,42,1590,26.054571,24.4,24.065293,24.79719
European Commission,EU,28782,6159,4016,21.4,14.0,supranational,F4320320300,True,15459,13323,1023569,6855.162498,23.8,22.933568,24.945073
University of Oxford,UK,1343,288,219,21.4,16.3,,F4320320290,False,669,674,51182,319.706582,23.8,23.133001,24.749999
University of Bristol,UK,639,137,114,21.4,17.8,,F4320320360,False,317,322,17426,141.299157,22.1,21.43975,23.186651
Canada Foundation for Innovation,Canada,453,97,62,21.4,13.7,,F4320319952,False,198,255,14478,106.780484,23.6,22.659279,24.65029
York University,Canada,416,89,55,21.4,13.2,,F4320319918,False,188,228,16295,99.993018,24.0,23.250308,25.059399
State University of New York,USA,140,30,18,21.4,12.9,,F4320309644,False,56,84,7692,32.325989,23.1,22.254191,24.071194
United States-Israel Binational Science Foundation,Israel,131,28,28,21.4,21.4,,F4320320950,False,64,67,5544,30.657183,23.4,22.470543,24.599564
University of Birmingham,UK,117,25,13,21.4,11.1,,F4320320339,False,59,58,8840,26.723466,22.8,21.989304,24.014337
State Research Agency (Spain),Spain,4933,1053,514,21.3,10.4,,F4320335598,False,2718,2215,60312,1138.051279,23.1,22.237051,24.109173
Core Research for Evolutional Science and Technology,Japan,1061,226,120,21.3,11.3,,F4320338075,False,598,463,49276,259.722399,24.5,23.471601,25.815359
Massachusetts General Hospital,USA,555,118,86,21.3,15.5,,F4320308349,False,236,319,10630,125.186343,22.6,21.834918,23.502838
Karl-Franzens-Universität Graz,Austria,286,61,38,21.3,13.3,,F4320325582,False,175,111,4822,61.0,21.3,21.328671,21.882006
Astellas Foundation for Research on Metabolic Disorders,Japan,188,40,13,21.3,6.9,,F4320324271,False,98,90,2714,46.698179,24.8,23.71598,26.120217
Shanghai Science and Technology Development Foundation,China,136,29,9,21.3,6.6,,F4320313610,False,83,53,2598,34.517995,25.4,24.850775,26.052651
"Conselleria de Innovación, Universidades, Ciencia y Sociedad Digital, Generalitat Valenciana",Spain,108,23,9,21.3,8.3,,F4320336489,False,61,47,1014,25.537727,23.6,23.054781,24.364064
American Heart Association,USA,1909,402,168,21.1,8.8,philanthropy,F4320306230,True,705,1204,75153,415.73184,21.8,21.078014,22.694323
"Council of Scientific and Industrial Research, India",India,678,143,41,21.1,6.0,,F4320320721,False,329,349,76206,145.911337,21.5,21.091445,22.350545
Purdue University,USA,465,98,45,21.1,9.7,,F4320309036,False,230,235,28153,106.580422,22.9,22.002655,24.113174
Pennsylvania State University,USA,418,88,53,21.1,12.7,,F4320310419,False,212,206,22480,95.861819,22.9,22.135886,23.959061
Department for International Development,UK,166,35,21,21.1,12.7,,F4320321637,False,96,70,15626,35.342606,21.3,21.084337,21.920561
"National Supercomputing Center, Korea Institute of Science and Technology Information",Korea,166,35,21,21.1,12.7,,F4320337144,False,105,61,2899,40.231086,24.2,23.460826,25.442514
Lomonosov Moscow State University,Russia,152,32,5,21.1,3.3,,F4320329591,False,88,64,7931,34.262484,22.5,21.760118,23.476286
"Academic Computer Centre Cyfronet, AGH University of Science and Technology",Poland,114,24,6,21.1,5.3,,F4320337160,False,62,52,1253,24.672635,21.6,21.052632,22.56413
Center for Advancing Research Impact in Society,USA,109,23,9,21.1,8.3,,F4167512298,False,70,39,298,23.0,21.1,,
Rheinische Friedrich-Wilhelms-Universität Bonn,Germany,405,85,50,21.0,12.3,,F4320324900,False,296,109,9383,96.801042,23.9,23.389643,24.525555
University of Glasgow,UK,376,79,54,21.0,14.4,,F4320320337,False,181,195,13785,88.382208,23.5,22.899238,24.257013
University of South Carolina,USA,328,69,36,21.0,11.0,,F4320310846,False,165,163,9291,72.672093,22.2,21.532617,23.015487
Universiteit Antwerpen,Belgium,252,53,34,21.0,13.5,,F4320324595,False,128,124,6521,61.440702,24.4,23.52858,25.514002
Northwestern Polytechnical University,China,105,22,10,21.0,9.5,,F4320321392,False,66,39,5532,24.370609,23.2,22.619764,23.854222
Universität Bremen,Germany,105,22,8,21.0,7.6,,F4320324729,False,81,24,4840,22.0,21.0,,
Eberhard Karls Universität Tübingen,Germany,436,91,57,20.9,13.1,,F4320321112,False,287,149,5729,99.003478,22.7,22.225412,23.330323
North Carolina State University,USA,302,63,23,20.9,7.6,,F4320310013,False,145,157,17368,72.638677,24.1,23.175761,25.121456
National University Health System,Singapore,110,23,13,20.9,11.8,,F4320327250,False,59,51,1736,23.0,20.9,20.909091,21.474908
Pennsylvania Department of Health,USA,110,23,5,20.9,4.5,,F4320308109,False,46,64,3355,25.649813,23.3,22.720884,24.028517
Swedish Research Council,Sweden,4900,1017,627,20.8,12.8,government,F4320322581,True,2642,2258,136762,1151.285261,23.5,22.625713,24.671138
Bill and Melinda Gates Foundation,USA,3580,744,476,20.8,13.3,philanthropy,F4320306137,True,1731,1849,47121,823.484869,23.0,22.461795,23.73891
University of Minnesota,USA,946,197,114,20.8,12.1,,F4320309636,False,432,514,38693,218.450678,23.1,22.405337,23.982382
Junta de Andalucía,Spain,636,132,46,20.8,7.2,,F4320326754,False,373,263,22699,147.59756,23.2,22.487826,24.073233
University of Bern,Switzerland,566,118,66,20.8,11.7,,F4320310992,False,369,197,8538,124.59225,22.0,21.570016,22.561481
University of Science and Technology of China,China,452,94,31,20.8,6.9,,F4320325599,False,274,178,8456,109.412466,24.2,23.348586,25.287641
"University of California, Irvine",USA,371,77,52,20.8,14.0,,F4320332688,False,172,199,11193,90.651238,24.4,23.517651,25.621323
Umeå Universitet,Sweden,365,76,24,20.8,6.6,,F4320322971,False,196,169,5676,78.549016,21.5,20.900266,22.431154
Vanderbilt University Medical Center,USA,336,70,56,20.8,16.7,,F4320313998,False,137,199,3785,74.293342,22.1,21.727569,22.784912
Brown University,USA,265,55,35,20.8,13.2,,F4320309070,False,109,156,10193,58.628602,22.1,21.423634,23.116509
Diabetes UK,UK,260,54,52,20.8,20.0,,F4320320065,False,113,147,3968,57.306303,22.0,21.534872,22.679262
Shanghai Education Development Foundation,China,101,21,6,20.8,5.9,,F4320321659,False,63,38,3163,26.099454,25.8,24.989106,26.974875
U.S. Department of Defense,USA,6431,1329,896,20.7,13.9,,F4320306078,True,3293,3138,600433,1455.642634,22.6,21.824941,23.676738
Key Technologies Research and Development Program,China,575,119,45,20.7,7.8,,F4320335774,False,313,262,18677,119.42246,20.8,20.695652,21.62935
Swedish Foundation for Strategic Research (SSF),Sweden,164,34,30,20.7,18.3,,F4320327257,False,85,79,564,40.050093,24.4,23.211334,26.206498
Kasetsart University Research and Development Institute,Thailand,145,30,3,20.7,2.1,,F4320335038,False,75,70,2768,30.474366,21.0,20.689655,22.390505
Research Council of Norway,Norway,1950,402,302,20.6,15.5,,F4320323299,False,1087,863,84561,462.078144,23.7,22.959022,24.661229
"Ministero dell’Istruzione, dell’Università e della Ricerca",Italy,1345,277,128,20.6,9.5,,F4320321873,False,818,527,70504,289.255626,21.5,20.914638,22.258773
Vanderbilt University,USA,835,172,117,20.6,14.0,,F4320309151,False,334,501,22087,186.457347,22.3,21.788412,23.099401
Science and Technology Planning Project of Guangdong Province,China,572,118,29,20.6,5.1,,F4320335795,False,328,244,16578,132.449479,23.2,22.347941,24.17123
Ministry of Education - Singapore,Singapore,476,98,67,20.6,14.1,,F4320320751,False,265,211,19772,119.115549,25.0,23.884696,26.453758
Alzheimer's Society,UK,383,79,67,20.6,17.5,,F4320317015,False,218,165,3359,86.151544,22.5,21.757381,23.52526
BrightFocus Foundation,USA,330,68,44,20.6,13.3,,F4320308990,False,159,171,2396,71.295529,21.6,20.88094,22.455835
Agriculture Research System of China,China,287,59,11,20.6,3.8,,F4320326266,False,78,209,3484,61.739279,21.5,20.557491,24.795909
Universität Bielefeld,Germany,199,41,36,20.6,18.1,,F4320323389,False,145,54,4721,41.23302,20.7,20.603015,21.267044
Tobacco-Related Disease Research Program,USA,141,29,10,20.6,7.1,,F4320308294,False,54,87,2903,29.855529,21.2,20.790212,21.748451
Korea Advanced Institute of Science and Technology,Korea,131,27,16,20.6,12.2,,F4320324161,False,88,43,5824,34.029717,26.0,24.98521,27.242796
Sichuan Agricultural University,China,131,27,0,20.6,0.0,,F4320325065,False,76,55,2082,32.141106,24.5,23.338983,26.020696
Gottfried Wilhelm Leibniz Universität Hannover,Germany,126,26,12,20.6,9.5,,F4320322379,False,85,41,2866,31.547251,25.0,24.396711,25.773457
Oak Ridge Associated Universities,USA,126,26,15,20.6,11.9,,F4320308963,False,75,51,4192,31.903144,25.3,24.738991,26.085593
China Scholarship Council,China,3198,656,328,20.5,10.3,government,F4320322725,True,1712,1486,141232,743.483199,23.2,22.268718,24.529252
Hungarian Academy of Sciences,HU,621,127,74,20.5,11.9,,F4320322192,False,371,250,19152,143.085801,23.0,22.339215,23.85169
Guangdong Science and Technology Department,China,370,76,28,20.5,7.6,,F4320324202,False,171,199,9587,84.682289,22.9,21.750322,24.304156
University of Warwick,UK,337,69,48,20.5,14.2,,F4320320279,False,155,182,17491,75.98291,22.5,21.872811,23.509085
Tulane University,USA,185,38,20,20.5,10.8,,F4320310142,False,87,98,6983,45.896698,24.8,24.233445,25.585442
Wayne State University,USA,161,33,13,20.5,8.1,,F4320309272,False,80,81,7035,33.485817,20.8,20.496894,21.500192
National Science Centre,Poland,1982,404,126,20.4,6.4,government,F4320322511,True,1157,825,49574,450.101724,22.7,21.78345,23.853455
Narodowym Centrum Nauki,Poland,968,197,51,20.4,5.3,,F4320322650,False,635,333,18309,204.152359,21.1,20.444837,21.877029
Ludwig-Maximilians-Universität München,Germany,324,66,43,20.4,13.3,,F4320323390,False,215,109,4758,72.497083,22.4,21.727751,23.149972
Shanxi Agricultural University,China,186,38,4,20.4,2.2,,F4320328120,False,107,79,1169,45.981536,24.7,23.855336,25.761683
Helse- og Omsorgsdepartementet,Norway,113,23,25,20.4,22.1,,F4320321972,False,69,44,774,23.891693,21.1,20.797138,21.828222
Research Executive Agency,,113,23,20,20.4,17.7,,F4320334679,False,67,46,3391,28.165367,24.9,24.337138,25.684043
Huntsman Cancer Institute,USA,103,21,14,20.4,13.6,,F4320312218,False,35,68,1305,21.0,20.4,,
University of Pittsburgh,USA,902,183,105,20.3,11.6,,F4320310174,False,369,533,28228,201.069436,22.3,21.594557,23.207613
National Science Foundation Graduate Research Fellowship Program,USA,553,112,93,20.3,16.8,,F4562087700,False,180,373,4882,156.164671,28.2,25.815706,31.055948
National Research Foundation Singapore,Singapore,526,107,63,20.3,12.0,,F4320320709,False,322,204,23268,114.960386,21.9,21.047995,22.851287
Shanghai Rising-Star Program,China,364,74,35,20.3,9.6,,F4320327803,False,218,146,7187,78.284277,21.5,20.776397,22.40365
Newcastle University,UK,350,71,38,20.3,10.9,,F4320320295,False,190,160,10376,71.0,20.3,20.285714,21.174638
University of Edinburgh,UK,177,36,41,20.3,23.2,,F4320320332,False,77,100,11162,41.785525,23.6,22.849293,24.550456
European Foundation for the Study of Diabetes,Germany,143,29,11,20.3,7.7,,F4320320870,False,76,67,3258,35.456756,24.8,24.095034,25.628743
James Cook University,Australia,123,25,16,20.3,13.0,,F4320320982,False,67,56,5905,27.899601,22.7,21.877082,24.009202
Helsingin Yliopisto,Finland,792,160,84,20.2,10.6,,F4320310086,False,542,250,16082,168.425694,21.3,20.687019,22.021873
Fondation Brain Canada,Canada,223,45,51,20.2,22.9,,F4320311238,False,121,102,1929,46.736998,21.0,20.399491,21.748172
Hainan University,China,203,41,9,20.2,4.4,,F4320323370,False,115,88,2870,43.935767,21.6,21.024723,22.333291
Food and Health Bureau,Hong Kong,129,26,20,20.2,15.5,,F4320323291,False,82,47,2053,29.939319,23.2,22.65988,24.062751
National Institute of Advanced Industrial Science and Technology,Japan,119,24,7,20.2,5.9,,F4320311508,False,64,55,9039,26.312803,22.1,21.244879,23.173401
National Institute for Health Research Health Protection Research Unit,UK,289,58,70,20.1,24.2,,F4320318095,False,141,148,3215,61.315408,21.2,20.712032,22.017686
Bundesministerium für Ernährung und Landwirtschaft,Germany,214,43,28,20.1,13.1,,F4320323499,False,138,76,4049,50.685636,23.7,23.049656,24.39931
Ministry of Agriculture and Rural Affairs of the People's Republic of China,China,209,42,5,20.1,2.4,,F4320327287,False,35,174,1683,44.018812,21.1,20.095694,24.50807
Fundació la Marató de TV3,Spain,174,35,16,20.1,9.2,,F4320310701,False,106,68,2779,39.548118,22.7,22.119706,23.518147
"Department of Atomic Energy, Government of India",India,144,29,11,20.1,7.6,,F4320320768,False,85,59,7127,34.810296,24.2,23.362581,25.120443
Generalitat de Catalunya,Spain,1678,335,219,20.0,13.1,,F4320321505,False,935,743,45959,373.593122,22.3,21.464525,23.24601
"National Research, Development and Innovation Office (Hungary)",HU,817,163,75,20.0,9.2,,F4320326762,False,477,340,13567,180.348218,22.1,21.435825,22.836543
"National Research, Development and Innovation Office",HU,770,154,70,20.0,9.1,,F4320336675,False,471,299,9598,168.119866,21.8,21.226428,22.551004
Ohio State University,USA,685,137,64,20.0,9.3,,F4320309374,False,326,359,32427,145.633676,21.3,20.607584,22.101352
Cedars-Sinai Medical Center,USA,215,43,21,20.0,9.8,,F4320313996,False,122,93,3284,47.993256,22.3,21.928249,22.836028
China Association for Science and Technology,China,170,34,12,20.0,7.1,,F4320311778,False,92,78,4615,40.093222,23.6,22.850605,24.451485
Moffitt Cancer Center,USA,150,30,22,20.0,14.7,,F4320311073,False,71,79,2207,30.0,20.0,,
Sunovion,USA,120,24,26,20.0,21.7,,F4320311407,False,55,65,2131,27.002548,22.5,22.228108,22.9241
National Institutes of Health,USA,85144,16960,10420,19.9,12.2,government,F4320332161,True,37169,47975,2738174,18269.859356,21.5,20.787245,22.352704
Novo Nordisk,Denmark,2778,552,353,19.9,12.7,,F4320322436,False,1300,1478,30738,623.210489,22.4,21.802351,23.358825
Higher Education Discipline Innovation Project,China,747,149,53,19.9,7.1,,F4320327912,False,435,312,34099,169.537845,22.7,21.749285,23.861899
Università degli Studi di Padova,Italy,654,130,56,19.9,8.6,,F4320321966,False,432,222,14483,149.804821,22.9,22.200708,23.812184
Suomen Kulttuurirahasto,Finland,428,85,52,19.9,12.1,,F4320321726,False,245,183,11390,93.999695,22.0,21.357577,22.755814
Turun Yliopisto,Finland,272,54,27,19.9,9.9,,F4320323313,False,187,85,4809,54.0,19.9,19.852941,20.413579
Universitat de València,Spain,251,50,14,19.9,5.6,,F4320321974,False,129,122,5961,50.0,19.9,19.920319,20.339619
Interreg,,378,75,35,19.8,9.3,,F4320337753,False,225,153,16337,77.23099,20.4,19.863987,21.220665
Cardiff University,UK,253,50,28,19.8,11.1,,F4320320350,False,140,113,8375,58.138529,23.0,22.271879,23.962908
Berlin Institute of Health,Germany,252,50,38,19.8,15.1,,F4320329666,False,127,125,1915,52.418194,20.8,20.213204,21.620575
Department of Education of Guizhou Province,China,187,37,6,19.8,3.2,,F4320326674,False,113,74,1745,40.619814,21.7,20.905571,22.673016
"Ministry of Business, Innovation and Employment",New Zealand,182,36,29,19.8,15.9,,F4320321983,False,97,85,6759,45.827845,25.2,24.402726,25.993257
Conquer Cancer Foundation,USA,162,32,26,19.8,16.0,,F4320306239,False,64,98,1795,36.716221,22.7,22.233443,23.389311
Fundação de Amparo à Pesquisa do Estado de Goiás,Brazil,131,26,8,19.8,6.1,,F4320323204,False,69,62,3911,27.405162,20.9,20.119969,21.985577
"Agence Nationale de Sécurité Sanitaire de l’Alimentation, de l’Environnement et du Travail",France,116,23,15,19.8,12.9,,F4320324529,False,60,56,2156,23.0,19.8,,
Niedersächsisches Ministerium für Wissenschaft und Kultur,Germany,101,20,9,19.8,8.9,,F4320326493,False,44,57,1340,27.707769,27.4,25.887882,29.147064
Generalitat Valenciana,Spain,824,162,56,19.7,6.8,,F4320321864,False,440,384,27650,184.787662,22.4,21.567797,23.492435
University of North Carolina at Chapel Hill,USA,437,86,52,19.7,11.9,,F4320332600,False,228,209,16289,93.689303,21.4,20.89844,22.218447
Queen Mary University of London,UK,254,50,39,19.7,15.4,,F4320311061,False,134,120,7375,56.75838,22.3,21.872996,23.141482
Indian Institute of Science,India,233,46,26,19.7,11.2,,F4320310071,False,112,121,11329,59.589768,25.6,24.72812,26.646389
University of Manchester,UK,218,43,28,19.7,12.8,,F4320320291,False,78,140,11828,47.170207,21.6,20.185782,23.443984
Centre Hospitalier Universitaire Vaudois,Switzerland,178,35,30,19.7,16.9,,F4320323833,False,112,66,2459,35.0,19.7,19.662921,20.032842
Henan Agricultural University,China,127,25,4,19.7,3.1,,F4320325562,False,69,58,1081,30.619459,24.1,23.028102,25.465413
Qatar Foundation,QA,122,24,8,19.7,6.6,,F4320309815,False,72,50,5616,27.543934,22.6,21.756285,23.5509
Chalmers Tekniska Högskola,Sweden,117,23,23,19.7,19.7,,F4320321523,False,69,48,6523,28.53636,24.4,23.657187,25.392602
"National Council of Science and Technology (CONACYT, Mexico)",Mexico,1425,279,119,19.6,8.4,,F4320321739,False,776,649,96656,302.717063,21.2,20.58224,22.031615
Emory University,USA,863,169,106,19.6,12.3,,F4320309381,False,348,515,13761,188.061121,21.8,21.111734,22.686912
Innovation and Technology Commission,Hong Kong,413,81,62,19.6,15.0,,F4320321920,False,232,181,5085,100.640851,24.4,22.962865,26.040052
Universiteit Leiden,Netherlands,378,74,49,19.6,13.0,,F4320320929,False,178,200,9148,89.061407,23.6,22.852492,24.462642
Cystic Fibrosis Foundation,USA,276,54,31,19.6,11.2,government,F4320306168,True,100,176,7021,61.713797,22.4,21.558268,23.377526
Oulun Yliopisto,Finland,194,38,19,19.6,9.8,,F4320323692,False,117,77,5000,40.556541,20.9,20.293054,21.761826
"Chief Scientist Office, Scottish Government Health and Social Care Directorate",UK,163,32,35,19.6,21.5,,F4320333685,False,76,87,1627,35.719213,21.9,21.192734,23.0519
Alzheimer’s Research UK,UK,138,27,22,19.6,15.9,,F4320321081,False,73,65,981,30.815637,22.3,21.126043,23.886619
Institute of Clinical and Translational Sciences,USA,112,22,16,19.6,14.3,,F4320310181,False,41,71,1390,22.0,19.6,19.642857,19.943676
"Ministère de l'Education Nationale, de l'Enseignement Superieur et de la Recherche",France,112,22,14,19.6,12.5,,F4320322727,False,69,43,7296,27.911868,24.9,23.99442,25.909519
Versus Arthritis,UK,323,63,38,19.5,11.8,,F4320327444,False,158,165,2267,67.001165,20.7,20.237404,21.604894
Nanyang Technological University,Singapore,226,44,38,19.5,16.8,,F4320320766,False,129,97,16821,56.924258,25.2,24.036325,26.537916
Gansu Agricultural University,China,200,39,5,19.5,2.5,,F4320324782,False,121,79,1248,51.437179,25.7,25.037484,26.470015
Huashan Hospital,China,113,22,7,19.5,6.2,,F4320326249,False,63,50,974,25.157352,22.3,21.476851,23.223175
Sun Yat-sen University,China,1214,235,100,19.4,8.2,,F4320321160,False,675,539,15487,263.225124,21.7,20.9027,22.727889
Agència de Gestió d'Ajuts Universitaris i de Recerca,Spain,784,152,84,19.4,10.7,,F4320334830,False,417,367,15289,160.116652,20.4,19.684734,21.390786
Cambridge Biomedical Research Centre,UK,510,99,100,19.4,19.6,government,F4320336709,True,269,241,4723,103.90954,20.4,19.692721,21.30268
"Agency for Science, Technology and Research",Singapore,468,91,57,19.4,12.2,,F4320320696,False,263,205,11719,100.463015,21.5,20.490329,22.663393
General Hospital of People’s Liberation Army,China,372,72,12,19.4,3.2,,F4320325891,False,217,155,2006,76.547531,20.6,20.028388,21.402169
Oak Ridge Institute for Science and Education,USA,283,55,26,19.4,9.2,,F4320332382,False,158,125,7968,61.54173,21.7,21.282522,22.324718
Universität Heidelberg,Germany,216,42,22,19.4,10.2,,F4320320881,False,137,79,7599,42.367419,19.6,19.444444,20.139322
International Atomic Energy Agency,Austria,180,35,7,19.4,3.9,,F4320322679,False,100,80,16845,38.064412,21.1,20.569427,21.830168
Duke-NUS Medical School,Singapore,175,34,25,19.4,14.3,,F4320316262,False,93,82,1728,36.603861,20.9,20.467915,21.646384
"Chemical Sciences, Geosciences, and Biosciences Division",USA,155,30,4,19.4,2.6,,F4320337744,False,74,81,2205,43.503315,28.1,26.27705,30.29919
State Key Laboratory of Respiratory Disease,China,139,27,5,19.4,3.6,,F4320314148,False,73,66,726,33.574276,24.2,23.376907,25.117588
University of South Florida,USA,129,25,14,19.4,10.9,,F4320310847,False,65,64,6633,25.0,19.4,19.379845,19.80492
Auburn University,USA,124,24,11,19.4,8.9,,F4320309904,False,58,66,6585,25.535171,20.6,19.478104,22.072091
"Center for AIDS Research, University of Washington",USA,383,74,32,19.3,8.4,,F4320332582,False,188,195,7950,79.726615,20.8,20.292645,21.562423
Vrije Universiteit Amsterdam,Netherlands,150,29,19,19.3,12.7,,F4320321014,False,76,74,6249,36.851967,24.6,23.77999,25.508824
Taishan Scholar Project of Shandong Province,China,135,26,8,19.3,5.9,,F4320326189,False,56,79,5253,28.760625,21.3,20.500281,22.336589
Universidad Autónoma de Madrid,Spain,135,26,16,19.3,11.9,,F4320322755,False,86,49,3501,32.041042,23.7,22.930491,24.846745
Instituto Nacional de Investigación y Tecnología Agraria y Alimentaria,Spain,114,22,7,19.3,6.1,,F4320309969,False,75,39,8519,25.210282,22.1,21.484298,22.904945
Scheme for Promotion of Academic and Research Collaboration,India,114,22,18,19.3,15.8,,F4320330412,False,62,52,4363,22.0,19.3,,
Boehringer Ingelheim,Germany,109,21,8,19.3,7.3,,F4320310441,False,62,47,5670,35.979311,33.0,31.77778,34.915509
Ministerstvo Zdravotnictví Ceské Republiky,Czech Republic,447,86,28,19.2,6.3,,F4320321798,False,275,172,6846,86.0,19.2,19.239374,19.468606
Ministry of Oceans and Fisheries,Korea,266,51,6,19.2,2.3,,F4320322011,False,151,115,7661,55.626298,20.9,20.306664,21.623296
Zhongnan Hospital of Wuhan University,China,239,46,14,19.2,5.9,,F4320329542,False,143,96,1448,49.246983,20.6,19.917694,21.558986
Science Foundation Ireland,Ireland,995,190,132,19.1,13.3,,F4320320847,False,489,506,42405,223.705893,22.5,21.694129,23.470588
Children's Hospital of Philadelphia,USA,329,63,49,19.1,14.9,,F4320309099,False,146,183,3377,65.358705,19.9,19.188647,20.745102
University of Southampton,UK,278,53,28,19.1,10.1,,F4320320277,False,129,149,12250,60.74211,21.8,20.877501,23.18925
Nankai University,China,204,39,9,19.1,4.4,,F4320323021,False,121,83,4982,48.51314,23.8,22.836084,24.879159
Shenzhen Fundamental Research Program,China,199,38,10,19.1,5.0,,F4320329791,False,117,82,4236,40.021815,20.1,19.432009,20.960443
Universität Regensburg,Germany,173,33,23,19.1,13.3,,F4320323328,False,115,58,2706,36.790285,21.3,20.870945,21.719434
China Pharmaceutical University,China,115,22,5,19.1,4.3,,F4320321542,False,63,52,2037,25.824077,22.5,21.657246,23.383411
City University of New York,USA,115,22,5,19.1,4.3,,F4320309102,False,52,63,8697,27.642473,24.0,23.388807,24.833562
University of Galway,Ireland,115,22,7,19.1,6.1,,F4320320861,False,52,63,3518,22.50366,19.6,19.130435,20.319863
Ministry of Science and Innovation (Spain),Spain,4817,917,428,19.0,8.9,,F4320322930,False,2765,2052,115683,1034.482232,21.5,20.699917,22.446906
"National Agency for Research and Development (ANID, Chile)",CL,1424,270,126,19.0,8.8,,F4320331146,False,889,535,16602,297.404596,20.9,20.268361,21.638703
Imperial College London,UK,1126,214,183,19.0,16.3,,F4320320283,False,534,592,31177,252.209101,22.4,21.734248,23.35064
UK Dementia Research Institute,UK,326,62,50,19.0,15.3,,F4320329730,False,172,154,1835,71.506231,21.9,20.983815,23.125419
National Alliance for Research on Schizophrenia and Depression,USA,269,51,71,19.0,26.4,,F4320311440,False,136,133,10251,53.06219,19.7,19.270422,20.20875
Consiglio Nazionale delle Ricerche,Italy,174,33,13,19.0,7.5,,F4320322651,False,103,71,11262,33.036478,19.0,18.965517,19.899232
University of Notre Dame,USA,137,26,19,19.0,13.9,,F4320310260,False,67,70,7457,28.12688,20.5,19.84122,21.361663
University of Haifa,Israel,100,19,18,19.0,18.0,,F4320323387,False,67,33,1808,21.592122,21.6,20.988169,22.34611
European Regional Development Fund,EU,5962,1129,498,18.9,8.4,supranational,F4320335322,True,3308,2654,177293,1228.496509,20.6,19.872625,21.549001
"Research Grants Council, University Grants Committee",Hong Kong,472,89,55,18.9,11.7,,F4320321592,False,221,251,20685,117.735188,24.9,23.349799,26.966472
Xunta de Galicia,Spain,438,83,32,18.9,7.3,,F4320326655,False,222,216,18797,95.653947,21.8,20.853907,23.081906
University of Michigan,USA,397,75,44,18.9,11.1,,F4320309652,False,142,255,32442,82.482727,20.8,20.154182,21.624903
"Higher Education Commision, Pakistan",Pakistan,185,35,9,18.9,4.9,,F4320326275,False,124,61,9428,35.0,18.9,18.918919,18.925935
Cambridge Trust,UK,169,32,32,18.9,18.9,,F4320321848,False,67,102,3773,44.268661,26.2,24.712067,27.951575
Health Systems Research Institute,Thailand,132,25,7,18.9,5.3,,F4320326599,False,82,50,840,26.35495,20.0,19.656963,20.458147
Pan American Health Organization,USA,122,23,13,18.9,10.7,,F4320333249,False,49,73,3047,27.798433,22.8,22.167812,23.612752
"School of Medicine, Emory University",USA,122,23,18,18.9,14.8,,F4320332554,False,47,75,2043,25.49603,20.9,20.246198,21.709037
Shanghai Jiao Tong University,China,1363,256,104,18.8,7.6,,F4320322999,False,802,561,18872,285.3751,20.9,20.260558,21.820007
"Dirección General de Asuntos del Personal Académico, Universidad Nacional Autónoma de México",Mexico,547,103,42,18.8,7.7,,F4320335100,False,313,234,17977,117.175012,21.4,20.641577,22.364111
Technische Universität Dresden,Germany,441,83,53,18.8,12.0,,F4320321613,False,312,129,7244,85.219641,19.3,18.820862,20.034629
Rijksuniversiteit Groningen,Netherlands,357,67,43,18.8,12.0,,F4320320933,False,175,182,10474,79.982564,22.4,21.480761,23.558734
Merck KGaA,Germany,313,59,24,18.8,7.7,,F4320311647,False,133,180,5395,64.662495,20.7,20.025045,21.527148
Narodowa Agencja Wymiany Akademickiej,Poland,298,56,29,18.8,9.7,,F4320328499,False,173,125,4898,59.392091,19.9,19.094424,20.913807
Debreceni Egyetem,HU,229,43,14,18.8,6.1,,F4320325658,False,145,84,2610,43.614147,19.0,18.777293,19.493683
Innovációs és Technológiai Minisztérium,HU,223,42,21,18.8,9.4,,F4320328991,False,131,92,3862,45.114732,20.2,19.73367,20.818842
Xinjiang Production and Construction Corps,China,207,39,10,18.8,4.8,,F4320326153,False,125,82,1573,41.870896,20.2,19.548882,20.974939
Innovative Research Team of High-level Local University in Shanghai,China,186,35,12,18.8,6.5,,F1831464670,False,87,99,1535,35.0,18.8,18.817204,19.516991
Hong Kong University of Science and Technology,Hong Kong,149,28,19,18.8,12.8,,F4320323537,False,75,74,7895,35.049993,23.5,22.416966,24.885567
Päivikki ja Sakari Sohlbergin Säätiö,Finland,144,27,11,18.8,7.6,,F4320322456,False,84,60,1789,27.0,18.8,,
National Center of Neurology and Psychiatry,Japan,128,24,11,18.8,8.6,,F4320325772,False,70,58,2107,24.954513,19.5,18.951579,20.315581
National University's Basic Research Foundation of China,China,128,24,8,18.8,6.2,,F4320328119,False,28,100,20951,28.356987,22.2,21.206634,23.209932
China Academy of Chinese Medical Sciences,China,375,70,23,18.7,6.1,,F4320323485,False,211,164,2102,78.981948,21.1,20.437611,21.885582
Science and Technology Facilities Council,UK,364,68,56,18.7,15.4,,F4320334632,False,223,141,101197,81.82729,22.5,21.741155,23.35436
Guangxi Key Research and Development Program,China,262,49,15,18.7,5.7,,F4320336589,False,141,121,2811,51.225437,19.6,18.945466,20.320584
Cincinnati Children's Hospital Medical Center,USA,251,47,37,18.7,14.7,,F4320309575,False,106,145,3084,48.562346,19.3,18.742192,20.136105
Kungliga Tekniska Högskolan,Sweden,182,34,32,18.7,17.6,,F4320322509,False,117,65,6057,40.499368,22.3,21.494113,23.261047
University at Buffalo,USA,155,29,23,18.7,14.8,,F4320332641,False,79,76,6411,29.492084,19.0,18.709677,19.948421
"National Scientific and Technical Research Council (CONICET, Argentina)",AR,737,137,61,18.6,8.3,,F4320321594,False,420,317,71574,151.635449,20.6,19.836788,21.460316
Fundação Oswaldo Cruz,Brazil,440,82,23,18.6,5.2,,F4320323917,False,242,198,7518,92.696374,21.1,20.507078,21.82604
National Institute of Standards and Technology,USA,269,50,30,18.6,11.2,,F4320332178,False,146,123,34044,59.249378,22.0,20.993954,23.283136
Scottish Government,UK,177,33,46,18.6,26.0,,F4320313269,False,78,99,7822,34.287102,19.4,18.644068,20.600808
Itä-Suomen Yliopisto,Finland,172,32,22,18.6,12.8,,F4320310055,False,124,48,3350,35.664784,20.7,20.194774,21.430669
University of Nebraska Medical Center,USA,161,30,18,18.6,11.2,,F4320309137,False,68,93,3257,34.390147,21.4,20.922955,21.933382
Rijksinstituut voor Volksgezondheid en Milieu,Netherlands,156,29,16,18.6,10.3,,F4320335216,False,84,72,3281,34.387099,22.0,21.539809,22.83273
Universidad de Málaga,Spain,156,29,14,18.6,9.0,,F4320311265,False,106,50,3764,29.0,18.6,,
Rural Development Administration,Korea,622,115,16,18.5,2.6,,F4320322035,False,327,295,22020,127.792184,20.5,19.894295,21.343842
Universität Basel,Switzerland,567,105,66,18.5,11.6,,F4320310466,False,371,196,8314,117.112358,20.7,20.223466,21.227695
Kasetsart University,Thailand,308,57,6,18.5,1.9,,F4320322722,False,155,153,4622,57.446707,18.7,18.506494,19.643065
"Materials Research Science and Engineering Center, Harvard University",USA,292,54,38,18.5,13.0,,F4320333422,False,169,123,10858,68.940885,23.6,22.48456,25.053892
Westfälische Wilhelms-Universität Münster,Germany,276,51,43,18.5,15.6,,F4320322957,False,191,85,4160,60.633217,22.0,21.520928,22.544078
Innovation and Technology Fund,Hong Kong,151,28,13,18.5,8.6,,F4320326427,False,87,64,3352,31.811807,21.1,20.134253,22.279581
Shantou University,China,124,23,5,18.5,4.0,,F4320310972,False,82,42,1869,23.0,18.5,,
Shandong University,China,853,157,46,18.4,5.4,,F4320311026,False,523,330,15591,177.850886,20.9,20.140639,21.750649
"Nemzeti Kutatási, Fejlesztési és Innovaciós Alap",HU,735,135,61,18.4,8.3,,F4320335908,False,444,291,7808,139.054053,18.9,18.416564,19.538411
"National Agency for Scientific and Technological Promotion (ANPCyT, Argentina)",AR,472,87,33,18.4,7.0,,F4320334832,False,272,200,36466,102.570658,21.7,21.034109,22.523697
Universität Innsbruck,Austria,228,42,32,18.4,14.0,,F4320327491,False,139,89,4860,45.297303,19.9,19.148498,20.706219
Japan International Cooperation Agency,Japan,174,32,7,18.4,4.0,,F4320322716,False,96,78,8575,32.836796,18.9,18.390805,19.608275
National Multiple Sclerosis Society,USA,141,26,23,18.4,16.3,,F4320306161,False,76,65,7312,32.377427,23.0,22.107116,23.941902
Orionin Tutkimussäätiö,Finland,125,23,10,18.4,8.0,,F4320324148,False,68,57,1536,24.296353,19.4,18.767391,20.448137
"Centre For Medical Engineering, King’s College London",UK,114,21,25,18.4,21.9,,F4320337314,False,64,50,847,23.86445,20.9,20.279095,21.932865
Chulalongkorn University,Thailand,789,144,28,18.3,3.5,,F4320321557,False,451,338,15464,164.582059,20.9,20.33298,21.580868
University of Tokyo,Japan,676,124,61,18.3,9.0,,F4320322832,False,459,217,26664,139.255037,20.6,19.967651,21.428593
Österreichische Forschungsförderungsgesellschaft,Austria,377,69,36,18.3,9.5,,F4320323031,False,213,164,11342,74.948192,19.9,19.437519,20.536211
University College London Hospitals NHS Foundation Trust,UK,279,51,43,18.3,15.4,,F4320325311,False,148,131,4175,62.972494,22.6,22.077619,23.367204
Guangdong Provincial People's Hospital,China,224,41,13,18.3,5.8,,F4320329842,False,118,106,1155,43.446518,19.4,18.852591,20.287048
Qatar National Research Fund,QA,197,36,9,18.3,4.6,,F4320332753,False,126,71,12205,37.911539,19.2,18.809072,19.812146
SENSHIN Medical Research Foundation,Japan,109,20,10,18.3,9.2,,F4320325287,False,53,56,1483,20.477452,18.8,18.348624,20.038282
National Science and Technology Major Project,China,692,126,60,18.2,8.7,,F4320329860,False,408,284,20401,141.898369,20.5,19.766565,21.463079
Guizhou University,China,302,55,10,18.2,3.3,,F4320321927,False,186,116,3249,65.465229,21.7,20.805151,22.741943
Universidade de Macau,MO,292,53,25,18.2,8.6,,F4320322841,False,152,140,7433,60.324937,20.7,19.728773,22.066719
Deutsches Zentrum für Herz-Kreislaufforschung,Germany,274,50,33,18.2,12.0,,F4320312069,False,158,116,2975,58.134005,21.2,20.650928,21.981495
Shenzhen Science and Technology Innovation Program,China,274,50,14,18.2,5.1,,F4320336569,False,153,121,4374,59.208111,21.6,20.727549,22.670474
"Perelman School of Medicine, University of Pennsylvania",USA,181,33,24,18.2,13.3,,F4320332608,False,71,110,1561,33.0,18.2,18.232044,18.680646
Louisiana State University,USA,148,27,15,18.2,10.1,,F4320310395,False,67,81,9998,36.731228,24.8,24.008352,25.759855
Thailand Research Fund,Thailand,148,27,1,18.2,0.7,government,F4320322614,True,89,59,21921,31.93414,21.6,20.819722,22.53615
Australian Government,Australia,2397,434,275,18.1,11.5,,F4320315885,False,1335,1062,75188,482.963225,20.1,19.625069,20.963151
Université de Genève,Switzerland,452,82,51,18.1,11.3,,F4320323830,False,322,130,8843,92.351056,20.4,19.818873,21.225568
Virginia Commonwealth University,USA,204,37,24,18.1,11.8,,F4320311096,False,89,115,4767,42.997894,21.1,20.657423,21.695033
National Major Science and Technology Projects of China,China,144,26,10,18.1,6.9,,F4320335960,False,60,84,9743,27.527363,19.1,18.263166,20.077354
"Medical School, University of Michigan",USA,105,19,4,18.1,3.8,,F4320332682,False,43,62,1839,19.987588,19.0,18.248949,20.208299
Universidade Federal do Rio Grande do Sul,Brazil,105,19,8,18.1,7.6,,F4320322987,False,53,52,10598,19.320974,18.4,18.095238,19.080395
Centers for Disease Control and Prevention,USA,4082,734,316,18.0,7.7,,F4320332162,True,1943,2139,100218,840.257741,20.6,20.112195,21.347908
Natural Science Foundation of Shanghai,China,1303,234,82,18.0,6.3,,F4320309612,False,751,552,36717,255.400305,19.6,18.974731,20.45239
National Research Council of Thailand,Thailand,881,159,20,18.0,2.3,,F4320322817,False,512,369,11903,172.760268,19.6,18.93035,20.497106
Universitetet i Bergen,Norway,461,83,59,18.0,12.8,,F4320323078,False,323,138,8503,88.163094,19.1,18.800747,19.635804
Korea Environmental Industry and Technology Institute,Korea,245,44,10,18.0,4.1,,F4320334877,False,143,102,4196,48.381631,19.7,19.330873,20.263176
Japan Science and Technology Corporation,Japan,217,39,24,18.0,11.1,,F4320320907,False,141,76,7428,42.723389,19.7,18.995275,20.662061
Camille and Henry Dreyfus Foundation,USA,111,20,6,18.0,5.4,,F4320306315,False,36,75,4500,29.776543,26.8,24.46779,29.437751
Steno Diabetes Center Aarhus,Denmark,100,18,8,18.0,8.0,,F6588515732,False,54,46,1175,19.678436,19.7,19.379156,20.301641
Universidad Nacional Autónoma de México,Mexico,481,86,37,17.9,7.7,,F4320323401,False,275,206,12154,96.747835,20.1,19.453922,20.956196
Guizhou Medical University,China,268,48,7,17.9,2.6,,F4320326301,False,168,100,1074,51.659955,19.3,18.735868,20.084273
Chinese Academy of Medical Sciences Initiative for Innovative Medicine,China,234,42,9,17.9,3.8,,F4320336738,False,97,137,2251,46.647082,19.9,19.178465,20.898398
Foundation for Innovative Research Groups of the National Natural Science Foundation of China,China,229,41,7,17.9,3.1,,F4320327720,False,115,114,8864,45.582354,19.9,19.008641,20.943017
University of Adelaide,Australia,218,39,23,17.9,10.6,,F4320320978,False,132,86,8315,42.681283,19.6,19.163196,20.224471
Fundamental Research Funds for Central Universities of the Central South University,China,179,32,10,17.9,5.6,,F4320335880,False,109,70,5904,33.014916,18.4,17.877095,19.254248
Georgetown University,USA,173,31,14,17.9,8.1,,F4320310223,False,81,92,6357,37.887194,21.9,21.238053,22.799433
Slovenská Akadémia Vied,SK,173,31,8,17.9,4.6,,F4320312330,False,119,54,6505,32.212121,18.6,18.329245,18.948664
Crafoordska Stiftelsen,Sweden,140,25,17,17.9,12.1,,F4320321761,False,68,72,3645,34.305654,24.5,23.562624,25.75953
Universität zu Lübeck,Germany,112,20,10,17.9,8.9,,F4320322414,False,83,29,1169,23.289362,20.8,20.524353,21.092333
National Key Research and Development Program,China,21352,3811,1206,17.8,5.6,government,F4320335777,True,12139,9213,484859,4394.241454,20.6,19.753211,21.598329
Korea Basic Science Institute,Korea,360,64,9,17.8,2.5,,F4320322111,False,216,144,6808,71.981287,20.0,19.333099,20.876264
Michael Smith Health Research BC,Canada,331,59,40,17.8,12.1,,F4320319965,False,162,169,8011,66.584629,20.1,19.50772,21.056319
European Space Agency,France,213,38,41,17.8,19.2,,F4320318240,False,162,51,25546,43.130675,20.2,19.759132,20.842178
BC Children's Hospital,Canada,129,23,15,17.8,11.6,,F4320313426,False,63,66,1143,28.919742,22.4,22.075459,23.103538
Bundesministerium für Digitalisierung und Wirtschaftsstandort,Austria,107,19,9,17.8,8.4,,F4320327593,False,58,49,2377,20.077424,18.8,18.219125,19.617281
Universidade Federal do Rio Grande do Norte,Brazil,107,19,7,17.8,6.5,,F4320325185,False,64,43,3978,20.021641,18.7,18.088623,19.436515
Science and Engineering Research Board,India,1406,249,87,17.7,6.2,,F4320334771,False,727,679,93487,278.369878,19.8,19.041628,20.725584
Guangxi Natural Science Foundation,China,837,148,38,17.7,4.5,government,F4320322768,True,517,320,17828,162.710932,19.4,18.735437,20.364008
European Cooperation in Science and Technology,Belgium,435,77,22,17.7,5.1,,F4320320366,False,188,247,14561,87.317524,20.1,19.209064,21.166234
European Social Fund,EU,1070,188,87,17.6,8.1,government,F4320338080,True,556,514,63768,213.187491,19.9,19.159624,20.929498
Korea Institute of Science and Technology,Korea,318,56,23,17.6,7.2,,F4320322091,False,184,134,12771,66.220112,20.8,20.033234,21.773503
JST-Mirai Program,Japan,205,36,12,17.6,5.9,,F4320338243,False,118,87,3017,47.269342,23.1,22.294912,24.056489
UCLH Biomedical Research Centre,UK,119,21,23,17.6,19.3,,F4320335827,False,50,69,954,21.572472,18.1,17.647059,19.370073
University of Miami,USA,463,81,58,17.5,12.5,,F4320309249,False,213,250,13006,92.281391,19.9,19.231883,20.834176
"National Fund for Scientific and Technological Development (FONDECYT, Chile)",CL,440,77,31,17.5,7.0,,F4320338073,False,241,199,17147,87.935405,20.0,19.156365,20.999379
"Foreign, Commonwealth and Development Office",UK,439,77,50,17.5,11.4,,F4320330760,False,238,201,3457,93.633915,21.3,20.799924,22.154601
Russian Academy of Sciences,Russia,275,48,13,17.5,4.7,,F4320334801,False,148,127,35987,56.369807,20.5,19.657592,21.52771
Macquarie University,Australia,252,44,33,17.5,13.1,,F4320320591,False,133,119,8876,48.135803,19.1,18.416034,20.054674
Universiteit Stellenbosch,South Africa,228,40,18,17.5,7.9,,F4320322663,False,117,111,6098,47.701497,20.9,20.585844,21.407465
Universiti Malaya,Malaysia,126,22,7,17.5,5.6,,F4320322604,False,64,62,16483,24.569575,19.5,18.992195,20.389901
Houston Methodist Research Institute,USA,114,20,16,17.5,14.0,,F4320333841,False,47,67,837,22.76918,20.0,19.552237,20.640706
Fundamental Research Funds for the Central Universities,China,7174,1245,482,17.4,6.7,,F4320335787,False,4346,2828,338231,1474.743811,20.6,19.829633,21.433404
Canadian Institutes of Health Research,Canada,6111,1062,662,17.4,10.8,government,F4320334506,True,3007,3104,130575,1177.987775,19.3,18.632195,20.220801
"Ministry of Science, Innovation and Universities (Spain)",Spain,2338,406,169,17.4,7.2,,F4320315062,False,1015,1323,39270,486.098929,20.8,19.59069,22.273729
Universitetet i Oslo,Norway,551,96,83,17.4,15.1,,F4320323260,False,371,180,14416,103.106567,18.7,18.297588,19.273073
Helse Sør-Øst RHF,Norway,363,63,51,17.4,14.0,,F4320335102,False,198,165,4070,70.713599,19.5,18.946695,20.25517
"National Commission for Scientific and Technological Research (CONICYT, Chile)",CL,242,42,9,17.4,3.7,,F4320334812,False,154,88,26199,42.202703,17.4,17.355372,17.994776
Ministero dell'Istruzione e del Merito,Italy,201,35,11,17.4,5.5,,F5497039910,False,61,140,5601,36.019017,17.9,17.412935,18.847563
"Higher Education Commission, Pakistan",Pakistan,184,32,9,17.4,4.9,,F4320322799,False,86,98,10423,32.0,17.4,,
Academy of Scientific Research and Technology,EG,121,21,3,17.4,2.5,,F4320321116,False,98,23,1886,22.698542,18.8,18.525132,19.067547
Renji Hospital,China,121,21,13,17.4,10.7,,F4320331064,False,65,56,903,21.589448,17.8,17.368796,18.543482
China Postdoctoral Science Foundation,China,6130,1063,355,17.3,5.8,government,F4320321543,True,3659,2471,197360,1206.869247,19.7,19.046662,20.480559
Johns Hopkins University,USA,1586,275,173,17.3,10.9,,F4320310145,False,708,878,57100,312.098403,19.7,19.003213,20.599747
University of Cambridge,UK,543,94,66,17.3,12.2,,F4320320273,False,309,234,49303,102.286578,18.8,18.067977,19.820436
Chinese University of Hong Kong,Hong Kong,444,77,47,17.3,10.6,,F4320322942,False,218,226,15269,94.28111,21.2,20.346735,22.480685
Leids Universitair Medisch Centrum,Netherlands,364,63,38,17.3,10.4,,F4320323080,False,155,209,5511,76.05983,20.9,20.31686,21.717145
University of Ottawa,Canada,318,55,26,17.3,8.2,,F4320310630,False,158,160,9358,66.214297,20.8,20.28375,21.629158
Program of Shanghai Academic Research Leader,China,294,51,17,17.3,5.8,,F4320335796,False,155,139,4606,57.745357,19.6,18.800919,20.704896
Washington State University,USA,226,39,16,17.3,7.1,,F4320309913,False,107,119,14108,44.05229,19.5,18.800286,20.437486
National Science and Technology Development Agency,Thailand,214,37,13,17.3,6.1,,F4320322437,False,125,89,9144,42.2161,19.7,19.083709,20.525371
Guangzhou Science and Technology Program key projects,China,208,36,10,17.3,4.8,,F4320334898,False,83,125,4957,45.388735,21.8,21.188392,22.553589
Natural Science Foundation of Shenzhen City,China,110,19,3,17.3,2.7,,F4320316880,False,55,55,1548,20.83637,18.9,17.713615,20.581145
Priority Academic Program Development of Jiangsu Higher Education Institutions,China,1098,189,38,17.2,3.5,,F4320327518,False,602,496,45797,223.417947,20.3,19.43405,21.482492
Southwest University,China,238,41,10,17.2,4.2,,F4320323711,False,134,104,5454,53.559358,22.5,21.329121,23.765053
Office of Energy Efficiency,USA,151,26,16,17.2,10.6,,F4320337919,False,85,66,7033,30.877577,20.4,19.633068,21.557506
National Institute of Mental Health and Neurosciences,India,122,21,23,17.2,18.9,,F4320318855,False,62,60,1187,24.314144,19.9,19.340618,20.664902
Erasmus Universiteit Rotterdam,Netherlands,116,20,18,17.2,15.5,,F4320321009,False,51,65,3355,22.007653,19.0,18.312519,19.992754
Moorfields Eye Hospital NHS Foundation Trust,UK,116,20,13,17.2,11.2,,F4320327683,False,50,66,1816,23.934514,20.6,20.335936,21.164918
National Science Fund for Distinguished Young Scholars,China,438,75,33,17.1,7.5,,F4320336125,False,249,189,15270,96.325467,22.0,21.081742,23.054278
Natural Science Foundation of Ningxia Province,China,286,49,8,17.1,2.8,,F4320322877,False,190,96,3511,51.692153,18.1,17.515809,18.794997
North-West University,South Africa,211,36,3,17.1,1.4,,F4320323194,False,144,67,3423,36.0,17.1,17.061611,17.36863
Università degli Studi di Pavia,Italy,181,31,10,17.1,5.5,,F4320322874,False,105,76,4251,31.0,17.1,17.127072,17.215351
Emil Aaltosen Säätiö,Finland,175,30,19,17.1,10.9,,F4320322861,False,84,91,5530,33.48974,19.1,18.402795,20.172766
Medizinische Universität Innsbruck,Austria,140,24,22,17.1,15.7,,F4320326164,False,96,44,1517,24.0,17.1,,
Agentura Pro Zdravotnický Výzkum České Republiky,Czech Republic,123,21,10,17.1,8.1,,F4320325869,False,79,44,1146,21.0,17.1,,
Università degli Studi di Siena,Italy,117,20,10,17.1,8.5,,F4320313975,False,77,40,2258,22.661203,19.4,18.566352,20.30826
Kunming University of Science and Technology,China,105,18,5,17.1,4.8,,F4320324302,False,68,37,1836,19.544685,18.6,18.191262,19.100758
March of Dimes Foundation,USA,105,18,18,17.1,17.1,,F4320306182,False,50,55,8843,20.188859,19.2,18.373274,20.413464
Guangzhou Municipal Science and Technology Bureau,China,300,51,16,17.0,5.3,,F4320330743,False,170,130,2015,58.73896,19.6,18.980307,20.480848
American Diabetes Association,USA,241,41,29,17.0,12.0,government,F4320306089,True,89,152,11459,52.378496,21.7,21.336838,22.378133
Public Health England,UK,147,25,33,17.0,22.4,,F4320321067,False,74,73,5324,26.550202,18.1,17.718091,18.602961
Universidad de Chile,CL,135,23,13,17.0,9.6,,F4320323458,False,83,52,6410,25.930348,19.2,18.736533,19.861772
Ministry of Health,JM,106,18,9,17.0,8.5,,F4320311419,False,38,68,1424,22.090698,20.8,20.140567,21.827316
Natural Science Foundation of Fujian Province,China,1877,318,70,16.9,3.7,,F4320321878,False,1165,712,31256,353.490625,18.8,18.235003,19.610157
Wuhan University,China,816,138,33,16.9,4.0,,F4320324116,False,506,310,11883,157.599409,19.3,18.645123,20.194216
Georgia Institute of Technology,USA,201,34,28,16.9,13.9,,F4320309321,False,72,129,12850,39.910444,19.9,18.458146,21.538737
First Affiliated Hospital of Zhengzhou University,China,177,30,8,16.9,4.5,,F4320329504,False,112,65,1049,34.078357,19.3,18.773245,19.848747
"Ministerio de Ciencia, Tecnología e Innovación Productiva",AR,172,29,9,16.9,5.2,,F4320321664,False,59,113,4952,40.177436,23.4,21.957174,25.310243
Major Research Plan,China,166,28,9,16.9,5.4,,F4320335577,False,89,77,3451,37.971157,22.9,21.915177,24.024956
Ben-Gurion University of the Negev,Israel,124,21,16,16.9,12.9,,F4320323051,False,78,46,2919,26.115952,21.1,19.989975,22.357403
Vrije Universiteit Brussel,Belgium,124,21,12,16.9,9.7,,F4320322634,False,57,67,4940,24.312028,19.6,18.889662,20.652431
Natural Science Foundation of Guangdong Province,China,2771,466,126,16.8,4.5,,F4320321921,False,1614,1157,74012,536.781927,19.4,18.718239,20.250957
Mitacs,Canada,499,84,49,16.8,9.8,,F4320322675,False,281,218,12500,90.1718,18.1,17.43952,18.922762
Institució Catalana de Recerca i Estudis Avançats,Spain,286,48,26,16.8,9.1,,F4320322121,False,141,145,6683,63.355396,22.2,20.84727,23.76241
Association Nationale de la Recherche et de la Technologie,France,179,30,17,16.8,9.5,,F4320321663,False,110,69,5749,33.13116,18.5,17.709443,19.513835
Tianjin Science and Technology Program,China,161,27,7,16.8,4.3,,F4320336756,False,87,74,2683,27.01294,16.8,16.770186,17.543684
"Medical Center, University of Rochester",USA,107,18,10,16.8,9.3,,F4320332907,False,44,63,1986,18.0,16.8,16.82243,17.189186
Leeds Biomedical Research Centre,UK,101,17,16,16.8,15.8,,F4320336708,False,42,59,506,20.858731,20.7,20.366229,21.198569
National Health and Medical Research Council,Australia,4410,738,415,16.7,9.4,government,F4320334705,True,2213,2197,113926,837.141791,19.0,18.371373,19.953825
Uppsala Universitet,Sweden,837,140,97,16.7,11.6,,F4320324119,False,606,231,14446,164.903998,19.7,19.29305,20.300059
Children’s Hospital of Wisconsin Research Institute,USA,257,43,28,16.7,10.9,,F4320312687,False,132,125,2251,44.665185,17.4,16.989466,17.951846
Ningbo University,China,252,42,11,16.7,4.4,,F4320322605,False,158,94,5397,54.213263,21.5,21.027289,22.14438
University of East Anglia,UK,126,21,8,16.7,6.3,,F4320320274,False,56,70,5523,26.966836,21.4,20.065922,23.165592
University of Aberdeen,UK,120,20,7,16.7,5.8,,F4320320359,False,61,59,6039,26.70802,22.3,21.478507,23.250899
Istituto Superiore di Sanità,Italy,102,17,8,16.7,7.8,,F4320322278,False,51,51,2280,19.288375,18.9,18.373244,19.5066
Georgia Clinical and Translational Science Alliance,USA,725,120,83,16.6,11.4,,F4320316438,False,328,397,8375,120.0,16.6,,
University of New South Wales,Australia,663,110,80,16.6,12.1,,F4320320965,False,372,291,20488,136.02357,20.5,19.876582,21.460102
U.S. Food and Drug Administration,USA,513,85,44,16.6,8.6,,F4320332163,False,240,273,19022,97.435252,19.0,18.567655,19.640119
Natural Science Foundation of Inner Mongolia,China,489,81,11,16.6,2.2,,F4320322868,False,296,193,7694,94.432199,19.3,18.673296,20.142236
Bundesministerium für Gesundheit,Germany,337,56,51,16.6,15.1,,F4320321721,False,207,130,4251,60.300304,17.9,17.419241,18.582851
Innovationsfonden,Denmark,259,43,32,16.6,12.4,,F4320313796,False,143,116,8677,47.929465,18.5,18.005251,19.200383
National Natural Science Foundation of China,China,95104,15712,5058,16.5,5.3,government,F4320321001,True,56959,38145,3567548,18381.058191,19.3,18.629677,20.205919
Beijing Nova Program,China,437,72,38,16.5,8.7,,F4320334978,False,255,182,8327,83.939902,19.2,18.580118,19.997005
National Center for Global Health and Medicine,Japan,115,19,4,16.5,3.5,,F4320313449,False,74,41,1706,21.974733,19.1,18.561789,20.026033
U.S. Public Health Service,USA,115,19,13,16.5,11.3,,F4320332505,False,50,65,48855,24.570803,21.4,20.899132,21.880424
Zhejiang Provincial Natural Science Foundation,China,3349,548,167,16.4,5.0,government,F4320338464,True,2000,1349,77246,660.001929,19.7,19.07686,20.529164
University of Toronto,Canada,884,145,122,16.4,13.8,,F4320322015,False,438,446,29754,166.875206,18.9,18.22358,19.783066
University of Queensland,Australia,511,84,42,16.4,8.2,,F4320320984,False,290,221,17497,97.868971,19.2,18.468361,20.052458
"University of California, Los Angeles",USA,384,63,55,16.4,14.3,,F4320332502,False,146,238,12105,85.761126,22.3,21.052316,23.971277
Universidad de Granada,Spain,323,53,26,16.4,8.0,,F4320323834,False,192,131,7965,58.556601,18.1,17.688917,18.759653
Brigham and Women's Hospital,USA,318,52,38,16.4,11.9,,F4320308347,False,138,180,5667,63.027772,19.8,19.361848,20.54351
VINNOVA,Sweden,318,52,25,16.4,7.9,,F4320321030,False,142,176,12001,57.833858,18.2,17.383016,19.399658
Junta de Castilla y León,Spain,225,37,11,16.4,4.9,,F4320328351,False,129,96,7576,45.494775,20.2,19.457814,21.251393
Indian Institute of Science Education and Research Mohali,India,201,33,12,16.4,6.0,,F4320327182,False,88,113,3767,41.666855,20.7,19.81893,21.778482
Hunan Provincial Science and Technology Department,China,183,30,10,16.4,5.5,,F4320321471,False,105,78,3925,37.345896,20.4,19.749917,21.262368
Guangdong Ocean University,China,159,26,5,16.4,3.1,,F4320329021,False,82,77,1309,31.138878,19.6,18.768489,20.593851
University of Tasmania,Australia,140,23,17,16.4,12.1,,F4320320609,False,79,61,6272,26.809456,19.1,18.54136,20.065563
"Pró-Reitoria de Pesquisa e Pós-Graduação, Universidade Federal do Pará",Brazil,134,22,8,16.4,6.0,,F4320334115,False,85,49,1201,23.281325,17.4,17.024079,17.781953
Helse Vest,Norway,116,19,9,16.4,7.8,,F4320322496,False,64,52,1533,20.918998,18.0,17.516836,18.805806
Science and Technology Commission of Shanghai Municipality,China,2544,415,188,16.3,7.4,,F4320321885,False,1395,1149,57766,481.981545,18.9,18.19791,19.907591
Peking University,China,2106,343,163,16.3,7.7,,F4320324787,False,1244,862,20073,405.209732,19.2,18.618418,20.086338
British Heart Foundation,UK,1501,244,202,16.3,13.5,government,F4320319992,True,666,835,31736,285.492609,19.0,18.500947,19.889687
Government of the United Kingdom,UK,596,97,80,16.3,13.4,,F4320314707,False,314,282,13544,117.2021,19.7,19.132694,20.452507
Eusko Jaurlaritza,Spain,576,94,46,16.3,8.0,,F4320321705,False,319,257,21574,112.648372,19.6,18.787419,20.557413
Irish Research Council,Ireland,343,56,22,16.3,6.4,government,F4320321056,True,158,185,12022,71.569036,20.9,19.99438,21.926031
Jiangsu Provincial Key Research and Development Program,China,283,46,16,16.3,5.7,,F4320327777,False,163,120,6116,50.296383,17.8,17.106023,18.663749
Johns Hopkins Bloomberg School of Public Health,USA,178,29,16,16.3,9.0,,F4320332669,False,81,97,3462,30.688305,17.2,16.69453,17.978394
Tokyo Medical and Dental University,Japan,147,24,7,16.3,4.8,,F4320324799,False,78,69,3270,28.03692,19.1,18.383968,20.033497
Peking University Health Science Center,China,104,17,9,16.3,8.7,,F4320336500,False,49,55,1261,21.098821,20.3,19.559996,21.407385
Fundacao de Amparo a Pesquisa do Estado de Sao Paulo,Brazil,3040,493,182,16.2,6.0,government,F4320320997,True,1611,1429,182828,567.659698,18.7,18.04467,19.503643
Karolinska Institute,Sweden,1726,279,189,16.2,11.0,government,F4320322315,True,1195,531,25267,300.255378,17.4,17.021535,17.971683
Natural Science Foundation of Gansu Province,China,593,96,20,16.2,3.4,,F4320322880,False,372,221,8984,110.773899,18.7,18.160251,19.362973
"Ministerie van Volksgezondheid, Welzijn en Sport",Netherlands,260,42,38,16.2,14.6,,F4320321645,False,141,119,2049,42.40555,16.3,16.153846,16.946478
"Agencia Nacional de Promoción de la Investigación, el Desarrollo Tecnológico y la Innovación",AR,222,36,19,16.2,8.6,,F4320331467,False,134,88,2175,45.440408,20.5,19.696799,21.373447
NIHR Maudsley Biomedical Research Centre,UK,216,35,33,16.2,15.3,,F4320334412,False,118,98,831,40.672122,18.8,18.383828,19.640737
Bloomberg Philanthropies,USA,179,29,18,16.2,10.1,,F4320315694,False,88,91,1495,38.548836,21.5,20.808896,22.619841
University of Technology Sydney,Australia,130,21,14,16.2,10.8,,F4320320967,False,81,49,4896,26.096384,20.1,19.689721,20.682575
Russian Science Foundation,Russia,2157,347,82,16.1,3.8,government,F4320324099,True,1175,982,100291,371.260022,17.2,16.533895,18.07444
Chinese Academy of Medical Sciences,China,1304,210,77,16.1,5.9,,F4320323137,False,676,628,11640,254.267178,19.5,18.90489,20.342111
National Medical Research Council,Singapore,793,128,72,16.1,9.1,government,F4320334737,True,397,396,31718,145.507016,18.3,17.738081,19.226819
Comunidad de Madrid,Spain,753,121,57,16.1,7.6,,F4320313831,False,413,340,22651,151.101827,20.1,19.228901,21.12493
Göteborgs Universitet,Sweden,672,108,66,16.1,9.8,,F4320323421,False,515,157,7984,110.227533,16.4,16.071429,16.909376
Aarhus Universitet,Denmark,590,95,70,16.1,11.9,,F4320309928,False,351,239,12145,115.453433,19.6,18.983794,20.351872
University of Hong Kong,Hong Kong,336,54,37,16.1,11.0,,F4320322170,False,183,153,20114,72.845214,21.7,20.617338,23.084975
University of Pretoria,South Africa,255,41,11,16.1,4.3,,F4320320692,False,136,119,8978,51.610849,20.2,19.914569,20.735008
Universität des Saarlandes,Germany,193,31,14,16.1,7.3,,F4320323322,False,123,70,2909,34.823215,18.0,17.545864,18.699723
Department of Science and Technology of Shandong Province,China,118,19,9,16.1,7.6,,F4320313895,False,47,71,2518,23.358044,19.8,18.467005,21.409867
Centro de Investigación y de Estudios Avanzados del Instituto Politécnico Nacional,Mexico,112,18,3,16.1,2.7,,F4320335331,False,65,47,4722,22.74831,20.3,19.846772,20.819644
Università degli Studi di Milano,Italy,575,92,42,16.0,7.3,,F4320313475,False,376,199,8962,107.344064,18.7,18.280415,19.18936
Hrvatska Zaklada za Znanost,HR,457,73,24,16.0,5.3,,F4320322674,False,268,189,13345,77.114996,16.9,16.240736,17.636265
Lanzhou University,China,455,73,21,16.0,4.6,,F4320313889,False,277,178,5510,89.275668,19.6,19.017197,20.39677
Ministerio de Universidades,Spain,300,48,28,16.0,9.3,,F7296444849,False,169,131,3477,56.199449,18.7,18.057956,19.592246
International Development Research Centre,Canada,287,46,24,16.0,8.4,,F4320319949,False,154,133,9685,49.480208,17.2,16.772546,17.996072
Alberta Innovates,Canada,250,40,29,16.0,11.6,,F4320325651,False,126,124,7760,45.00913,18.0,17.067451,19.328642
Medizinische Universität Graz,Austria,194,31,27,16.0,13.9,,F4320326239,False,125,69,2377,31.0,16.0,,
Eurostars,Belgium,144,23,15,16.0,10.4,,F4320338388,False,72,72,5723,23.0,16.0,15.972222,16.011355
"Clinical and Translational Science Institute, University of California, Los Angeles",USA,100,16,10,16.0,10.0,,F4320337870,False,42,58,1146,18.47144,18.5,18.103919,19.141125
King's College London,UK,936,149,118,15.9,12.6,,F4320320285,False,499,437,18151,170.139271,18.2,17.642,19.039469
Thailand Science Research and Innovation,Thailand,824,131,13,15.9,1.6,,F4320329659,False,444,380,6233,144.672368,17.6,16.89635,18.439879
National Outstanding Youth Science Fund Project of National Natural Science Foundation of China,China,446,71,32,15.9,7.2,,F4320333688,False,293,153,8134,88.783256,19.9,19.363542,20.552899
Dipartimenti di Eccellenza,Italy,370,59,30,15.9,8.1,,F4320317295,False,212,158,4511,66.424879,18.0,17.269861,18.827117
Manchester Biomedical Research Centre,UK,333,53,40,15.9,12.0,,F4320333687,False,144,189,2957,56.701096,17.0,16.554395,17.851161
Ministry of Science and Technology,VN,170,27,13,15.9,7.6,government,F4320309618,True,89,81,17471,34.300951,20.2,19.239672,21.27933
Chinese Academy of Meteorological Sciences,China,126,20,6,15.9,4.8,,F4320321849,False,21,105,1899,21.500415,17.1,16.405185,17.724144
Amsterdam University Medical Centers,Netherlands,418,66,41,15.8,9.8,,F4320319101,False,214,204,2392,74.308919,17.8,17.184401,18.591167
Universität Ulm,Germany,272,43,18,15.8,6.6,,F4320325530,False,200,72,4918,48.488593,17.8,17.378249,18.460863
Zhejiang Chinese Medical University,China,247,39,3,15.8,1.2,,F4320322929,False,145,102,1288,48.144828,19.5,18.927603,20.367463
Université de Montréal,Canada,196,31,22,15.8,11.2,,F4320323175,False,93,103,4645,39.601803,20.2,19.49276,21.146936
Fundação de Amparo à Pesquisa do Estado do Amazonas,Brazil,158,25,11,15.8,7.0,,F4320322994,False,76,82,4381,28.257336,17.9,17.261131,18.679986
George Washington University,USA,158,25,18,15.8,11.4,,F4320309515,False,74,84,7199,32.731271,20.7,19.948464,21.735503
Région Normandie,France,133,21,4,15.8,3.0,,F4320329938,False,85,48,4523,22.632538,17.0,16.469103,17.751259
Universitätsklinikum Jena,Germany,120,19,11,15.8,9.2,,F4320324588,False,93,27,902,20.07156,16.7,16.438122,17.17293
"Ministry of Science and Technology, Israel",Israel,101,16,9,15.8,8.9,,F4320323706,False,58,43,2295,16.0,15.8,,
Natural Science Foundation of Anhui Province,China,867,136,37,15.7,4.3,,F4320334897,False,530,337,26444,150.075134,17.3,16.695782,18.099054
University of Southern California,USA,783,123,111,15.7,14.2,,F4320308668,False,443,340,14556,145.131445,18.5,17.827657,19.49786
University of Melbourne,Australia,599,94,53,15.7,8.8,,F4320320974,False,327,272,17686,110.829528,18.5,17.98248,19.253648
Yangzhou University,China,337,53,13,15.7,3.9,,F4320324130,False,188,149,3579,59.75137,17.7,16.687633,19.116413
Queensland University of Technology,Australia,191,30,21,15.7,11.0,,F4320320983,False,110,81,8362,38.203077,20.0,19.530472,20.768256
Fondo para la Investigación Científica y Tecnológica,AR,166,26,13,15.7,7.8,,F4320337954,False,90,76,12182,35.056524,21.1,20.165583,22.230515
University of Arizona,USA,121,19,13,15.7,10.7,,F4320310160,False,52,69,12551,19.215384,15.9,15.702479,16.723866
University of Illinois at Chicago,USA,121,19,9,15.7,7.4,,F4320332697,False,52,69,5794,22.927945,18.9,18.536052,19.618266
Dalian Institute of Chemical Physics,China,115,18,3,15.7,2.6,,F4320334825,False,64,51,2906,22.495382,19.6,18.299217,21.179654
University of South China,China,102,16,4,15.7,3.9,,F4320325572,False,51,51,1197,18.967673,18.6,17.963309,19.49232
Basic and Applied Basic Research Foundation of Guangdong Province,China,4029,629,217,15.6,5.4,,F4320337111,False,2215,1814,39594,747.240498,18.5,17.831813,19.474605
H. Lundbeck A/S,Denmark,1097,171,186,15.6,17.0,,F4320327918,False,579,518,16967,205.105907,18.7,18.150098,19.495924
"School of Medicine, Shanghai Jiao Tong University",China,576,90,25,15.6,4.3,,F4320335305,False,305,271,3819,103.760698,18.0,17.374799,18.918081
University of Alberta,Canada,468,73,39,15.6,8.3,,F4320319946,False,241,227,17660,74.507384,15.9,15.598291,16.742369
Health and Medical Research Fund,Hong Kong,435,68,39,15.6,9.0,,F4320335055,False,221,214,4723,85.795766,19.7,18.935004,20.85021
La Trobe University,Australia,243,38,11,15.6,4.5,,F4320320577,False,130,113,6233,41.622251,17.1,16.579924,17.900793
Shenzhen Municipal Science and Technology Innovation Council,China,211,33,19,15.6,9.0,,F4320329174,False,105,106,1852,40.165338,19.0,18.125702,20.11153
National Cancer Center,Korea,192,30,8,15.6,4.2,government,F4320322052,True,104,88,1916,32.010459,16.7,16.282035,17.127634
Chinese People’s Liberation Army,China,147,23,6,15.6,4.1,,F4320329835,False,89,58,1266,26.498384,18.0,17.581379,18.691247
University of Electronic Science and Technology of China,China,147,23,18,15.6,12.2,,F4320323292,False,83,64,3148,29.235584,19.9,19.031667,20.966277
University of Bath,UK,141,22,15,15.6,10.6,,F4320320322,False,67,74,5127,28.259975,20.0,18.652723,21.95714
"Department of Science and Technology, Ministry of Science and Technology, India",India,1490,231,75,15.5,5.0,,F4320320719,False,792,698,128815,271.60814,18.2,17.600964,18.993151
Natural Science Foundation of Hainan Province,China,638,99,18,15.5,2.8,,F4320322866,False,441,197,10826,112.883874,17.7,17.158953,18.322718
Cure Alzheimer's Fund,USA,245,38,28,15.5,11.4,,F4320309944,False,115,130,1183,41.735247,17.0,16.136248,18.181345
Indian National Science Academy,India,103,16,5,15.5,4.9,,F4320310654,False,59,44,5593,17.03757,16.5,16.182071,17.089823
U.S. Department of Veterans Affairs,USA,3279,505,260,15.4,7.9,,F4320306127,True,1527,1752,73000,567.174847,17.3,16.738591,18.152008
Natural Science Foundation of Beijing Municipality,China,1023,158,66,15.4,6.5,,F4320322919,False,574,449,37379,174.065557,17.0,16.42583,17.745118
Natural Science Foundation of Tianjin City,China,585,90,24,15.4,4.1,,F4320323993,False,354,231,23992,101.617442,17.4,16.819644,18.129173
University Grants Commission,India,532,82,26,15.4,4.9,government,F4320320767,True,259,273,66760,87.622443,16.5,15.857858,17.200147
Key Technology Research and Development Program of Shandong,China,409,63,8,15.4,2.0,,F4320333596,False,231,178,11994,69.691629,17.0,16.263541,18.038401
Universitat de Barcelona,Spain,396,61,31,15.4,7.8,,F4320323428,False,230,166,12890,75.266465,19.0,18.349102,19.795627
Hokkaido University,Japan,376,58,17,15.4,4.5,,F4320323533,False,220,156,15786,68.787576,18.3,17.508213,19.34288
Radboud Universiteit,Netherlands,306,47,34,15.4,11.1,,F4320321013,False,159,147,7398,58.382171,19.1,18.449739,19.942919
Helsingin ja Uudenmaan Sairaanhoitopiiri,Finland,201,31,19,15.4,9.5,,F4320310467,False,148,53,4441,34.863554,17.3,17.130452,17.687721
Institut Català de Nanociència i Nanotecnologia,Spain,123,19,11,15.4,8.9,,F4320317176,False,75,48,1249,27.435817,22.3,21.30092,23.508573
European Centre for Disease Prevention and Control,Sweden,104,16,11,15.4,10.6,,F4320320304,False,31,73,1888,17.734154,17.1,16.105942,18.406065
Linköpings Universitet,Sweden,405,62,31,15.3,7.7,,F4320322225,False,297,108,5847,69.090964,17.1,16.66737,17.613903
National Research Centre,EG,300,46,8,15.3,2.7,,F4320310077,False,227,73,9462,49.734504,16.6,16.432849,16.764989
Kanazawa University,Japan,242,37,9,15.3,3.7,,F4320318231,False,156,86,4796,44.114801,18.2,17.393941,19.37217
Zagazig University,EG,215,33,6,15.3,2.8,,F4320324156,False,177,38,1853,35.139589,16.3,16.17975,16.549658
Key Research and Development Program of Ningxia,China,209,32,9,15.3,4.3,,F4320334010,False,115,94,1856,32.196808,15.4,15.311005,16.136529
"Tongji Medical College, Huazhong University of Science and Technology",China,177,27,6,15.3,3.4,,F4320336027,False,103,74,1274,27.598577,15.6,15.254237,16.350819
First Hospital of Jilin University,China,137,21,4,15.3,2.9,,F4320336564,False,78,59,1011,23.682251,17.3,16.892198,17.845249
Christian Doppler Forschungsgesellschaft,Austria,124,19,11,15.3,8.9,,F4320323591,False,50,74,2603,22.545065,18.2,17.348201,19.417082
Universitair Medisch Centrum Utrecht,Netherlands,124,19,17,15.3,13.7,,F4320322140,False,65,59,1402,23.472285,18.9,18.40767,19.640883
Instituto de Salud Carlos III,Spain,3398,518,222,15.2,6.5,,F4320334923,False,1922,1476,54179,582.22587,17.1,16.606097,17.878847
Natural Science Foundation of Jiangsu Province,China,2526,383,106,15.2,4.2,,F4320322769,False,1494,1032,101526,457.546794,18.1,17.398709,19.008205
Natural Science Foundation of Jiangxi Province,China,974,148,42,15.2,4.3,,F4320322665,False,608,366,19077,171.354035,17.6,16.974971,18.390251
National Science Council,Taiwan,310,47,22,15.2,7.1,government,F4320321040,True,169,141,149825,53.275885,17.2,16.425176,18.280464
Children's Hospital Foundation,Australia,263,40,32,15.2,12.2,,F4320312688,False,125,138,2523,47.637628,18.1,17.541314,19.175029
Universitetet i Tromsø,Norway,224,34,19,15.2,8.5,,F4320309820,False,167,57,4199,36.241389,16.2,15.856768,16.710248
Innovate UK,UK,211,32,19,15.2,9.0,,F4320335087,False,109,102,3776,35.967814,17.0,16.322712,18.097853
McGill University Health Centre,Canada,158,24,8,15.2,5.1,,F4320314794,False,57,101,2292,30.173651,19.1,18.439081,20.134927
Deutsches Zentrum für Lungenforschung,Germany,105,16,10,15.2,9.5,,F4320326487,False,54,51,1113,18.169134,17.3,16.648928,18.183486
Lietuvos Mokslo Taryba,LT,332,50,14,15.1,4.2,,F4320322689,False,194,138,6847,52.497926,15.8,15.252407,16.575624
University of Leeds,UK,298,45,29,15.1,9.7,,F4320320298,False,161,137,13155,59.345863,19.9,19.373832,20.729043
Universität Duisburg-Essen,Germany,245,37,19,15.1,7.8,,F4320325052,False,155,90,3626,40.480956,16.5,15.932656,17.341627
Mayo Clinic,USA,232,35,14,15.1,6.0,,F4320306143,False,69,163,11705,43.879948,18.9,18.428481,19.570461
Universitat Autònoma de Barcelona,Spain,212,32,10,15.1,4.7,,F4320326826,False,136,76,4954,35.53327,16.8,16.219695,17.490262
National College Students Innovation and Entrepreneurship Training Program,China,192,29,3,15.1,1.6,,F4320336008,False,102,90,3773,38.83453,20.2,19.684984,20.921622
Korea Institute of Marine Science and Technology promotion,Korea,186,28,5,15.1,2.7,,F4320327222,False,102,84,2425,33.46294,18.0,17.388898,18.74815
Bộ Giáo dục và Ðào tạo,VN,119,18,7,15.1,5.9,,F4320323346,False,63,56,3631,19.692204,16.5,15.727076,17.521696
Fundacao para a Ciencia e a Tecnologia,Portugal,3348,501,239,15.0,7.1,government,F4320334779,True,1967,1381,141024,544.181989,16.3,15.678875,16.984497
Natural Science Foundation of Heilongjiang Province,China,802,120,39,15.0,4.9,,F4320323085,False,482,320,21425,145.405582,18.1,17.329178,19.111683
Guangzhou Medical University,China,421,63,15,15.0,3.6,,F4320311429,False,228,193,2344,78.418952,18.6,17.923523,19.627147
Murdoch Children's Research Institute,Australia,147,22,12,15.0,8.2,,F4320315122,False,82,65,1437,23.135664,15.7,15.423569,16.242819
Nationwide Children's Hospital,USA,140,21,17,15.0,12.1,,F4320309858,False,57,83,1234,25.022218,17.9,17.392433,18.603446
Medical University of South Carolina,USA,127,19,4,15.0,3.1,,F4320309383,False,72,55,3888,19.0,15.0,,
Tianjin Municipal Health Commission,China,127,19,3,15.0,2.4,,F4320317804,False,75,52,438,21.532927,17.0,16.475553,17.67937
Alzheimer Society,Canada,113,17,17,15.0,15.0,,F4320319926,False,66,47,2077,19.89498,17.6,16.858115,18.66099
Foundation Medicine,USA,113,17,8,15.0,7.1,,F4320334461,False,30,83,1261,21.125682,18.7,18.243347,19.683294
Hong Kong Baptist University,Hong Kong,100,15,7,15.0,7.0,,F4320320955,False,50,50,4533,18.353154,18.4,16.704088,20.501995
"Ministry of Education, India",India,2067,308,125,14.9,6.0,,F4320322724,False,1147,920,55569,372.692724,18.0,17.282673,19.019696
Lunds Universitet,Sweden,864,129,92,14.9,10.6,,F4320321806,False,622,242,17523,145.292231,16.8,16.414456,17.348927
Guangzhou Municipal Science and Technology Project,China,720,107,35,14.9,4.9,,F4320335480,False,392,328,7271,123.75294,17.2,16.547983,18.067639
City University of Hong Kong,Hong Kong,336,50,37,14.9,11.0,,F4320309893,False,188,148,12964,68.477567,20.4,19.432163,21.594719
University of Otago,New Zealand,288,43,37,14.9,12.8,,F4320310371,False,160,128,10463,54.953363,19.1,18.418822,20.000736
Guangxi University,China,241,36,9,14.9,3.7,,F4320327522,False,131,110,3768,42.920336,17.8,16.848801,19.126059
Friedrich-Alexander-Universität Erlangen-Nürnberg,Germany,235,35,28,14.9,11.9,,F4320320873,False,178,57,2854,35.0,14.9,14.893617,15.16125
Fusion Oriented REsearch for disruptive Science and Technology,Japan,121,18,10,14.9,8.3,,F4320338248,False,51,70,753,23.992765,19.8,18.036739,21.993357
Carl von Ossietzky Universität Oldenburg,Germany,101,15,7,14.9,6.9,,F4320319088,False,72,29,1697,17.997904,17.8,16.898012,18.953168
Italian Ministry,Italy,4435,658,214,14.8,4.8,government,F4320321781,True,2502,1933,46002,760.139183,17.1,16.624414,17.840817
Sanming Project of Medicine in Shenzhen,China,643,95,30,14.8,4.7,,F4320335767,False,393,250,4176,108.946557,16.9,16.368488,17.785389
National University of Singapore,Singapore,527,78,60,14.8,11.4,,F4320320698,False,270,257,25113,104.493909,19.8,18.946786,20.893905
Henan University,China,384,57,7,14.8,1.8,,F4320322878,False,209,175,7917,63.073064,16.4,15.48141,17.636435
Natural Science Foundation of Shanxi Province,China,310,46,11,14.8,3.5,,F4320322666,False,180,130,9845,56.278232,18.2,17.502712,19.011419
Shanxi Scholarship Council of China,China,183,27,6,14.8,3.3,,F4320321884,False,105,78,4188,33.353687,18.2,17.626164,19.088552
Natural Science Foundation of Sichuan Province,China,1313,193,51,14.7,3.9,,F4320329861,False,771,542,11721,219.214753,16.7,15.969028,17.677922
European and Developing Countries Clinical Trials Partnership,Netherlands,639,94,75,14.7,11.7,,F4320338462,False,349,290,4226,112.40672,17.6,17.183977,18.138083
Natural Science Foundation of Jilin Province,China,509,75,19,14.7,3.7,,F4320310121,False,333,176,10600,84.762489,16.7,16.079642,17.37534
U.S. Environmental Protection Agency,USA,382,56,54,14.7,14.1,,F4320306107,False,167,215,51365,71.255364,18.7,17.893213,19.727631
Natural Science Foundation of Guangxi Zhuang Autonomous Region,China,292,43,13,14.7,4.5,,F4320313613,False,158,134,2550,48.549899,16.6,15.913058,17.534767
Taishan Scholar Foundation of Shandong Province,China,177,26,8,14.7,4.5,,F4320326185,False,70,107,5569,30.17401,17.0,16.103461,18.184802
Zhejiang Traditional Chinese Medicine Administration,China,150,22,7,14.7,4.7,,F4320335784,False,87,63,671,24.846308,16.6,16.099552,17.24373
Tianjin Municipal Education Commission,China,129,19,2,14.7,1.6,,F4320326709,False,71,58,1948,22.339602,17.3,16.584955,18.276864
Saint Petersburg State University,Russia,116,17,5,14.7,4.3,,F4320322515,False,66,50,6472,17.0,14.7,,
Latvijas Zinātnes Padome,LV,109,16,5,14.7,4.6,,F4320323269,False,60,49,2401,16.659683,15.3,14.851837,15.795658
University of Tokushima,Japan,102,15,8,14.7,7.8,,F4320323325,False,45,57,2538,18.235185,17.9,17.148854,18.897095
Heart and Stroke Foundation of Canada,Canada,213,31,18,14.6,8.5,,F4320307845,False,90,123,13143,35.36864,16.6,15.932579,17.614612
Universidad de Sevilla,Spain,199,29,15,14.6,7.5,,F4320310967,False,113,86,4968,35.110915,17.6,16.728308,18.757782
Social Sciences and Humanities Research Council,Canada,151,22,14,14.6,9.3,,F7697234222,False,106,45,2001,25.157877,16.7,16.254636,17.282332
Shanghai Clinical Research Center,China,130,19,7,14.6,5.4,,F4320329601,False,76,54,488,22.373227,17.2,16.587833,18.101817
Natural Science Foundation of Hubei Province,China,1383,200,53,14.5,3.8,,F4320322186,False,833,550,27722,235.221003,17.0,16.314825,17.895861
Rio de Janeiro Research Foundation (FAPERJ),Brazil,986,143,43,14.5,4.4,,F4320322749,False,507,479,42107,181.527806,18.4,17.763217,19.251734
Københavns Universitet,Denmark,434,63,37,14.5,8.5,,F4320320945,False,384,50,2533,63.0,14.5,,
Erasmus+,,344,50,29,14.5,8.4,,F4320335551,False,205,139,16311,57.632118,16.8,16.030365,17.690195
University of Rochester,USA,344,50,42,14.5,12.2,,F4320310246,False,151,193,10127,63.764501,18.5,17.723998,19.619013
Shenzhen University,China,330,48,20,14.5,6.1,,F4320325571,False,185,145,4104,61.116587,18.5,17.663479,19.629782
Science and Technology Program of Guizhou Province,China,262,38,7,14.5,2.7,,F4320336617,False,140,122,2711,45.748913,17.5,16.779538,18.316217
Multiple Sclerosis Society,UK,242,35,34,14.5,14.0,,F4320320084,False,115,127,7602,48.89807,20.2,19.616401,21.01252
Universidad de Antioquia,CO,186,27,15,14.5,8.1,,F4320323197,False,104,82,5137,31.474718,16.9,16.334076,17.660096
Sungkyunkwan University,Korea,173,25,16,14.5,9.2,,F4320321378,False,106,67,3040,28.567901,16.5,15.776261,17.602079
Queen's University Belfast,UK,145,21,11,14.5,7.6,,F4320320357,False,74,71,3324,25.112784,17.3,16.597244,18.373134
Magnus Bergvalls Stiftelse,Sweden,117,17,4,14.5,3.4,,F4320323741,False,66,51,2360,21.089883,18.0,17.302376,19.001235
Mahasarakham University,Thailand,117,17,3,14.5,2.6,,F4320324290,False,63,54,2212,17.767455,15.2,14.606396,15.940721
Universidad de Oviedo,Spain,110,16,4,14.5,3.6,,F4320323823,False,63,47,3001,16.0,14.5,14.545455,15.168809
Natural Science Foundation of Shandong Province,China,4170,602,145,14.4,3.5,,F4320324174,False,2559,1611,94606,705.621257,16.9,16.356001,17.659805
Servier,France,1177,169,146,14.4,12.4,,F4320327235,False,569,608,12746,197.377455,16.8,16.365823,17.413189
University College London,UK,1028,148,146,14.4,14.2,,F4320320286,False,509,519,21997,180.066579,17.5,16.908099,18.404183
Southern Medical University,China,526,76,23,14.4,4.4,,F4320326228,False,304,222,3769,88.065266,16.7,16.164598,17.58843
Natural Science Foundation of Xinjiang,China,480,69,25,14.4,5.2,,F4320328898,False,306,174,2891,79.096684,16.5,15.851743,17.311714
Styrelsen för Internationellt Utvecklingssamarbete,Sweden,416,60,28,14.4,6.7,,F4320307875,False,238,178,19319,70.154471,16.9,16.256181,17.719066
Universidade de São Paulo,Brazil,397,57,20,14.4,5.0,,F4320323339,False,191,206,18311,70.708801,17.8,17.299455,18.583264
Jinan University,China,270,39,14,14.4,5.2,,F4320322292,False,161,109,3311,44.786406,16.6,16.072564,17.297654
Universidad Complutense de Madrid,Spain,243,35,7,14.4,2.9,,F4320321585,False,146,97,6615,40.696865,16.7,16.03215,17.613957
University of Cincinnati,USA,202,29,22,14.4,10.9,,F4320310256,False,97,105,8324,34.755401,17.2,16.418815,18.176291
Nanfang Hospital,China,195,28,11,14.4,5.6,,F4320326242,False,118,77,1651,34.937958,17.9,17.451345,18.579003
"Siberian Branch, Russian Academy of Sciences",Russia,167,24,4,14.4,2.4,,F4320321770,False,90,77,8339,24.46203,14.6,14.371257,16.111988
Drexel University,USA,160,23,15,14.4,9.4,,F4320310343,False,76,84,5374,25.536543,16.0,15.476896,16.700788
Universidad Nacional de Colombia,CO,160,23,12,14.4,7.5,,F4320321458,False,79,81,7656,24.980951,15.6,14.949055,16.388973
Key Research and Development Program of Sichuan Province,China,132,19,5,14.4,3.8,,F4320336596,False,78,54,1649,20.866638,15.8,15.548069,16.181616
Hainan Medical University,China,125,18,4,14.4,3.2,,F4320324785,False,76,49,685,19.86698,15.9,15.455154,16.454139
Mayo Foundation for Medical Education and Research,USA,125,18,15,14.4,12.0,,F4320309464,False,42,83,4713,24.888448,19.9,19.490157,20.458418
Ajou University,Korea,104,15,13,14.4,12.5,,F4320321354,False,52,52,1906,19.835452,19.1,18.555716,19.816629
Government of Jiangsu Province,China,4964,709,179,14.3,3.6,,F4320321605,False,3008,1956,72998,849.129058,17.1,16.434352,17.997326
Innovative Research Group Project of the National Natural Science Foundation of China,China,560,80,32,14.3,5.7,,F4320315254,False,352,208,16887,87.396942,15.6,15.129375,16.209681
Copenhagen Graduate School for Nanoscience and Nanotechnology,Denmark,378,54,33,14.3,8.7,,F4320323939,False,349,29,669,56.97821,15.1,14.987416,15.183947
Radboud Universitair Medisch Centrum,Netherlands,301,43,33,14.3,11.0,,F4320323698,False,147,154,3667,53.323768,17.7,17.231497,18.424658
Fundo para o Desenvolvimento das Ciências e da Tecnologia,MO,251,36,22,14.3,8.8,,F4320323893,False,120,131,5504,50.502678,20.1,19.018243,21.731799
Badan Riset dan Inovasi Nasional,ID,217,31,10,14.3,4.6,,F4320319804,False,78,139,5121,37.852581,17.4,16.605185,18.492716
Universidade Federal do Pará,Brazil,203,29,16,14.3,7.9,,F4320324376,False,120,83,4316,31.982988,15.8,15.230618,16.371096
Health~Holland,Netherlands,168,24,21,14.3,12.5,,F4320316279,False,102,66,985,28.008604,16.7,16.104311,17.502884
Università degli Studi di Milano-Bicocca,Italy,140,20,10,14.3,7.1,,F4320321610,False,104,36,2384,21.957947,15.7,15.273014,16.226468
Imperial College Healthcare NHS Trust,UK,112,16,11,14.3,9.8,,F4320320284,False,52,60,2029,22.535445,20.1,19.500175,21.174009
Vedecká Grantová Agentúra MŠVVaŠ SR a SAV,SK,522,74,21,14.2,4.0,,F4320323641,False,323,199,42398,82.3032,15.8,15.271576,16.402525
Anhui University,China,358,51,12,14.2,3.4,,F4320321435,False,227,131,6532,56.411101,15.8,15.328721,16.421172
Universitair Medisch Centrum Groningen,Netherlands,353,50,42,14.2,11.9,,F4320323105,False,179,174,5399,56.260234,15.9,15.339547,16.91023
Ain Shams University,EG,352,50,9,14.2,2.6,,F4320321119,False,318,34,3064,53.743054,15.3,15.195055,15.360551
Hubei University,China,289,41,10,14.2,3.5,,F4320329781,False,174,115,2764,48.48571,16.8,16.229134,17.483207
Fujian Provincial Health Commission,China,183,26,7,14.2,3.8,,F4320328318,False,115,68,791,28.173754,15.4,14.886045,16.187971
Uniformed Services University of the Health Sciences,USA,183,26,9,14.2,4.9,,F4320332504,False,94,89,3756,32.157015,17.6,16.997545,18.412618
Chiba University,Japan,169,24,3,14.2,1.8,,F4320325182,False,96,73,5260,29.332314,17.4,16.884192,18.076337
Xinjiang Medical University,China,162,23,2,14.2,1.2,,F4320322966,False,98,64,783,25.344867,15.6,15.138114,16.474321
Gobierno de Aragón,Spain,255,36,12,14.1,4.7,,F4320326208,False,134,121,5428,42.745878,16.8,15.778585,17.97684
Science and Technology Program of Suzhou,China,198,28,10,14.1,5.1,,F4320336618,False,108,90,1884,33.114715,16.7,16.164279,17.525138
Agenția Națională pentru Cercetare și Dezvoltare,MD,163,23,14,14.1,8.6,,F4320319253,False,91,72,2233,28.147519,17.3,16.854943,17.755439
Shanghai Pudong New Area Health Commission,China,128,18,2,14.1,1.6,,F4320330670,False,70,58,292,19.800417,15.5,14.891013,16.30571
Trinity College Dublin,Ireland,128,18,14,14.1,10.9,,F4320320864,False,64,64,4195,22.936023,17.9,17.317312,18.782433
Shanghai Municipal Health Commission,China,1369,191,64,14.0,4.7,government,F4320317789,True,759,610,5711,221.064967,16.1,15.577027,16.981928
Social Sciences and Humanities Research Council of Canada,Canada,709,99,70,14.0,9.9,,F4320334617,False,401,308,39601,117.439963,16.6,16.145208,17.154315
Hunan University,China,257,36,10,14.0,3.9,,F4320322191,False,153,104,3968,43.672931,17.0,16.47509,17.750798
Kræftens Bekæmpelse,Denmark,221,31,15,14.0,6.8,,F4320310455,False,117,104,6257,31.0,14.0,14.027149,14.779439
Dalhousie University,Canada,214,30,17,14.0,7.9,,F4320321629,False,113,101,7495,38.45517,18.0,17.337367,18.856017
Postdoctoral Research Foundation of China,China,200,28,6,14.0,3.0,,F4320335443,False,103,97,7654,35.3428,17.7,16.893673,18.71144
Univerza v Ljubljani,SI,121,17,8,14.0,6.6,,F4320324592,False,69,52,2681,21.17801,17.5,16.738772,18.48925
Ministry of Science and Higher Education of the Russian Federation,Russia,1175,163,47,13.9,4.0,,F4320327494,False,632,543,22213,177.435525,15.1,14.52286,15.857234
Centre Scientifique et Technique du Bâtiment,France,1011,141,45,13.9,4.5,,F4320327639,False,595,416,2487,170.506628,16.9,16.289097,17.669489
Tongji University,China,661,92,26,13.9,3.9,,F4320322449,False,362,299,9381,109.149638,16.5,15.855388,17.470463
Jilin University,China,526,73,15,13.9,2.9,,F4320322300,False,326,200,10227,87.165297,16.6,16.038,17.254994
National Health Research Institutes,Taiwan,410,57,19,13.9,4.6,,F4320322845,False,228,182,10516,73.874369,18.0,17.498693,18.845302
Guangxi Medical University,China,382,53,11,13.9,2.9,,F4320327301,False,218,164,1958,58.092047,15.2,14.611272,16.203786
Tianjin Medical University,China,337,47,16,13.9,4.7,,F4320326234,False,168,169,2580,59.665298,17.7,17.09166,18.586731
Keio University,Japan,309,43,25,13.9,8.1,,F4320320909,False,169,140,6299,55.422966,17.9,17.413404,18.698407
Hellenic Foundation for Research and Innovation,Greece,295,41,25,13.9,8.5,,F4320327859,False,145,150,4933,48.212869,16.3,15.714107,17.121773
Curtin University of Technology,Australia,230,32,23,13.9,10.0,,F4320320987,False,125,105,12132,41.087247,17.9,17.401763,18.685862
Erasmus Medisch Centrum,Netherlands,180,25,21,13.9,11.7,,F4320321687,False,73,107,3540,30.455609,16.9,16.394948,17.812942
Guangdong Provincial Hospital of Traditional Chinese Medicine,China,151,21,3,13.9,2.0,,F4320313841,False,81,70,882,25.845411,17.1,16.631764,17.743116
National Research Council Canada,Canada,122,17,12,13.9,9.8,,F4320334601,False,66,56,17355,20.626955,16.9,16.138801,17.872438
Xi’an Jiaotong University,China,122,17,7,13.9,5.7,,F4320321169,False,59,63,3101,17.908515,14.7,13.934426,15.910068
Universität Rostock,Germany,108,15,6,13.9,5.6,,F4320327736,False,67,41,2309,19.404531,18.0,17.09628,19.050759
Xinxiang Medical University,China,108,15,2,13.9,1.9,,F4320327311,False,71,37,973,19.381353,17.9,17.223805,18.871574
Japan Society for the Promotion of Science,Japan,20612,2853,1076,13.8,5.2,government,F4320334764,True,11420,9192,457924,3532.097552,17.1,16.507161,18.009834
"Faculty of Medicine and Health, University of Sydney",Australia,405,56,32,13.8,7.9,,F4320337083,False,218,187,2968,63.709063,15.7,15.223884,16.532992
Beijing Xisike Clinical Oncology Research Foundation,China,260,36,17,13.8,6.5,,F4320318548,False,159,101,760,43.861156,16.9,16.500241,17.557382
Università degli Studi di Firenze,Italy,240,33,12,13.8,5.0,,F4320322648,False,161,79,6458,37.469409,15.6,14.89719,16.517695
Science and Technology Department of Zhejiang Province,China,189,26,9,13.8,4.8,,F4320338110,False,112,77,5099,30.027952,15.9,15.534035,16.333131
Fundação de Amparo à Pesquisa do Estado da Bahia,Brazil,174,24,8,13.8,4.6,,F4320323681,False,98,76,6075,29.194623,16.8,16.33965,17.390414
Capital Health Research and Development of Special Fund,China,123,17,7,13.8,5.7,,F4320335482,False,80,43,993,19.892288,16.2,15.765888,16.856522
National Council for Scientific and Technological Development (CNPq),Brazil,6728,923,342,13.7,5.1,,F4320322025,False,3524,3204,400633,1109.09131,16.5,15.867471,17.317449
Central South University,China,950,130,61,13.7,6.4,,F4320321514,False,554,396,14778,166.092028,17.5,16.984834,18.181333
Slovak Research and Development Agency (APVV),SK,553,76,29,13.7,5.2,,F4320323251,False,325,228,22452,84.799368,15.3,14.88401,15.928142
Medizinische Universität Wien,Austria,520,71,30,13.7,5.8,,F4320323437,False,370,150,5446,81.703781,15.7,15.191067,16.349777
"Xiangya Hospital, Central South University",China,444,61,17,13.7,3.8,,F4320335740,False,266,178,3076,75.612462,17.0,16.565112,17.788213
Università di Bologna,Italy,271,37,18,13.7,6.6,,F4320323553,False,165,106,9788,43.3873,16.0,15.575116,16.559303
Hartstichting,Netherlands,197,27,22,13.7,11.2,,F4320321642,False,93,104,2471,32.611756,16.6,15.820801,17.635007
Nanjing University of Chinese Medicine,China,182,25,10,13.7,5.5,,F4320324804,False,92,90,1228,31.514268,17.3,16.481856,18.528598
University College Cork,Ireland,131,18,9,13.7,6.9,,F4320320863,False,84,47,2305,19.704638,15.0,14.68733,15.55647
University of Liverpool,UK,117,16,18,13.7,15.4,,F4320320323,False,48,69,5510,23.466398,20.1,19.183345,21.073712
Martin-Luther-Universität Halle-Wittenberg,Germany,102,14,5,13.7,4.9,,F7936191613,False,91,11,611,14.0,13.7,13.72549,13.857662
University of Dhaka,BD,102,14,8,13.7,7.8,,F4320323933,False,46,56,2470,17.956456,17.6,17.207302,18.133455
Bayer,Germany,368,50,38,13.6,10.3,,F4320307771,False,161,207,7488,59.442935,16.2,15.60017,17.029542
Shanghai University of Traditional Chinese Medicine,China,228,31,11,13.6,4.8,,F4320326704,False,116,112,1669,35.036758,15.4,14.717665,16.421096
Ministry of Education,Taiwan,162,22,13,13.6,8.0,,F4320311687,False,103,59,58651,100.883114,62.3,58.514587,67.463255
Universidad de Buenos Aires,AR,154,21,17,13.6,11.0,,F4320323257,False,86,68,14798,26.274343,17.1,16.328051,17.919656
Fundação Araucária,Brazil,103,14,4,13.6,3.9,,F4320322772,False,59,44,6330,16.999228,16.5,15.998636,17.058703
Shimane University,Japan,103,14,0,13.6,0.0,,F4320322543,False,66,37,1853,15.888606,15.4,14.915807,16.107531
Genentech,USA,1728,234,200,13.5,11.6,,F4320332193,False,613,1115,21616,296.727663,17.2,16.711677,17.884181
Javna Agencija za Raziskovalno Dejavnost RS,SI,905,122,50,13.5,5.5,,F4320322554,False,498,407,32506,144.401474,16.0,15.301638,16.812846
Key Research and Development Program of Zhejiang Province,China,475,64,29,13.5,6.1,,F8142712028,False,233,242,9320,83.66778,17.6,16.833541,18.525632
Natural Science Basic Research Program of Shaanxi Province,China,438,59,16,13.5,3.7,,F4320336567,False,262,176,11608,66.688142,15.2,14.71835,15.859795
State Administration of Traditional Chinese Medicine of the People's Republic of China,China,274,37,6,13.5,2.2,,F4320323484,False,164,110,1917,43.868356,16.0,15.476152,16.857255
Università degli Studi di Torino,Italy,267,36,14,13.5,5.2,,F4320324041,False,182,85,5002,38.57485,14.4,13.944966,15.065884
"Ministry of Education, Science and Technology",Korea,185,25,7,13.5,3.8,,F4320322349,False,111,74,38070,30.359996,16.4,15.961658,17.044212
Natural Science Foundation of Guizhou Province,China,171,23,4,13.5,2.3,,F4320323236,False,93,78,2154,31.838766,18.6,17.720433,19.725257
Jiangxi Provincial Department of Science and Technology,China,148,20,9,13.5,6.1,,F4320326696,False,85,63,2588,22.937657,15.5,14.781756,16.597639
Graduate Research and Innovation Projects of Jiangsu Province,China,126,17,3,13.5,2.4,,F4320335769,False,68,58,4736,20.019504,15.9,15.072933,17.046032
Universidad de Murcia,Spain,126,17,5,13.5,4.0,,F4320322805,False,80,46,2685,17.0,13.5,,
Natural Science Foundation of Chongqing,China,1116,149,41,13.4,3.7,,F4320323172,False,666,450,20431,183.879816,16.5,15.91506,17.246261
University of Tsukuba,Japan,231,31,10,13.4,4.3,,F4320323954,False,126,105,7740,38.672097,16.7,16.198397,17.533574
Chengdu University of Traditional Chinese Medicine,China,224,30,4,13.4,1.8,,F4320325093,False,119,105,1651,34.017447,15.2,14.587534,16.047695
Robert Wood Johnson Foundation,USA,186,25,8,13.4,4.3,,F4320306139,False,97,89,9998,31.111391,16.7,16.019747,17.721403
"International Centre for Diarrhoeal Disease Research, Bangladesh",BD,179,24,11,13.4,6.1,,F4320325581,False,78,101,2229,28.715956,16.0,15.688299,16.569174
Nazarbayev University,KZ,134,18,8,13.4,6.0,,F4320327695,False,75,59,2751,19.8966,14.8,14.192814,15.655668
Natural Science Foundation of Hunan Province,China,1817,242,62,13.3,3.4,,F4320322843,False,1119,698,37099,284.491422,15.7,15.070384,16.429679
Indian Council of Medical Research,India,1172,156,35,13.3,3.0,,F4320320720,False,568,604,26069,197.400846,16.8,16.398658,17.451644
Technische Universität München,Germany,588,78,69,13.3,11.7,,F4320323383,False,423,165,9777,90.745547,15.4,14.980702,16.058038
Liaoning Revitalization Talents Program,China,225,30,5,13.3,2.2,,F4320329895,False,143,82,7578,36.690367,16.3,15.674358,17.116286
Flinders University,Australia,196,26,18,13.3,9.2,,F4320320977,False,120,76,7589,27.125744,13.8,13.395031,14.661586
Instituto Mexicano del Seguro Social,Mexico,143,19,4,13.3,2.8,,F4320322967,False,86,57,2717,22.180725,15.5,14.919463,16.332125
Guangzhou University of Chinese Medicine,China,135,18,5,13.3,3.7,,F4320326532,False,82,53,1467,22.111508,16.4,15.81967,17.352207
Texas Tech University,USA,135,18,9,13.3,6.7,,F4320309537,False,64,71,7584,23.777986,17.6,16.887596,18.495704
Universidad de Córdoba,CO,135,18,7,13.3,5.2,,F4320325299,False,79,56,3636,23.538545,17.4,16.946503,18.015097
"Natural Science Foundation Project of Chongqing, Chongqing Science and Technology Commission",China,128,17,2,13.3,1.6,,F4320327726,False,90,38,4222,20.136806,15.7,15.38074,16.18391
Strategic Research Council,Finland,128,17,9,13.3,7.0,,F4320335354,False,70,58,4074,21.272106,16.6,16.069282,17.487448
Thomas Jefferson University,USA,128,17,10,13.3,7.8,,F4320310581,False,62,66,2288,23.202451,18.1,17.664495,18.77286
West Virginia University,USA,128,17,12,13.3,9.4,,F4320311274,False,62,66,6311,22.680954,17.7,16.982699,18.610676
"Korea Institute of Planning and Evaluation for Technology in Food, Agriculture, Forestry and Fisheries",Korea,113,15,2,13.3,1.8,,F4320322068,False,62,51,3320,16.036961,14.2,13.733007,14.787417
Department of Health and Social Care,UK,3000,397,346,13.2,11.5,,F4320319994,False,1484,1516,18694,478.677487,16.0,15.37736,17.024156
Monash University,Australia,817,108,56,13.2,6.9,,F4320320971,False,448,369,18892,127.323277,15.6,14.973035,16.461709
Chengdu University,China,318,42,10,13.2,3.1,,F4320328111,False,185,133,2908,47.271508,14.9,14.348109,15.556077
Natural Science Research of Jiangsu Higher Education Institutions of China,China,152,20,5,13.2,3.3,,F4320335440,False,86,66,5683,23.916293,15.7,15.083829,16.582486
Kunming Medical University,China,434,57,20,13.1,4.6,,F4320322268,False,255,179,2120,67.596593,15.6,15.018642,16.471493
VIT University,India,252,33,12,13.1,4.8,,F4320322838,False,165,87,4740,37.725029,15.0,14.602673,15.466559
Beijing Municipal Health Commission,China,198,26,8,13.1,4.0,,F4320323114,False,104,94,968,28.505535,14.4,13.763228,15.415959
Special Project for Research and Development in Key areas of Guangdong Province,China,175,23,15,13.1,8.6,,F4320336405,False,75,100,4783,28.864721,16.5,15.581968,17.657714
Zhengzhou University,China,517,67,15,13.0,2.9,,F4320322766,False,323,194,5604,84.769229,16.4,15.872608,17.13037
Sapienza Università di Roma,Italy,346,45,21,13.0,6.1,,F4320322510,False,201,145,7298,53.011431,15.3,14.603643,16.151164
Guangdong Medical Research Foundation,China,285,37,11,13.0,3.9,,F4320322161,False,149,136,2481,44.478855,15.6,15.063911,16.559526
Health Commission of Hubei Province,China,184,24,5,13.0,2.7,,F4320317798,False,106,78,1224,28.853403,15.7,15.026713,16.715775
Osaka University,Japan,162,21,8,13.0,4.9,,F4320322451,False,120,42,2143,21.0,13.0,,
National Research Foundation,South Africa,11435,1472,655,12.9,5.7,,F4320320671,False,6855,4580,211137,1792.836123,15.7,15.16076,16.396997
Department of Science and Technology of Sichuan Province,China,994,128,34,12.9,3.4,,F4320322922,False,546,448,15296,153.260044,15.4,14.777012,16.321969
South African Medical Research Council,South Africa,618,80,35,12.9,5.7,government,F4320320672,True,308,310,8314,104.04977,16.8,16.392305,17.525089
Science and Technology Program of Zhejiang Province,China,552,71,23,12.9,4.2,,F4320338469,False,341,211,3946,85.492796,15.5,15.015118,16.235983
Huazhong University of Science and Technology,China,497,64,22,12.9,4.4,,F4320321883,False,283,214,10470,73.177039,14.7,14.116138,15.581712
Natural Science Foundation of Xinjiang Province,China,286,37,19,12.9,6.6,,F4320311028,False,180,106,2940,41.052969,14.4,13.83952,15.011421
Uniwersytet Warszawski,Poland,256,33,14,12.9,5.5,,F4320323873,False,152,104,4839,37.067073,14.5,13.860684,15.298182
"Korea Institute of Planning and Evaluation for Technology in Food, Agriculture and Forestry",Korea,194,25,3,12.9,1.5,,F4320336122,False,106,88,1571,31.817473,16.4,15.951144,16.946528
Humanities Research Council,UK,170,22,12,12.9,7.1,government,F4320334609,True,102,68,21785,29.512213,17.4,16.698954,18.326178
Tarbiat Modares University,Iran,155,20,7,12.9,4.5,,F4320324984,False,104,51,5774,21.57994,13.9,13.58231,14.389627
Temple University,USA,139,18,8,12.9,5.8,,F4320312387,False,54,85,6201,23.603894,17.0,16.113192,18.003298
Chungbuk National University,Korea,124,16,3,12.9,2.4,,F4320321203,False,67,57,2277,17.969367,14.5,13.844318,15.56978
Hong Kong Government,Hong Kong,124,16,12,12.9,9.7,,F4320329815,False,61,63,4396,19.488542,15.7,14.507906,17.279798
Vietnam Academy of Science and Technology,VN,101,13,0,12.9,0.0,,F4320313223,False,50,51,3227,17.402358,17.2,15.659505,19.222367
Royal Academy of Engineering,UK,296,38,45,12.8,15.2,,F4320320005,False,141,155,8411,54.025027,18.3,17.593488,19.225154
Jilin Scientific and Technological Development Program,China,203,26,8,12.8,3.9,,F4320335953,False,97,106,4077,33.442517,16.5,15.841619,17.268083
"Ministerie van Onderwijs, Cultuur en Wetenschap",Netherlands,148,19,12,12.8,8.1,,F4320321799,False,53,95,2497,31.706688,21.4,19.512498,23.69815
NIHR Newcastle Biomedical Research Centre,UK,109,14,13,12.8,11.9,,F4320335819,False,58,51,1052,14.805177,13.6,13.008487,14.490831
Moderna,USA,354,45,32,12.7,9.0,,F4320319071,False,120,234,3866,61.927596,17.5,16.980823,18.273738
Nanchang University,China,306,39,12,12.7,3.9,,F4320322792,False,184,122,2859,45.913751,15.0,14.52719,15.714883
Stockholms Läns Landsting,Sweden,259,33,15,12.7,5.8,,F4320322570,False,133,126,6787,36.320114,14.0,13.585018,14.790854
Chinese Center for Disease Control and Prevention,China,237,30,9,12.7,3.8,,F4320322662,False,111,126,2285,39.141978,16.5,16.052073,17.163879
Suomen Lääketieteen Säätiö,Finland,228,29,25,12.7,11.0,,F4320310751,False,127,101,2764,35.294927,15.5,15.117619,16.097211
Shengjing Hospital,China,158,20,5,12.7,3.2,,F4320336313,False,94,64,1618,23.123585,14.6,14.232063,15.289946
Parkinson's Foundation,USA,150,19,14,12.7,9.3,,F4320314164,False,69,81,981,21.450066,14.3,13.839723,14.925857
Ruijin Hospital,China,134,17,5,12.7,3.7,,F4320330117,False,69,65,1073,20.560999,15.3,14.732354,16.157626
Jining Medical University,China,110,14,1,12.7,0.9,,F4320325426,False,70,40,790,16.395748,14.9,14.318461,15.955339
National Center for Child Health and Development,Japan,102,13,5,12.7,4.9,,F4320310076,False,52,50,1358,17.90201,17.6,17.274476,18.043844
National Institute for Health Research,UK,8924,1121,965,12.6,10.8,government,F4320319990,True,4252,4672,107077,1397.298526,15.7,15.131478,16.592842
People's Government of Jilin Province,China,1691,213,57,12.6,3.4,,F4320322174,False,1045,646,18136,260.69005,15.4,14.87161,16.143534
Health Canada,Canada,356,45,35,12.6,9.8,,F4320334392,False,181,175,8555,50.060112,14.1,13.622689,14.854487
Ministerstwo Edukacji i Nauki,Poland,317,40,11,12.6,3.5,,F4320322733,False,170,147,17872,45.693363,14.4,13.6113,15.521979
Merck,USA,231,29,19,12.6,8.2,,F4320307776,False,102,129,8612,38.393893,16.6,15.98727,17.489117
World Bank Group,USA,175,22,12,12.6,6.9,,F4320307855,False,85,90,21304,27.184919,15.5,14.876712,16.470247
Beijing Institute of Technology,China,151,19,7,12.6,4.6,,F4320323110,False,94,57,5323,22.013532,14.6,13.96091,15.378558
Science and Technology Program of Hunan Province,China,143,18,9,12.6,6.3,,F4320330206,False,59,84,5022,22.510324,15.7,15.013015,16.625553
Kyungpook National University,Korea,127,16,3,12.6,2.4,,F4320321272,False,79,48,3234,19.730828,15.5,15.037376,16.417667
Universiti Putra Malaysia,Malaysia,127,16,5,12.6,3.9,,F4320322714,False,56,71,14004,17.94259,14.1,13.528509,14.919807
Sichuan University,China,1681,210,65,12.5,3.9,,F4320322990,False,974,707,19298,255.737495,15.2,14.627409,16.099715
EU Joint Programme – Neurodegenerative Disease Research,Belgium,392,49,54,12.5,13.8,,F4320314158,False,222,170,2519,59.717884,15.2,14.628445,16.138438
"Ministry of Higher Education, Malaysia",Malaysia,361,45,20,12.5,5.5,,F4320321709,False,191,170,24950,47.91574,13.3,12.839498,13.816828
Universität Leipzig,Germany,361,45,28,12.5,7.8,,F4320325298,False,256,105,3560,51.233337,14.2,13.72857,14.788726
Science and Technology Program of Gansu Province,China,144,18,4,12.5,2.8,,F4320336616,False,81,63,1848,28.030186,19.5,18.946693,20.115516
Karlsruhe Institute of Technology,Germany,128,16,9,12.5,7.0,,F4320311048,False,93,35,4399,16.012562,12.5,12.5,13.202865
Fundação Cearense de Apoio ao Desenvolvimento Científico e Tecnológico,Brazil,112,14,3,12.5,2.7,,F4320323202,False,47,65,5163,17.202544,15.4,14.606516,16.256869
Royal Society of Chemistry,UK,112,14,2,12.5,1.8,,F4320320251,False,55,57,8378,22.724211,20.3,18.74079,22.161396
University Grants Committee,Hong Kong,112,14,10,12.5,8.9,,F4320321019,False,48,64,7146,18.696097,16.7,15.365351,18.458977
Università degli Studi di Perugia,Italy,112,14,2,12.5,1.8,,F4320326523,False,65,47,3028,17.31962,15.5,14.80849,16.344407
National Science and Technology Council,Taiwan,1289,160,76,12.4,5.9,,F2461203286,False,723,566,39953,358.025103,27.8,25.691868,30.781199
United States Agency for International Development,USA,918,114,61,12.4,6.6,,F4320306115,False,496,422,37878,159.06684,17.3,16.810232,18.11195
Natural Science Foundation of Henan Province,China,726,90,19,12.4,2.6,,F4320323845,False,441,285,12213,109.624629,15.1,14.439684,15.935411
Sichuan Province Science and Technology Support Program,China,652,81,23,12.4,3.5,,F4320333335,False,373,279,14592,98.709337,15.1,14.486005,16.013682
"Ministry of Agriculture, Food and Rural Affairs",Korea,396,49,5,12.4,1.3,,F4320322033,False,209,187,7677,58.887753,14.9,14.372518,15.505069
Harbin Medical University,China,348,43,15,12.4,4.3,,F4320312270,False,211,137,3246,54.698961,15.7,15.138255,16.542736
Cleveland Clinic,USA,275,34,36,12.4,13.1,,F4320309680,False,116,159,5585,44.480268,16.2,15.74025,16.818032
Tianjin University,China,194,24,2,12.4,1.0,,F4320322701,False,117,77,7433,27.170876,14.0,13.273922,14.961841
University College Dublin,Ireland,177,22,14,12.4,7.9,,F4320320858,False,100,77,5251,27.778978,15.7,15.169678,16.402011
Natural Science Foundation of Hebei Province,China,934,115,25,12.3,2.7,,F4320322163,False,567,367,28813,139.181455,14.9,14.19515,15.812422
Department of Education of Guangdong Province,China,285,35,22,12.3,7.7,,F4320326279,False,167,118,6733,41.893853,14.7,14.202075,15.338735
Fundação de Amparo à Pesquisa do Estado do Rio Grande do Sul,Brazil,269,33,9,12.3,3.3,,F4320322502,False,144,125,18459,38.215558,14.2,13.595403,15.021577
National Heart Foundation of Australia,Australia,219,27,10,12.3,4.6,,F4320320442,False,104,115,5484,28.891673,13.2,12.742259,13.953413
Guangzhou University,China,212,26,7,12.3,3.3,,F4320328715,False,125,87,2573,32.700744,15.4,14.78375,16.393228
Anhui Provincial Key Research and Development Plan,China,195,24,9,12.3,4.6,,F4320336578,False,107,88,2482,25.050403,12.8,12.307692,13.841556
Universidad de Zaragoza,Spain,195,24,6,12.3,3.1,,F4320324111,False,119,76,4674,29.053068,14.9,14.102957,15.934408
St. Olavs Hospital Universitetssykehuset i Trondheim,Norway,163,20,17,12.3,10.4,,F4320327267,False,132,31,1344,21.876784,13.4,13.232589,13.719543
Qinglan Project of Jiangsu Province of China,China,154,19,5,12.3,3.2,,F4320327794,False,88,66,7012,24.460822,15.9,14.964716,17.032149
University of Calgary,Canada,122,15,5,12.3,4.1,,F4320310537,False,59,63,8134,26.335715,21.6,20.785267,22.618812
Pohang University of Science and Technology,Korea,106,13,5,12.3,4.7,,F4320321282,False,70,36,3478,17.654202,16.7,15.900183,17.66386
RWTH Aachen University,Germany,385,47,41,12.2,10.6,,F4320324232,False,256,129,9920,57.468711,14.9,14.347191,15.694292
Hebei University,China,213,26,7,12.2,3.3,,F4320324851,False,128,85,3985,36.718462,17.2,16.077154,18.599263
California Department of Public Health,USA,156,19,15,12.2,9.6,,F4320308203,False,66,90,2283,24.713784,15.8,15.511473,16.454563
Fourth Military Medical University,China,148,18,6,12.2,4.1,,F4320324530,False,84,64,1739,22.783353,15.4,14.945419,16.162712
Szkola Glówna Gospodarstwa Wiejskiego w Warszawie,Poland,131,16,4,12.2,3.1,,F4320327752,False,89,42,1361,19.228713,14.7,14.380086,15.012165
Nanjing University,China,795,96,44,12.1,5.5,,F4320324852,False,466,329,15878,126.202316,15.9,15.093179,16.916684
University of Sydney,Australia,644,78,43,12.1,6.7,,F4320320966,False,389,255,16392,85.280289,13.2,12.886633,13.813937
Peking Union Medical College,China,537,65,25,12.1,4.7,,F4320326853,False,297,240,4565,79.404258,14.8,14.176199,15.726923
NIHR Imperial Biomedical Research Centre,UK,354,43,38,12.1,10.7,,F4320336039,False,145,209,2963,55.538875,15.7,15.254946,16.441919
Euskal Herriko Unibertsitatea,Spain,323,39,11,12.1,3.4,,F4320321919,False,171,152,11561,49.952237,15.5,14.69252,16.557689
Korea National Institute of Health,Korea,231,28,8,12.1,3.5,,F4320334876,False,149,82,2101,34.936449,15.1,14.664333,15.820669
Fujian Provincial Health Technology Project,China,190,23,6,12.1,3.2,,F4320336588,False,126,64,703,23.691289,12.5,12.105263,13.332333
Texas Space Grant Consortium,USA,116,14,2,12.1,1.7,,F4320308724,False,67,49,0,18.486001,15.9,15.362965,16.601531
Anhui Medical University,China,723,87,27,12.0,3.7,,F4320321603,False,460,263,3978,101.072591,14.0,13.518916,14.670545
Health Commission of Jiangxi Province,China,274,33,7,12.0,2.6,,F4320330771,False,169,105,832,37.932252,13.8,13.191218,14.859244
Renmin Hospital of Wuhan University,China,142,17,3,12.0,2.1,,F4320336485,False,86,56,874,24.059925,16.9,16.374422,17.743716
Energimyndigheten,Sweden,125,15,11,12.0,8.8,,F4320322711,False,67,58,10861,21.203475,17.0,15.76098,18.553124
Università degli Studi di Genova,Italy,117,14,11,12.0,9.4,,F4320322794,False,80,37,2699,14.0,12.0,,
Gedeon Richter,HU,100,12,7,12.0,7.0,,F4320321863,False,60,40,1123,15.480219,15.5,14.636453,17.180875
Coordenacao de Aperfeicoamento de Pessoal de Nivel Superior,Brazil,6134,731,244,11.9,4.0,government,F4320321091,True,3184,2950,311147,900.261904,14.7,14.088483,15.47888
"West China Hospital, Sichuan University",China,1241,148,57,11.9,4.6,,F4320336042,False,710,531,8132,182.810075,14.7,14.17274,15.593897
Natural Science Foundation of Liaoning Province,China,570,68,31,11.9,5.4,,F4320323086,False,355,215,18145,85.777375,15.0,14.604747,15.641903
Hjärnfonden,Sweden,396,47,39,11.9,9.8,,F4320322168,False,216,180,2671,57.759993,14.6,13.778596,15.654853
Southeast University,China,252,30,18,11.9,7.1,,F4320324856,False,146,106,8321,39.148022,15.5,15.028003,16.262864
Szegedi Tudományegyetem,HU,252,30,13,11.9,5.2,,F4320329149,False,150,102,3011,35.543104,14.1,13.559608,14.770128
Shanghai Educational Development Foundation,China,243,29,12,11.9,4.9,,F4320321528,False,146,97,2179,36.177185,14.9,14.315369,15.821618
Sydäntutkimussäätiö,Finland,201,24,12,11.9,6.0,,F4320323333,False,99,102,2409,30.096316,15.0,14.446667,15.832592
Universidade Estadual de Campinas,Brazil,126,15,3,11.9,2.4,,F4320323854,False,65,61,8227,19.961271,15.8,15.336808,16.570289
Key Research and Development Project of Hainan Province,China,118,14,3,11.9,2.5,,F4320327827,False,51,67,1689,18.912109,16.0,14.889866,17.485607
Natural Science Foundation of Xiamen City,China,101,12,6,11.9,5.9,,F4320316884,False,60,41,804,16.3199,16.2,15.4023,17.173592
Research to Prevent Blindness,USA,947,112,62,11.8,6.5,,F4320306811,False,329,618,17577,160.03474,16.9,16.342022,17.779768
Strong,USA,695,82,55,11.8,7.9,,F4320314997,False,418,277,0,93.079983,13.4,12.95606,14.061501
Prince of Songkla University,Thailand,314,37,4,11.8,1.3,,F4320322692,False,172,142,6034,42.563379,13.6,12.975817,14.36455
Fujian Provincial Department of Science and Technology,China,186,22,7,11.8,3.8,,F4320323190,False,93,93,3394,29.903247,16.1,15.339088,17.064878
Health Research Board,Ireland,186,22,8,11.8,4.3,,F4320312041,False,101,85,8270,28.107992,15.1,14.566866,15.912437
Education Department of Hunan Province,China,153,18,3,11.8,2.0,,F4320311213,False,96,57,4766,23.121895,15.1,14.598436,15.815704
Ministry of Education and Science of the Republic of Kazakhstan,KZ,152,18,4,11.8,2.6,,F4320322726,False,69,83,5920,18.0,11.8,,
Sichuan Provincial Administration of Traditional Chinese Medicine,China,136,16,1,11.8,0.7,,F4320329536,False,74,62,634,17.593546,12.9,12.277117,14.01405
American University of Beirut,LB,110,13,3,11.8,2.7,,F4320309999,False,54,56,3023,18.784481,17.1,16.530944,17.887917
Centro de Investigación Biomédica en Red sobre Enfermedades Neurodegenerativas,Spain,110,13,8,11.8,7.3,,F4320328990,False,71,39,1539,17.470854,15.9,15.584905,16.234753
Nagoya City University,Japan,102,12,0,11.8,0.0,,F4320325453,False,56,46,1966,14.240194,14.0,13.427401,14.733015
Alzheimer's Association,USA,1329,156,192,11.7,14.4,,F4320306219,False,662,667,10172,188.983586,14.2,13.481448,15.232465
Queen's University,Canada,283,33,23,11.7,8.1,,F4320321832,False,137,146,9670,44.525017,15.7,15.048197,16.749619
Xuzhou Medical University,China,282,33,10,11.7,3.5,,F4320327501,False,173,109,1217,44.805951,15.9,15.349298,16.696636
Rigshospitalet,Denmark,240,28,17,11.7,7.1,,F4320323124,False,145,95,3681,33.462448,13.9,13.485588,14.723608
Assistance publique-Hôpitaux de Paris,France,145,17,9,11.7,6.2,,F4320326049,False,73,72,1951,25.191205,17.4,16.8475,18.265225
Hunan University of Chinese Medicine,China,128,15,5,11.7,3.9,,F4320328749,False,70,58,407,18.818344,14.7,14.241671,15.470509
Università Degli Studi di Modena e Reggio Emila,Italy,111,13,6,11.7,5.4,,F4320311022,False,82,29,2098,15.051606,13.6,13.183721,13.983363
ZonMw,Netherlands,1867,217,200,11.6,10.7,,F4320321007,False,948,919,24013,278.302366,14.9,14.314848,15.842719
GlaxoSmithKline,UK,1262,146,114,11.6,9.0,,F4320307773,False,483,779,33606,198.201416,15.7,15.255486,16.43048
Ministério da Saúde,Brazil,302,35,19,11.6,6.3,,F4320323916,False,150,152,5110,46.365551,15.4,14.980408,15.93632
Fundação de Apoio à Pesquisa do Distrito Federal,Brazil,198,23,6,11.6,3.0,,F4320323350,False,109,89,3892,23.494877,11.9,11.616162,12.514697
Laboratório Associado para a Química Verde,Portugal,121,14,6,11.6,5.0,,F4320330090,False,74,47,1348,15.438575,12.8,12.360296,13.276467
Minas Gerais Research Foundation (FAPEMIG),Brazil,860,99,40,11.5,4.7,,F4320322980,False,439,421,44279,123.206646,14.3,13.700069,15.236308
Tel Aviv University,Israel,408,47,42,11.5,10.3,,F4320322596,False,294,114,7759,56.810139,13.9,13.372705,14.638347
Iran National Science Foundation,Iran,349,40,13,11.5,3.7,,F4320322243,False,238,111,16227,50.943901,14.6,14.165142,15.131871
Shanghai Hospital Development Center,China,312,36,17,11.5,5.4,,F4320325338,False,159,153,2059,46.205972,14.8,14.11156,15.820222
Army Medical University,China,217,25,11,11.5,5.1,,F4320327581,False,119,98,1280,37.066394,17.1,16.590169,17.813538
Janssen Research and Development,USA,139,16,12,11.5,8.6,,F4320337415,False,70,69,2266,18.13475,13.0,12.615658,13.784762
Suranaree University of Technology,Thailand,139,16,2,11.5,1.4,,F4320322574,False,73,66,3028,19.594262,14.1,12.868216,15.67504
Chengdu Medical College,China,131,15,1,11.5,0.8,,F4320317436,False,81,50,591,18.467744,14.1,13.679572,14.766597
Sanofi Pasteur,France,113,13,8,11.5,7.1,,F4320333684,False,38,75,3313,18.896571,16.7,16.254675,17.539547
Semmelweis Egyetem,HU,317,36,21,11.4,6.6,,F4320321102,False,220,97,2619,38.164659,12.0,11.885161,12.253762
Universidade Federal de Minas Gerais,Brazil,237,27,17,11.4,7.2,,F4320324369,False,127,110,8906,35.115971,14.8,14.260727,15.663774
University of Nottingham,UK,175,20,14,11.4,8.0,,F4320320324,False,72,103,10869,28.29339,16.2,15.215918,17.530956
National Research Council of Science and Technology,Korea,140,16,6,11.4,4.3,,F4320325370,False,83,57,3581,20.014666,14.3,13.775649,15.050145
Swansea University,UK,114,13,13,11.4,11.4,,F4320320667,False,57,57,3137,16.228173,14.2,13.528278,15.501182
Fundação de Amparo à Pesquisa e ao Desenvolvimento Científico e Tecnológico do Maranhão,Brazil,105,12,2,11.4,1.9,,F4320322137,False,56,49,3014,12.547819,12.0,11.460645,12.6355
F. Hoffmann-La Roche,Switzerland,423,48,42,11.3,9.9,,F4320309432,False,197,226,8814,66.044971,15.6,14.975809,16.503507
Henan Provincial Science and Technology Research Project,China,390,44,8,11.3,2.1,,F4320336593,False,233,157,4463,51.153406,13.1,12.526506,13.894526
McMaster University,Canada,353,40,38,11.3,10.8,,F4320311526,False,182,171,15137,45.773666,13.0,12.411305,13.830894
Dalian Medical University,China,159,18,5,11.3,3.1,,F4320327612,False,100,59,1028,21.809262,13.7,13.262529,14.353127
University of South Australia,Australia,133,15,10,11.3,7.5,,F4320320979,False,74,59,4056,18.754264,14.1,13.631379,14.924169
"Ministry of Science and Technology, Taiwan",Taiwan,1202,135,52,11.2,4.3,,F4320322795,False,721,481,84482,173.042923,14.4,13.82795,15.202144
Mahidol University,Thailand,968,108,21,11.2,2.2,,F4320322401,False,636,332,10446,127.149768,13.1,12.804954,13.611106
National Taiwan University,Taiwan,697,78,32,11.2,4.6,,F4320323900,False,354,343,16583,109.882477,15.8,14.901355,16.964945
Natural Science Foundation of Ningbo,China,437,49,25,11.2,5.7,,F4320332587,False,275,162,9083,67.966622,15.6,15.06141,16.204671
Education Department of Jiangxi Province,China,322,36,8,11.2,2.5,,F4320325626,False,194,128,6956,42.753499,13.3,12.64445,14.18941
"Ministerio de Ciencia, Tecnología e Innovación",CO,260,29,12,11.2,4.6,,F3277441329,False,137,123,2131,31.731801,12.2,11.730253,12.890846
ViiV Healthcare,UK,249,28,9,11.2,3.6,,F4320312382,False,125,124,2301,42.620592,17.1,16.433802,18.130482
Chongqing University,China,215,24,4,11.2,1.9,,F4320321135,False,135,80,6532,32.734041,15.2,14.714134,15.881067
"Ministerstvo školstva, vedy, výskumu a športu Slovenskej republiky",SK,178,20,1,11.2,0.6,,F4320321779,False,120,58,5134,21.110613,11.9,11.568799,12.223577
University of Ghana,GH,152,17,3,11.2,2.0,,F4320323307,False,90,62,2766,21.221859,14.0,13.717184,14.462846
Hôpitaux Universitaires de Genève,Switzerland,116,13,13,11.2,11.2,,F4320323829,False,62,54,1554,17.338669,14.9,14.338768,15.883015
Hangzhou Normal University,China,107,12,5,11.2,4.7,,F4320324716,False,57,50,1462,16.341224,15.3,14.426289,16.315084
Bristol-Myers Squibb,USA,2282,253,228,11.1,10.0,,F4320307115,False,861,1421,30960,338.015604,14.8,14.388745,15.508198
Nanjing Medical University,China,793,88,37,11.1,4.7,,F4320324291,False,471,322,5061,116.000453,14.6,14.062404,15.457615
Universidade de Lisboa,Portugal,190,21,20,11.1,10.5,,F4320323424,False,127,63,5837,26.023941,13.7,13.153123,14.399994
Danone,France,117,13,8,11.1,6.8,,F4320310065,False,58,59,2762,20.025068,17.1,16.712571,17.709172
Kuwait University,KW,108,12,4,11.1,3.7,,F4320322668,False,54,54,4583,15.798064,14.6,14.16942,15.344302
National Research Foundation of Korea,Korea,10745,1179,501,11.0,4.7,government,F4320322120,True,6325,4420,306252,1488.219922,13.9,13.341656,14.57149
Yonsei University,Korea,609,67,29,11.0,4.8,,F4320321314,False,385,224,10344,82.645703,13.6,13.231931,14.144796
Hjärt-Lungfonden,Sweden,420,46,30,11.0,7.1,,F4320322169,False,201,219,6821,62.860594,15.0,14.608152,15.703193
Universiteit Maastricht,Netherlands,228,25,17,11.0,7.5,,F4320321016,False,112,116,5362,33.937684,14.9,14.404616,15.525795
Yunnan Provincial Department of Education,China,219,24,7,11.0,3.2,,F4320324734,False,129,90,1867,31.632696,14.4,13.42027,15.652159
Merck Sharp and Dohme,UK,118,13,10,11.0,8.5,,F4320332932,False,49,69,5682,19.191674,16.3,15.468556,17.412058
Universitat Politècnica de València,Spain,109,12,8,11.0,7.3,,F4320334905,False,65,44,4297,12.984471,11.9,11.431206,12.55921
Centers for Disease Control and Prevention Foundation,USA,100,11,3,11.0,3.0,,F4320319715,False,55,45,788,12.444635,12.4,12.106764,12.966765
Biogen,USA,1259,137,163,10.9,12.9,,F4320308604,False,571,688,12374,191.443276,15.2,14.781446,15.855108
Universitätsklinikum Hamburg-Eppendorf,Germany,467,51,32,10.9,6.9,,F4320335947,False,381,86,1268,56.244016,12.0,11.753429,12.475706
Yonsei University College of Medicine,Korea,359,39,18,10.9,5.0,,F4320335295,False,228,131,4343,46.265739,12.9,12.645705,13.262184
Nemzeti Kutatási és Technológiai Hivatal,HU,138,15,9,10.9,6.5,,F4320322193,False,63,75,3977,18.658954,13.5,12.924926,14.225291
Fundação de Amparo à Ciência e Tecnologia do Estado de Pernambuco,Brazil,128,14,9,10.9,7.0,,F4320323678,False,76,52,8136,16.470065,12.9,12.425961,13.456013
Australian National Fabrication Facility,Australia,119,13,5,10.9,4.2,,F4320310184,False,69,50,3623,16.775855,14.1,13.532998,15.104343
Agios Pharmaceuticals,USA,101,11,9,10.9,8.9,,F4320316629,False,25,76,869,13.478596,13.3,13.001721,14.118351
Junta de Comunidades de Castilla-La Mancha,Spain,101,11,4,10.9,4.0,,F4320327216,False,65,36,3510,16.013634,15.9,15.115711,16.687358
Public Health Agency,UK,538,58,51,10.8,9.5,government,F4320320853,True,246,292,6631,77.782489,14.5,13.889582,15.410052
Medical Science and Technology Project of Zhejiang Province,China,461,50,18,10.8,3.9,,F4320338199,False,272,189,2401,66.357819,14.4,13.980221,14.998845
Norges Teknisk-Naturvitenskapelige Universitet,Norway,434,47,51,10.8,11.8,,F4320311040,False,280,154,9739,60.706336,14.0,13.575311,14.654663
Deakin University,Australia,324,35,21,10.8,6.5,,F4320320970,False,196,128,8582,41.347949,12.8,12.260769,13.633436
Financiadora de Estudos e Projetos,Brazil,296,32,8,10.8,2.7,,F4320322904,False,145,151,23143,37.575594,12.7,11.89674,13.725554
Università di Pisa,Italy,204,22,13,10.8,6.4,,F4320324499,False,124,80,7137,29.298658,14.4,13.905742,14.934985
Shanxi Medical University,China,186,20,6,10.8,3.2,,F4320325200,False,119,67,1139,26.621108,14.3,13.771014,15.088251
Center for Innovative Medicine,Sweden,167,18,11,10.8,6.6,,F4320336663,False,89,78,1224,21.932328,13.1,12.371749,14.306712
"NIHR Biomedical Research Centre, Royal Marsden NHS Foundation Trust/Institute of Cancer Research",UK,157,17,11,10.8,7.0,,F4320315071,False,64,93,4205,24.815827,15.8,15.296891,16.458724
Natural Science Foundation of Qingdao,China,120,13,4,10.8,3.3,,F4320328636,False,70,50,1452,17.885576,14.9,14.318098,15.695075
Department of Science and Technology of Jilin Province,China,419,45,9,10.7,2.1,,F4320327282,False,237,182,6930,58.120232,13.9,13.199494,14.729128
Shandong First Medical University,China,347,37,18,10.7,5.2,,F4320328999,False,187,160,1692,48.749844,14.0,13.573745,14.773791
Chinese Society of Clinical Oncology,China,205,22,16,10.7,7.8,,F4320326042,False,116,89,1452,31.586812,15.4,14.851761,16.308439
Science and Technology Innovation Plan Of Shanghai Science and Technology Commission,China,169,18,10,10.7,5.9,,F4320336652,False,83,86,1794,24.173361,14.3,13.529002,15.361407
Universidad de Navarra,Spain,140,15,6,10.7,4.3,,F4320322649,False,96,44,3142,18.418175,13.2,12.908219,13.576299
National Tsing Hua University,Taiwan,122,13,4,10.7,3.3,,F4320323092,False,54,68,4659,21.60671,17.7,16.707717,19.218844
Università degli Studi di Cagliari,Italy,122,13,2,10.7,1.6,,F4320313987,False,72,50,2341,13.507245,11.1,10.664535,11.588277
Carnegie Corporation of New York,USA,112,12,1,10.7,0.9,,F4320306125,False,57,55,3427,16.545953,14.8,14.135135,15.744875
Fujian Medical University,China,736,78,16,10.6,2.2,,F4320328113,False,462,274,3292,105.678681,14.4,13.834256,15.103992
European Food Safety Authority,Italy,350,37,6,10.6,1.7,,F4320315318,False,167,183,4414,51.248314,14.6,12.983331,16.73211
Nantong University,China,179,19,4,10.6,2.2,,F4320323090,False,106,73,1872,24.189811,13.5,13.020638,14.294708
NordForsk,Norway,170,18,21,10.6,12.4,,F4320322885,False,79,91,3817,26.205246,15.4,14.608445,16.751042
Università degli Studi di Parma,Italy,141,15,7,10.6,5.0,,F4320322875,False,73,68,2879,23.298146,16.5,15.874712,17.26034
National Institute for Health Research Applied Research Collaboration West,UK,104,11,6,10.6,5.8,,F4320337232,False,40,64,557,17.013487,16.4,15.804609,17.559145
AstraZeneca,UK,3281,343,222,10.5,6.8,,F4320307770,False,1217,2064,42636,500.241888,15.2,14.794369,16.067391
Boehringer Ingelheim,USA,209,22,13,10.5,6.2,,F4320306257,False,95,114,5670,34.979311,16.7,16.094632,17.731055
Wannan Medical College,China,171,18,1,10.5,0.6,,F4320328750,False,105,66,819,24.684973,14.4,14.066927,15.013597
Korea Institute of Oriental Medicine,Korea,133,14,5,10.5,3.8,,F4320322113,False,63,70,2281,14.409149,10.8,10.526316,11.748685
Seoul National University,Korea,1113,116,81,10.4,7.3,,F4320321292,False,746,367,18253,144.344015,13.0,12.628165,13.471841
"Ministry of Science, ICT and Future Planning",Korea,597,62,28,10.4,4.7,,F4320322030,False,294,303,54541,82.059323,13.7,13.34926,14.34817
Southwest Medical University,China,375,39,10,10.4,2.7,,F4320328652,False,224,151,2036,51.862304,13.8,13.192205,14.890931
Lembaga Pengelola Dana Pendidikan,ID,288,30,6,10.4,2.1,,F4320328515,False,121,167,8435,45.143634,15.7,14.838839,16.894824
University of Cape Town,South Africa,268,28,24,10.4,9.0,,F4320324164,False,126,142,12100,40.945443,15.3,14.740953,16.126405
Hebei Medical University,China,222,23,3,10.4,1.4,,F4320327628,False,124,98,1170,28.401055,12.8,12.167299,13.820485
Exelixis,USA,164,17,13,10.4,7.9,,F4320312140,False,43,121,1452,24.520219,15.0,14.721365,15.517343
Astellas Pharma,Japan,951,98,54,10.3,5.7,,F4320323024,False,346,605,11256,137.288261,14.4,13.878301,15.326753
Celgene,USA,769,79,70,10.3,9.1,,F4320309086,False,312,457,9826,110.25483,14.3,14.017022,14.894283
Korea University,Korea,458,47,22,10.3,4.8,,F4320321373,False,258,200,9614,59.523484,13.0,12.477283,13.82289
IXICO,UK,252,26,55,10.3,21.8,,F4320329118,False,118,134,1666,34.490573,13.7,12.934524,14.688989
Yakult Bio-Science Foundation,Japan,252,26,4,10.3,1.6,,F4320328010,False,152,100,678,35.437878,14.1,13.435102,14.962359
Key Research and Development Projects of Shaanxi Province,China,607,62,22,10.2,3.6,,F4320336350,False,356,251,8980,80.386176,13.2,12.608129,14.088962
Beijing Municipal Science and Technology Commission,China,421,43,23,10.2,5.5,,F4320325902,False,214,207,10358,64.295756,15.3,14.505453,16.329629
Jiangsu University,China,333,34,17,10.2,5.1,,F4320321410,False,201,132,6896,43.920347,13.2,12.530038,14.136219
Meso Scale Diagnostics,USA,255,26,51,10.2,20.0,,F4320309470,False,119,136,2619,35.518431,13.9,13.194366,14.921389
Roche,Switzerland,255,26,17,10.2,6.7,,F4320307779,False,97,158,4870,42.248109,16.6,15.911698,17.515731
Innosuisse - Schweizerische Agentur für Innovationsförderung,Switzerland,186,19,15,10.2,8.1,,F4320327931,False,111,75,2804,27.101455,14.6,13.966345,15.402497
Tays,Finland,137,14,10,10.2,7.3,,F4320326518,False,81,56,3230,18.269507,13.3,12.869991,14.162088
Regeneron Pharmaceuticals,USA,841,85,52,10.1,6.2,,F4320311600,False,295,546,7238,126.726815,15.1,14.763313,15.725119
Soochow University,China,534,54,20,10.1,3.7,,F4320324720,False,308,226,7163,74.304195,13.9,13.281402,14.85769
Universidade do Porto,Portugal,228,23,17,10.1,7.5,,F4320324086,False,161,67,4602,30.601377,13.4,13.119257,13.850636
Alnylam Pharmaceuticals,USA,217,22,12,10.1,5.5,,F4320309056,False,78,139,1247,34.773085,16.0,15.757603,16.582945
Department of Education of Zhejiang Province,China,198,20,9,10.1,4.5,,F4320325436,False,121,77,3059,25.795937,13.0,12.538546,13.82386
Pécsi Tudományegyetem,HU,178,18,2,10.1,1.1,,F4320325904,False,133,45,1681,19.865473,11.2,10.925924,11.517064
Università degli Studi di Verona,Italy,178,18,6,10.1,3.4,,F4320324120,False,122,56,2511,21.897787,12.3,11.941285,12.773934
Universitätsklinikum Essen,Germany,168,17,17,10.1,10.1,,F4320317492,False,154,14,928,18.351508,10.9,10.912148,10.93577
Walailak University,Thailand,119,12,2,10.1,1.7,,F4320326188,False,60,59,1400,12.0,10.1,10.084034,10.295644
Chongqing Medical University,China,699,70,11,10.0,1.6,,F4320322595,False,386,313,4094,88.97176,12.7,12.213811,13.578005
NextGenerationEU,EU,539,54,24,10.0,4.5,,F7311471023,False,163,376,6631,89.521645,16.6,15.224277,18.397304
Narodowe Centrum Badań i Rozwoju,Poland,422,42,11,10.0,2.6,,F4320335039,False,265,157,14283,45.763992,10.8,10.47369,11.368137
Hong Kong Polytechnic University,Hong Kong,390,39,12,10.0,3.1,,F4320322598,False,226,164,21228,54.46832,14.0,13.18337,15.092797
Norwegian Institute of Public Health,Norway,321,32,44,10.0,13.7,,F4320337091,False,196,125,3636,38.102393,11.9,11.604081,12.346979
Helse Midt-Norge,Norway,180,18,16,10.0,8.9,,F4320322752,False,109,71,1695,22.778687,12.7,12.281463,13.32591
Västra Götalandsregionen,Sweden,150,15,8,10.0,5.3,,F4320309605,False,76,74,1587,15.0,10.0,10.0,10.372415
Kitasato University,Japan,100,10,0,10.0,0.0,,F4320324670,False,49,51,2851,14.47586,14.5,13.660564,15.686266
U.S. Department of Education,USA,100,10,7,10.0,7.0,,F4320306106,False,38,62,10749,15.858707,15.9,15.109968,16.832797
National Science and Technology Council,ZM,3096,308,154,9.9,5.0,,F4320331164,False,1538,1558,39953,471.025103,15.2,14.346517,16.465428
Jiangsu Commission of Health,China,648,64,17,9.9,2.6,,F4320317802,False,366,282,2144,87.433397,13.5,12.949644,14.321287
London School of Hygiene and Tropical Medicine,UK,364,36,32,9.9,8.8,,F4320311430,False,185,179,6447,50.737393,13.9,13.479814,14.797294
Anhui Provincial Department of Education,China,355,35,6,9.9,1.7,,F4320326664,False,185,170,3616,47.148298,13.3,12.580963,14.33457
Korea Disease Control and Prevention Agency,Korea,355,35,10,9.9,2.8,,F4320318372,False,238,117,1311,43.554011,12.3,11.995186,12.693598
"Department of Health and Aged Care, Australian Government",Australia,353,35,31,9.9,8.8,,F4320322220,False,125,228,2602,47.456889,13.4,12.199549,15.089416
Northern California Institute for Research and Education,USA,262,26,59,9.9,22.5,,F4320311551,False,126,136,2052,31.924779,12.2,11.3594,13.312886
NIHR Leicester Biomedical Research Centre,UK,172,17,15,9.9,8.7,,F4320336903,False,76,96,1037,23.279255,13.5,13.162143,14.283288
New Energy and Industrial Technology Development Organization,Japan,141,14,5,9.9,3.5,,F4320321034,False,74,67,9818,22.098631,15.7,14.271112,17.589238
Technische Universiteit Delft,Netherlands,141,14,14,9.9,9.9,,F4320321012,False,70,71,11047,21.540993,15.3,14.637089,16.252674
Gyeongsang National University,Korea,121,12,3,9.9,2.5,,F4320321318,False,73,48,1632,16.525415,13.7,13.230064,14.439527
"Inselspital, Universitätsspital Bern",Switzerland,121,12,8,9.9,6.6,,F4320318017,False,67,54,1670,16.063049,13.3,12.941698,13.844872
Pfizer,USA,4381,429,325,9.8,7.4,,F4320307765,False,1853,2528,74493,607.037272,13.9,13.45182,14.5827
Chiang Mai University,Thailand,644,63,6,9.8,0.9,,F4320321529,False,382,262,8342,78.953335,12.3,11.667836,13.024821
"Ministério da Ciência, Tecnologia e Ensino Superior",Portugal,589,58,23,9.8,3.9,,F4320323642,False,344,245,11634,64.361356,10.9,10.337914,11.671322
Charité – Universitätsmedizin Berlin,Germany,461,45,34,9.8,7.4,,F4320321526,False,425,36,2304,45.703166,9.9,9.840311,10.03854
Shionogi,Japan,305,30,7,9.8,2.3,,F4320323316,False,123,182,3648,46.674114,15.3,14.615515,16.346803
Kaiser Permanente,USA,224,22,15,9.8,6.7,,F4320308849,False,89,135,3939,33.665164,15.0,14.459288,16.242842
Health Commission of Hunan Province,China,183,18,7,9.8,3.8,,F4320317581,False,111,72,878,23.480835,12.8,12.360671,13.689643
Chengdu Science and Technology Bureau,China,163,16,10,9.8,6.1,,F4320326670,False,106,57,1606,18.322656,11.2,10.720378,11.986124
Western Sydney University,Australia,153,15,14,9.8,9.2,,F4320330043,False,89,64,2184,22.968606,15.0,14.555279,15.716812
Basic Public Welfare Research Program of Zhejiang Province,China,123,12,3,9.8,2.4,,F4320338468,False,62,61,1466,16.787071,13.6,12.963381,14.621414
Beijing Municipal Natural Science Foundation,China,370,36,19,9.7,5.1,government,F4320334977,True,160,210,8274,52.911455,14.3,13.219693,15.81147
Università degli Studi di Napoli Federico II,Italy,269,26,11,9.7,4.1,,F4320309590,False,186,83,7165,26.615459,9.9,9.665428,10.297881
Instituto Politécnico Nacional,Mexico,247,24,6,9.7,2.4,,F4320321694,False,133,114,5624,31.13915,12.6,11.979964,13.357794
Qatar University,QA,247,24,4,9.7,1.6,,F4320322472,False,149,98,4141,26.559355,10.8,10.259228,11.618631
Thammasat University,Thailand,238,23,3,9.7,1.3,,F4320323439,False,131,107,2998,31.414845,13.2,12.765849,13.832961
"Ministarstvo Prosvete, Nauke i Tehnološkog Razvoja",RS,226,22,7,9.7,3.1,,F4320322729,False,127,99,35197,30.712528,13.6,13.107376,14.170485
NSW Ministry of Health,Australia,185,18,11,9.7,5.9,,F4320325396,False,85,100,3015,18.949742,10.2,9.77918,11.421173
Ministry of Education of the People's Republic of China,China,774,74,30,9.6,3.9,,F4320321106,False,427,347,70060,104.278708,13.5,12.859087,14.316401
Samsung,Korea,635,61,56,9.6,8.8,,F4320332195,False,359,276,18452,93.058518,14.7,14.108044,15.483725
BioClinica,USA,272,26,58,9.6,21.3,,F4320310045,False,126,146,2032,34.30251,12.6,11.803597,13.688681
American Society of Clinical Oncology,USA,187,18,15,9.6,8.0,,F4320308982,False,65,122,3931,26.477638,14.2,13.684082,14.95367
Assiut University,EG,156,15,1,9.6,0.6,,F4320325647,False,140,16,1808,17.112998,11.0,10.84828,11.137119
"Vellore Institute of Technology, Chennai",India,104,10,8,9.6,7.7,,F4320319346,False,82,22,597,11.155345,10.7,10.557583,10.93294
U.S. Department of State,USA,158,15,13,9.5,8.2,,F4320306113,False,62,96,8322,19.54787,12.4,11.683924,13.418746
Inner Mongolia Medical University,China,116,11,4,9.5,3.4,,F4320317451,False,74,42,621,15.004186,12.9,12.566548,13.708767
Stiftelsen Olle Engkvist Byggmästare,Sweden,116,11,6,9.5,5.2,,F4320322444,False,46,70,1588,20.084592,17.3,15.779779,19.350004
Science and Technology Development Fund,EG,2799,263,45,9.4,1.6,,F4320321655,False,2680,119,13024,266.15641,9.5,9.460392,9.574195
Ministry of Education,Korea,962,90,36,9.4,3.7,,F4320321408,False,443,519,58651,131.883114,13.7,13.076261,14.583209
Wu Jieping Medical Foundation,China,413,39,16,9.4,3.9,,F4320332531,False,247,166,2372,49.377639,12.0,11.423322,12.844075
Science Fund of the Republic of Serbia,RS,233,22,5,9.4,2.1,,F4320329307,False,143,90,1880,26.26229,11.3,10.82919,11.798768
Foundation for Cardiovascular Research,Switzerland,192,18,10,9.4,5.2,,F4320309883,False,87,105,1956,23.979075,12.5,11.976867,13.365535
University of Auckland,New Zealand,192,18,18,9.4,9.4,,F4320320801,False,124,68,8276,25.97263,13.5,13.115312,14.074206
Wake Forest University,USA,192,18,22,9.4,11.5,,F4320309558,False,117,75,4764,22.430446,11.7,11.192353,12.513114
Medical Research Future Fund,Australia,149,14,11,9.4,7.4,,F4906014721,False,88,61,1125,18.68492,12.5,11.748982,13.941722
Sveučilište u Zagrebu,HR,149,14,5,9.4,3.4,,F4320310928,False,78,71,3113,17.687809,11.9,11.079975,12.815029
Jiangnan University,China,127,12,2,9.4,1.6,,F4320322296,False,71,56,2203,17.6297,13.9,13.356323,14.522776
Parkinsonfonden,Sweden,127,12,18,9.4,14.2,,F4320332679,False,69,58,1827,15.059973,11.9,11.357409,12.422303
"Ministry of Science and ICT, South Korea",Korea,6574,614,313,9.3,4.8,,F4320328359,False,4014,2560,61711,808.817633,12.3,11.840836,12.97103
Gilead Sciences,USA,1683,156,87,9.3,5.2,,F4320308573,False,637,1046,18312,248.175984,14.7,14.304666,15.470583
Seoul National University Hospital,Korea,356,33,13,9.3,3.7,,F4320322557,False,241,115,4816,39.263792,11.0,10.758835,11.532993
Health Commission of Guizhou Province,China,270,25,9,9.3,3.3,,F4320317797,False,173,97,688,34.001736,12.6,11.98102,13.516963
Inyuvesi Yakwazulu-Natali,South Africa,246,23,14,9.3,5.7,,F4320322812,False,122,124,7777,32.328801,13.1,12.765416,13.745897
Universitas Airlangga,ID,215,20,8,9.3,3.7,,F4320325143,False,62,153,5104,31.636376,14.7,14.205542,15.56665
National Health Commission of the People's Republic of China,China,448,41,19,9.2,4.2,,F4320329926,False,252,196,1809,64.734348,14.4,13.837219,15.35154
Universitätsklinikum Heidelberg,Germany,262,24,21,9.2,8.0,,F4320330130,False,225,37,1219,24.981581,9.5,9.384218,9.781621
Ministry of Health and Welfare,Taiwan,195,18,13,9.2,6.7,,F4320310848,False,110,85,13615,78.767975,40.4,38.755407,42.976508
"Faculty of Medicine, Chiang Mai University",Thailand,153,14,2,9.2,1.3,,F4320335535,False,88,65,1135,19.394287,12.7,12.356366,13.177469
Augusta University,USA,109,10,5,9.2,4.6,,F4320313241,False,44,65,897,15.360369,14.1,13.369289,14.987084
Universidad de Alicante,Spain,109,10,3,9.2,2.8,,F4320311011,False,65,44,4353,14.779314,13.6,12.876913,14.431537
Natural Science Foundation of Shaanxi Province,China,515,47,16,9.1,3.1,,F4320324173,False,294,221,20467,66.229019,12.9,12.330885,13.515816
National Cheng Kung University,Taiwan,328,30,17,9.1,5.2,,F4320324663,False,184,144,7193,42.767034,13.0,12.464516,13.976898
Chongqing Science and Technology Commission,China,275,25,7,9.1,2.5,,F4320321550,False,172,103,8535,37.202077,13.5,13.044401,14.248166
Les Laboratories Pierre Fabre,France,253,23,14,9.1,5.5,,F4320314128,False,80,173,2867,34.995913,13.8,13.491334,14.550387
Ono Pharmaceutical,Japan,242,22,14,9.1,5.8,,F4320327845,False,102,140,2974,36.430032,15.1,14.565099,15.760349
Regione Toscana,Italy,143,13,12,9.1,8.4,,F4320326084,False,80,63,3666,17.747871,12.4,12.074198,12.868791
"Ministerul Cercetării, Inovării şi Digitalizării",RO,256,23,12,9.0,4.7,,F4320318622,False,148,108,3679,28.163901,11.0,10.607706,11.535129
Griffith University,Australia,234,21,16,9.0,6.8,,F4320320981,False,134,100,8445,27.071881,11.6,11.2111,12.220922
Nanjing Drum Tower Hospital,China,166,15,8,9.0,4.8,,F4320330237,False,91,75,569,23.349121,14.1,13.395694,14.939588
Lastentautien Tutkimussäätiö,Finland,134,12,6,9.0,4.5,,F4320323406,False,73,61,1665,16.761716,12.5,12.000438,13.260448
Traditional Chinese Medicine Bureau of Guangdong Province,China,134,12,2,9.0,1.5,,F4320326710,False,79,55,1062,16.089423,12.0,11.593103,12.662333
Ministry of Education – Kingdom of Saudi Arabi,Saudi Arabia,133,12,2,9.0,1.5,,F4320327296,False,48,85,1993,15.663146,11.8,11.07671,12.705308
National Children's Research Centre,Ireland,100,9,4,9.0,4.0,,F4320315014,False,65,35,963,10.549956,10.5,9.934251,11.436296
Scientific and Technological Research Council of Turkey (TUBITAK),Turkey,1287,115,50,8.9,3.9,,F4320322626,False,824,463,51500,149.206684,11.6,11.034409,12.344727
China Medical University,China,605,54,22,8.9,3.6,,F4320324301,False,336,269,8544,73.41902,12.1,11.688959,12.798833
Syddansk Universitet,Denmark,371,33,18,8.9,4.9,,F4320323799,False,260,111,4702,37.950234,10.2,9.920257,10.739131
Alzheimer's Disease Neuroimaging Initiative,USA,349,31,69,8.9,19.8,,F4320309697,False,173,176,2657,39.499791,11.3,10.609198,12.252213
Novartis,Switzerland,259,23,17,8.9,6.6,,F4320307778,False,94,165,8614,40.568405,15.7,15.192954,16.501908
Beijing Municipal Administration of Hospitals,China,258,23,11,8.9,4.3,,F4320325911,False,155,103,3372,31.965208,12.4,11.879277,13.182162
"Ministry of Higher Education, Science, Research and Innovation, Thailand",Thailand,224,20,6,8.9,2.7,,F4320329432,False,111,113,1287,25.543501,11.4,10.726213,12.287084
Northeast Agricultural University,China,135,12,1,8.9,0.7,,F4320325186,False,58,77,1989,21.599993,16.0,14.218427,18.37772
Fundação de Amparo à Pesquisa e Inovação do Espírito Santo,Brazil,124,11,1,8.9,0.8,,F4320323682,False,63,61,4494,16.645944,13.4,12.7576,14.447335
Fundação de Amparo à Pesquisa e Inovação do Estado de Santa Catarina,Brazil,112,10,6,8.9,5.4,,F4320323349,False,56,56,4824,15.412806,13.8,13.086361,14.661101
"Birla Institute of Technology and Science, Pilani",India,101,9,3,8.9,3.0,,F4320323889,False,67,34,1612,11.558277,11.4,11.227895,11.729342
"Science and Technology Plan Project of Wenzhou, China",China,101,9,0,8.9,0.0,,F4320336615,False,61,40,949,12.674317,12.5,12.129874,13.177073
Universidad de Guadalajara,Mexico,101,9,5,8.9,5.0,,F4320317037,False,54,47,1758,10.552761,10.4,9.971884,11.044591
World Health Organization,Switzerland,2328,205,113,8.8,4.9,,F4320307856,False,1072,1256,33010,315.063377,13.5,13.13354,14.17655
Ipsen,France,386,34,19,8.8,4.9,,F4320328455,False,118,268,4836,55.624921,14.4,14.126429,15.032513
Universitätsmedizin der Johannes Gutenberg-Universität Mainz,Germany,182,16,8,8.8,4.4,,F4320336167,False,168,14,1060,17.329764,9.5,9.444626,9.653572
U.S. Department of Transportation,USA,114,10,9,8.8,7.9,,F4320306108,False,70,44,22197,13.531981,11.9,11.349904,12.480565
Università degli Studi di Brescia,Brazil,113,10,4,8.8,3.5,,F4320324342,False,75,38,1873,12.471365,11.0,10.668478,11.53489
Kuopion Yliopistollinen Sairaala,Finland,102,9,15,8.8,14.7,,F4320322356,False,67,35,2294,11.783851,11.6,11.326809,11.971909
Korea Health Industry Development Institute,Korea,1729,151,102,8.7,5.9,government,F4320322107,True,1011,718,15154,206.88271,12.0,11.498951,12.706159
Public Health Agency of Canada,Canada,378,33,22,8.7,5.8,,F4320312568,False,171,207,6184,46.891294,12.4,11.900975,13.193736
Health Research Council of New Zealand,New Zealand,323,28,19,8.7,5.9,,F4320334749,False,166,157,8581,40.713201,12.6,12.014157,13.589946
U.S. President’s Emergency Plan for AIDS Relief,USA,252,22,9,8.7,3.6,,F4320310979,False,144,108,3416,32.872521,13.0,12.677168,13.592462
"Khalifa University of Science, Technology and Research",AE,230,20,21,8.7,9.1,,F4320322334,False,152,78,4468,28.719086,12.5,12.027791,13.153947
Konkuk University,Korea,173,15,3,8.7,1.7,,F4320321372,False,87,86,5062,21.938365,12.7,12.092302,13.520408
Ministry of Education and Science of the Russian Federation,Russia,127,11,9,8.7,7.1,,F4320321912,False,62,65,29776,12.794235,10.1,9.570854,10.673184
Janssen Pharmaceuticals,USA,324,28,23,8.6,7.1,,F4320337601,False,121,203,4663,49.301555,15.2,14.606806,16.167476
Guizhou Science and Technology Department,China,279,24,7,8.6,2.5,,F4320322272,False,171,108,4894,34.851463,12.5,11.859389,13.285383
China-Japan Friendship Hospital,China,197,17,8,8.6,4.1,,F4320335783,False,120,77,1284,24.798394,12.6,11.995988,13.511183
Familjen Erling-Perssons Stiftelse,Sweden,186,16,13,8.6,7.0,,F4320309793,False,100,86,954,21.342529,11.5,10.766579,12.495043
Stiftelsen för Gamla Tjänarinnor,Sweden,175,15,9,8.6,5.1,,F4320312359,False,100,75,831,18.911281,10.8,10.040717,11.843636
Bethune Charitable Foundation,China,162,14,7,8.6,4.3,,F4320317014,False,92,70,565,22.019045,13.6,12.947735,14.528019
Chiesi Farmaceutici,Italy,128,11,4,8.6,3.1,,F4320309888,False,58,70,1577,16.832401,13.2,12.840795,13.71666
"Unitatea Executiva pentru Finantarea Invatamantului Superior, a Cercetarii, Dezvoltarii si Inovarii",RO,376,32,11,8.5,2.9,,F4320323983,False,243,133,13746,38.515047,10.2,9.879399,10.723892
Chonnam National University,Korea,224,19,3,8.5,1.3,,F4320321198,False,144,80,3822,22.773493,10.2,9.818731,10.76687
Bengbu Medical College,China,130,11,3,8.5,2.3,,F4320324774,False,79,51,1003,16.237158,12.5,11.979725,13.385613
Signe ja Ane Gyllenbergin Säätiö,Finland,106,9,7,8.5,6.6,,F4320322550,False,58,48,1517,12.782292,12.1,11.312161,13.214716
Eli Lilly and Company,USA,2699,227,223,8.4,8.3,,F4320307758,False,1177,1522,51313,358.390851,13.3,12.829462,14.051541
Taipei Medical University,Taiwan,273,23,12,8.4,4.4,,F4320322814,False,132,141,3551,35.979348,13.2,12.705679,13.944041
Università Cattolica del Sacro Cuore,Italy,203,17,8,8.4,3.9,,F4320323405,False,133,70,2320,21.548163,10.6,10.25957,11.080792
Al-Azhar University,EG,190,16,5,8.4,2.6,,F4320330007,False,169,21,1889,18.665253,9.8,9.698734,9.97361
Catholic University of Korea,Korea,179,15,7,8.4,3.9,,F4320321379,False,117,62,2199,21.402488,12.0,11.620724,12.588011
Health and Care Research Wales,UK,179,15,15,8.4,8.4,,F4320313245,False,87,92,1398,21.296063,11.9,11.254238,13.163928
University of Waterloo,Canada,119,10,9,8.4,7.6,,F4320322676,False,61,58,9007,16.790699,14.1,13.522912,14.995961
Sanofi,USA,2780,232,202,8.3,7.3,,F4320307781,False,1123,1657,35299,378.810882,13.6,13.215314,14.363355
Peking Union Medical College Hospital,China,963,80,50,8.3,5.2,,F4320324962,False,547,416,3176,116.225367,12.1,11.54778,12.891118
Shahid Beheshti University of Medical Sciences,Iran,458,38,13,8.3,2.8,,F4320323457,False,249,209,6471,56.006688,12.2,12.021348,12.566586
Wenzhou Medical University,China,313,26,11,8.3,3.5,,F4320310111,False,170,143,2461,43.654033,13.9,13.338193,14.816662
Universitätsklinikum Köln,Germany,216,18,12,8.3,5.6,,F4320327730,False,188,28,1269,18.0,8.3,,
Sahlgrenska Universitetssjukhuset,Sweden,192,16,7,8.3,3.6,,F4320323416,False,106,86,2998,20.379396,10.6,10.085099,11.473704
Science and Technology Department of Henan Province,China,180,15,9,8.3,5.0,,F4320327051,False,107,73,3305,21.796394,12.1,11.511025,12.873124
South London and Maudsley NHS Foundation Trust,UK,132,11,13,8.3,9.8,,F4320311198,False,76,56,3637,14.269095,10.8,10.278584,11.584861
Beijing Municipal Administration of Hospitals Clinical Medicine Development of Special Funding Support,China,109,9,5,8.3,4.6,,F4320325706,False,64,45,1508,12.610202,11.6,10.987947,12.473703
Yrjö Jahnssonin Säätiö,Finland,108,9,8,8.3,7.4,,F4320311795,False,64,44,1984,13.508909,12.5,11.776579,13.715868
Mansoura University,EG,391,32,8,8.2,2.0,,F4320325716,False,357,34,2674,33.095875,8.5,8.427722,8.516115
Health Commission of Sichuan Province,China,269,22,7,8.2,2.6,,F4320330773,False,161,108,1143,26.767743,10.0,9.449767,10.843571
Svenska Läkaresällskapet,Sweden,220,18,21,8.2,9.5,,F4320324618,False,130,90,5220,26.216493,11.9,11.579138,12.520371
Hubei Provincial Department of Education,China,219,18,4,8.2,1.8,,F4320313620,False,150,69,5350,25.38681,11.6,11.164187,12.1906
Universidade Estadual Paulista,Brazil,194,16,4,8.2,2.1,,F4320325879,False,101,93,8800,21.97935,11.3,10.889918,11.957806
Beijing University of Chinese Medicine,China,183,15,6,8.2,3.3,,F4320322935,False,87,96,1823,20.775694,11.4,10.77499,12.361909
Chongqing Municipal Education Commission,China,481,39,15,8.1,3.1,,F4320324805,False,277,204,8747,50.866745,10.6,9.955846,11.427594
Uniwersytet Łódzki,Poland,209,17,5,8.1,2.4,,F4320323344,False,125,84,3736,19.410903,9.3,8.99414,9.643381
Kementerian Kesihatan Malaysia,Malaysia,136,11,7,8.1,5.1,,F4320328177,False,73,63,1556,15.683495,11.5,10.916294,12.437135
National Center for Geriatrics and Gerontology,Japan,135,11,6,8.1,4.4,,F4320324312,False,74,61,1266,17.147666,12.7,12.175497,13.554444
Örebro Universitet,Sweden,111,9,5,8.1,4.5,,F4320321975,False,100,11,1505,10.138652,9.1,8.9806,9.335345
Peking University People's Hospital,China,188,15,10,8.0,5.3,,F4320328813,False,105,83,991,19.261199,10.2,9.775653,10.952251
University Natural Science Research Project of Anhui Province,China,138,11,5,8.0,3.6,,F4320335406,False,71,67,2743,14.5867,10.6,9.980464,11.349334
Uniwersytet Przyrodniczy we Wrocławiu,Poland,138,11,2,8.0,1.4,,F4320316462,False,102,36,606,14.146577,10.3,9.896818,10.68761
ShanXi Science and Technology Department,China,125,10,1,8.0,0.8,,F4320327913,False,62,63,1562,14.162604,11.3,10.699174,12.214003
Technische Universität Wien,Austria,113,9,4,8.0,3.5,,F4320322839,False,72,41,3699,12.129563,10.7,10.290564,11.400065
National Taiwan University Hospital,Taiwan,331,26,14,7.9,4.2,,F4320323422,False,187,144,6236,38.75457,11.7,11.290699,12.298544
Health Commission of Hebei Province,China,202,16,4,7.9,2.0,,F4320317799,False,133,69,563,19.960856,9.9,9.479981,10.507571
Kyung Hee University,Korea,189,15,9,7.9,4.8,,F4320321332,False,92,97,3569,21.899994,11.6,11.055119,12.417997
Aarhus Universitetshospital,Denmark,177,14,11,7.9,6.2,,F4320309929,False,113,64,2288,19.613327,11.1,10.838265,11.482015
Haramaya University,ET,152,12,4,7.9,2.6,,F4320322934,False,88,64,2020,16.864882,11.1,10.547122,12.012948
Universidade de Coimbra,Portugal,101,8,7,7.9,6.9,,F4320323392,False,72,29,4177,10.884566,10.8,10.307352,11.414922
United Arab Emirates University,AE,295,23,12,7.8,4.1,,F4320323593,False,171,124,4997,27.289751,9.3,8.753537,9.973054
Wenzhou Municipal Science and Technology Bureau,China,281,22,11,7.8,3.9,,F4320324224,False,162,119,2912,32.360004,11.5,10.839333,12.444384
All-India Institute of Medical Sciences,India,244,19,6,7.8,2.5,,F4320324337,False,104,140,2571,32.097649,13.2,12.917484,13.544394
Anhui University of Science and Technology,China,153,12,3,7.8,2.0,,F4320323708,False,79,74,3656,16.740871,10.9,10.302198,11.825516
Takeda Pharmaceutical Company,Japan,153,12,14,7.8,9.2,,F4320310465,False,72,81,2410,16.473785,10.8,10.084086,11.759106
Politechnika Warszawska,Poland,129,10,4,7.8,3.1,,F4320322637,False,79,50,3607,12.427187,9.6,9.153703,10.258502
Universitätsklinikum Regensburg,Germany,115,9,7,7.8,6.1,,F4320323215,False,100,15,773,9.0,7.8,,
Daiichi Sankyo Europe,Germany,960,74,47,7.7,4.9,,F4320338262,False,373,587,6638,126.321837,13.2,12.721068,13.905885
Novartis Pharmaceuticals Corporation,USA,403,31,62,7.7,15.4,,F4320310388,False,180,223,5527,48.369813,12.0,11.395857,12.867852
Humanities and Social Science Fund of Ministry of Education of China,China,155,12,2,7.7,1.3,,F4320335982,False,112,43,4154,17.704502,11.4,11.041074,11.919931
AbbVie,USA,302,23,22,7.6,7.3,,F4320309117,False,149,153,5523,33.570581,11.1,10.669555,11.888978
Programme Grants for Applied Research,UK,170,13,15,7.6,8.8,,F4320335255,False,89,81,2981,19.005403,11.2,10.531696,12.578304
Aalborg Universitet,Denmark,145,11,9,7.6,6.2,,F4320321409,False,103,42,4045,15.688175,10.8,10.605162,11.167476
Centro de Investigación Biomédica en Red-Fisiopatología de la Obesidad y Nutrición,Spain,132,10,3,7.6,2.3,,F4320327636,False,79,53,1577,13.856395,10.5,10.118487,10.996077
University of South Africa,South Africa,132,10,7,7.6,5.3,,F4320324956,False,51,81,4273,19.477571,14.8,14.408771,15.256038
Fundação Amazônia Paraense de Amparo à Pesquisa,Brazil,105,8,4,7.6,3.8,,F4320323207,False,54,51,1827,13.877912,13.2,12.573582,13.925188
National Social Science Fund of China,China,1116,84,36,7.5,3.2,,F4320335869,False,799,317,24318,109.828048,9.8,9.401129,10.476613
Irish Research eLibrary,Ireland,255,19,13,7.5,5.1,,F4320318630,False,168,87,1612,24.593419,9.6,9.140509,10.503101
Education Department of Jilin Province,China,240,18,7,7.5,2.9,,F4320326270,False,154,86,6261,26.637885,11.1,10.700412,11.597683
"Kementerian Pendidikan, Kebudayaan, Riset, dan Teknologi",ID,213,16,8,7.5,3.8,,F4320331994,False,67,146,4365,29.632397,13.9,13.204069,14.888377
University of Johannesburg,South Africa,174,13,4,7.5,2.3,,F4320323959,False,84,90,5101,20.560768,11.8,11.414583,12.353787
King Abdullah International Medical Research Center,Saudi Arabia,133,10,2,7.5,1.5,,F4320327902,False,68,65,1075,16.21514,12.2,11.801986,12.891843
Ferdowsi University of Mashhad,Iran,106,8,5,7.5,4.7,,F4320321722,False,53,53,4706,10.524727,9.9,9.481087,10.511362
Chugai Pharmaceutical,Japan,502,37,19,7.4,3.8,,F4320333003,False,203,299,6180,68.893687,13.7,13.230937,14.485337
Alexandria University,EG,497,37,4,7.4,0.8,,F4320326056,False,467,30,2719,38.325091,7.7,7.670947,7.77495
BeiGene,China,326,24,16,7.4,4.9,,F4320317235,False,108,218,1466,42.56269,13.1,12.675262,13.71407
EMD Serono,USA,244,18,22,7.4,9.0,,F4320332200,False,73,171,2314,36.130508,14.8,14.482371,15.349759
National and Kapodistrian University of Athens,Greece,231,17,9,7.4,3.9,,F4320323149,False,134,97,5722,20.871474,9.0,8.670042,9.556794
Tanta University,EG,203,15,4,7.4,2.0,,F4320324798,False,181,22,1616,16.348605,8.1,8.006075,8.127166
Jeonbuk National University,Korea,188,14,2,7.4,1.1,,F4320328992,False,104,84,1272,20.699745,11.0,10.612441,11.754694
Hospices Civils de Lyon,France,163,12,10,7.4,6.1,,F4320323878,False,94,69,1754,17.632846,10.8,10.329158,11.602447
Region Hovedstaden,Denmark,122,9,9,7.4,7.4,,F4320323195,False,64,58,1469,12.693281,10.4,9.760741,11.597918
Arthritis Society,Canada,108,8,8,7.4,7.4,,F4320319925,False,49,59,2307,13.834592,12.8,12.258094,13.63747
Bundesministerium für Wirtschaft und Energie,Germany,108,8,10,7.4,9.3,,F4320323803,False,61,47,11304,12.732343,11.8,11.250869,12.468056
Eisai,Japan,1110,81,103,7.3,9.3,,F4320322148,False,431,679,10516,134.525048,12.1,11.639812,12.938172
Universitätsklinikum Tübingen,Germany,193,14,20,7.3,10.4,,F4320333403,False,181,12,824,14.0,7.3,,
Aristotle University of Thessaloniki,Greece,137,10,8,7.3,5.8,,F4320323894,False,78,59,2871,14.488847,10.6,10.184182,11.102665
Akademiska Sjukhuset,Sweden,110,8,9,7.3,8.2,,F4320323305,False,70,40,1738,11.961957,10.9,10.681786,11.225667
University of Health and Allied Sciences,GH,110,8,5,7.3,4.5,,F4320331583,False,52,58,1019,11.432057,10.4,10.164725,10.896342
Health and Social Care Delivery Research,UK,109,8,4,7.3,3.7,,F4320337148,False,56,53,529,12.818696,11.8,11.262768,12.735804
King Saud University,Saudi Arabia,3485,251,46,7.2,1.3,,F4320321145,False,2126,1359,40859,345.544964,9.9,9.364228,10.662038
Cairo University,EG,694,50,14,7.2,2.0,,F4320321148,False,621,73,6176,57.635692,8.3,8.263642,8.359612
Institute for Information and Communications Technology Promotion,Korea,676,49,86,7.2,12.7,,F4320335489,False,429,247,15766,69.259454,10.2,9.817427,10.864756
Ministry of SMEs and Startups,Korea,250,18,7,7.2,2.8,,F4320327819,False,133,117,2664,25.263939,10.1,9.60719,10.904461
Università di Catania,Italy,209,15,12,7.2,5.7,,F4320322690,False,123,86,4822,21.850426,10.5,9.947318,11.14189
Juho Vainion Säätiö,Finland,153,11,8,7.2,5.2,,F4320322305,False,90,63,2099,16.162782,10.6,9.941659,11.645086
Finska Läkaresällskapet,Finland,139,10,8,7.2,5.8,,F4320311816,False,80,59,1937,16.466686,11.8,11.53889,12.368964
Gentofte Hospital,Denmark,210,15,14,7.1,6.7,,F4320321590,False,130,80,2425,25.011064,11.9,11.415889,12.707899
Sun Pharma,India,141,10,16,7.1,11.3,,F4320328070,False,65,76,1092,16.944233,12.0,11.830454,12.428706
RMIT University,Australia,112,8,1,7.1,0.9,,F4320320972,False,64,48,5940,14.465388,12.9,12.285833,13.853009
Cilag,Switzerland,302,21,14,7.0,4.6,,F4320338413,False,136,166,5606,35.011251,11.6,11.141064,12.40811
Peking University Third Hospital,China,302,21,5,7.0,1.7,,F4320325739,False,173,129,1448,33.427239,11.1,10.548466,11.967909
Siemens Healthineers,Germany,284,20,29,7.0,10.2,,F4320327217,False,152,132,1894,30.89132,10.9,10.487576,11.603221
Medical and Health Research Project of Zhejiang Province,China,143,10,9,7.0,6.3,,F4320336309,False,81,62,560,17.579577,12.3,11.681039,13.132998
Kangwon National University,Korea,114,8,3,7.0,2.6,,F4320321248,False,77,37,2994,10.931954,9.6,8.902915,10.447798
"Ministry of Health, Labour and Welfare",Japan,783,54,11,6.9,1.4,,F4320321945,False,407,376,20671,82.325151,10.5,10.104924,11.259321
National Office for Philosophy and Social Sciences,China,781,54,30,6.9,3.8,,F4320327557,False,504,277,16512,75.164369,9.6,9.156638,10.270776
Ministry of Health and Welfare,Korea,710,49,33,6.9,4.6,,F4320322034,False,339,371,13615,92.767975,13.1,12.615922,13.775238
Daiichi-Sankyo,Japan,363,25,14,6.9,3.9,,F4320321625,False,150,213,4929,43.42494,12.0,11.646059,12.653886
Allergan,Ireland,320,22,27,6.9,8.4,,F4320332585,False,115,205,6663,41.527292,13.0,12.673702,13.499516
Shanxi Provincial Key Research and Development Project,China,160,11,3,6.9,1.9,,F4320336035,False,84,76,4597,19.926068,12.5,11.661055,13.517723
Ruhr-Universität Bochum,Germany,159,11,16,6.9,10.1,,F4320323715,False,131,28,2462,12.786974,8.0,7.76046,8.383207
Mitsubishi Tanabe Pharma Corporation,Japan,144,10,7,6.9,4.9,,F4320327566,False,79,65,1794,17.411589,12.1,11.60603,12.883209
Jeju National University,Korea,116,8,2,6.9,1.7,,F4320321191,False,60,56,2022,11.558426,10.0,9.614227,10.562352
AFA Försäkring,Sweden,102,7,3,6.9,2.9,,F4320321413,False,68,34,1738,8.872549,8.7,8.289289,9.532757
Peking University First Hospital,China,236,16,7,6.8,3.0,,F4320317365,False,125,111,1266,25.858801,11.0,10.413372,11.810186
"Chang Gung Memorial Hospital, Linkou",Taiwan,190,13,2,6.8,1.1,,F4320323441,False,104,86,3045,23.32795,12.3,11.920422,12.813539
Tri-Service General Hospital,Taiwan,161,11,6,6.8,3.7,,F4320326425,False,86,75,2572,20.17053,12.5,11.916193,13.605509
American Chemical Society Petroleum Research Fund,USA,148,10,3,6.8,2.0,,F4320332454,False,52,96,19826,26.255495,17.7,15.960422,19.918086
Alzheimer Nederland,Netherlands,147,10,18,6.8,12.2,,F4320326729,False,71,76,1199,16.759595,11.4,10.810789,12.388285
Capital Medical University,China,630,42,24,6.7,3.8,,F4320321496,False,347,283,4121,72.64927,11.5,10.979409,12.421021
Universiti Kebangsaan Malaysia,Malaysia,284,19,8,6.7,2.8,,F4320322699,False,157,127,14353,28.38998,10.0,9.546556,10.661816
"Faculty of Medicine Siriraj Hospital, Mahidol University",Thailand,224,15,5,6.7,2.2,,F4320336004,False,137,87,2199,22.800685,10.2,9.871036,10.723835
Kagoshima University,Japan,134,9,2,6.7,1.5,,F4320310730,False,92,42,2630,11.852813,8.8,8.48047,9.328007
Massachusetts Department of Agricultural Resources,USA,120,8,1,6.7,0.8,,F4320308085,False,0,120,0,19.018092,15.8,15.745023,15.952347
Chungnam National University,Korea,229,15,9,6.6,3.9,,F4320321204,False,128,101,4090,24.948815,10.9,10.548061,11.49424
Incyte,USA,525,34,21,6.5,4.0,,F4320317544,False,184,341,3196,65.301872,12.4,12.140036,12.96993
Department of Education of Liaoning Province,China,260,17,7,6.5,2.7,,F4320324560,False,160,100,6399,22.885989,8.8,8.343856,9.332639
Odense Universitetshospital,Denmark,214,14,6,6.5,2.8,,F4320322441,False,121,93,2236,16.870325,7.9,7.50962,8.682025
Chung-Ang University,Korea,199,13,5,6.5,2.5,,F4320321202,False,111,88,4199,15.95308,8.0,7.579671,8.809527
Abbott Laboratories,USA,169,11,2,6.5,1.2,,F4320306493,False,56,113,9314,22.933601,13.6,13.235881,14.141506
China International Medical Foundation,China,138,9,5,6.5,3.6,,F4320328638,False,79,59,710,13.524302,9.8,9.264853,10.650863
University of Jordan,JO,124,8,4,6.5,3.2,,F4320323382,False,60,64,2935,14.176507,11.4,10.981838,12.163988
GHR Foundation,USA,108,7,6,6.5,5.6,,F4320315931,False,43,65,304,10.558607,9.8,9.303846,10.389055
"Faculty of Medicine, Prince of Songkla University",Thailand,107,7,0,6.5,0.0,,F4320326657,False,68,39,944,7.0,6.5,6.542056,6.960431
Qingdao University,China,250,16,10,6.4,4.0,,F4320326964,False,153,97,2707,24.12494,9.6,9.189709,10.256871
Skånes universitetssjukhus,Sweden,234,15,11,6.4,4.7,,F4320326807,False,129,105,1807,22.813469,9.7,9.426099,10.335657
Education Department of Shaanxi Province,China,233,15,6,6.4,2.6,,F4320325627,False,140,93,7520,21.472442,9.2,8.623294,10.01353
Università degli Studi di Palermo,Italy,188,12,3,6.4,1.6,,F4320322991,False,117,71,4278,19.917027,10.6,9.896406,11.448298
Universitätsklinikum Erlangen,Germany,187,12,12,6.4,6.4,,F4320330129,False,171,16,707,12.0,6.4,,
Korea Evaluation Institute of Industrial Technology,Korea,173,11,6,6.4,3.5,,F4320334879,False,102,71,6391,17.445897,10.1,9.697659,10.621946
National Institute for Medical Research Development,Iran,157,10,2,6.4,1.3,,F4320327486,False,108,49,2111,15.309992,9.8,9.602631,9.978155
Università degli Studi di Ferrara,Italy,157,10,4,6.4,2.5,,F4320324162,False,102,55,3270,13.136947,8.4,7.9012,9.043475
Department of Science and Technology of Liaoning Province,China,141,9,7,6.4,5.0,,F4320327473,False,79,62,2264,15.178078,10.8,10.162069,11.482771
Ningxia Medical University,China,140,9,3,6.4,2.1,,F4320322425,False,79,61,920,12.700944,9.1,8.535251,9.957134
Erciyes Üniversitesi,Turkey,109,7,0,6.4,0.0,,F4320321688,False,75,34,3155,9.367421,8.6,8.331928,8.902955
Haukeland Universitetssjukehus,Norway,109,7,3,6.4,2.8,,F4320326507,False,69,40,1758,11.137244,10.2,9.92436,10.775881
Jazz Pharmaceuticals,Ireland,268,17,15,6.3,5.6,,F4320312570,False,91,177,1449,34.43203,12.8,12.552469,13.377528
Alzheimer's Drug Discovery Foundation,USA,254,16,25,6.3,9.8,,F4320307132,False,119,135,1627,24.870567,9.8,8.797128,11.126875
Amgen,USA,1728,108,101,6.2,5.8,,F4320307105,False,665,1063,25227,201.034598,11.6,11.286304,12.315357
Addis Ababa University,ET,452,28,7,6.2,1.5,,F4320324791,False,256,196,6018,46.093866,10.2,9.756089,11.03803
Khon Kaen University,Thailand,405,25,6,6.2,1.5,,F4320322335,False,211,194,6428,42.200416,10.4,9.775574,11.344183
UCB Pharma,UK,225,14,11,6.2,4.9,,F4320337846,False,120,105,3554,19.997479,8.9,8.508952,9.616456
National Cheng Kung University Hospital,Taiwan,195,12,8,6.2,4.1,,F4320322933,False,103,92,2421,21.353255,11.0,10.419737,11.920612
Bundesministerium für Wirtschaft und Klimaschutz,Germany,161,10,6,6.2,3.7,,F4303701741,False,72,89,3698,14.647278,9.1,8.161144,10.5064
Hellenic Academic Libraries Link,Greece,146,9,3,6.2,2.1,,F4320318628,False,64,82,841,19.882106,13.6,12.860459,14.57924
Tehran University of Medical Sciences and Health Services,Iran,703,43,10,6.1,1.4,,F4320322670,False,414,289,14304,66.241594,9.4,9.229113,9.755989
Kaohsiung Medical University,Taiwan,264,16,5,6.1,1.9,,F4320322811,False,141,123,3959,28.982014,11.0,10.472099,11.719141
Bulgarian National Science Fund,BG,196,12,4,6.1,2.0,,F4320321843,False,114,82,6719,14.980915,7.6,7.113122,8.280462
"Asan Institute for Life Sciences, Asan Medical Center",Korea,132,8,5,6.1,3.8,,F4320323011,False,88,44,1261,13.576993,10.3,9.92045,10.827916
King's College Hospital NHS Foundation Trust,UK,131,8,6,6.1,4.6,,F4320312400,False,60,71,1726,12.986952,9.9,9.356325,11.059611
Beijing Synchrotron Radiation Facility,China,115,7,3,6.1,2.6,,F4320336234,False,88,27,1203,11.457147,10.0,9.431336,10.600932
Shiraz University,Iran,638,38,10,6.0,1.6,,F4320323101,False,377,261,9602,64.91083,10.2,9.982667,10.489804
King Abdulaziz University,Saudi Arabia,419,25,14,6.0,3.3,,F4320322322,False,238,181,11888,36.020489,8.6,8.205366,9.16794
Sanofi Genzyme,USA,233,14,19,6.0,8.2,,F4320333587,False,104,129,2627,26.865468,11.5,11.181036,12.107573
Universiti Sains Malaysia,Malaysia,166,10,5,6.0,3.0,,F4320322757,False,71,95,15438,18.83628,11.3,10.560261,12.395282
Nihon University,Japan,100,6,2,6.0,2.0,,F4320309995,False,50,50,4840,11.679691,11.7,11.167446,12.498391
King Faisal University,Saudi Arabia,354,21,5,5.9,1.4,,F4320331156,False,206,148,3690,28.691669,8.1,7.674183,8.707486
Universidad de Castilla-La Mancha,Spain,153,9,6,5.9,3.9,,F4320324466,False,90,63,3055,12.180216,8.0,7.504798,8.557792
Maastricht Universitair Medisch Centrum,Netherlands,135,8,6,5.9,4.4,,F4320322712,False,56,79,1383,16.811539,12.5,11.987251,13.147879
Korea Centers for Disease Control and Prevention,Korea,118,7,2,5.9,1.7,,F4320334882,False,75,43,3271,11.197067,9.5,9.202481,10.048941
Region Syddanmark,Denmark,101,6,2,5.9,2.0,,F2724257655,False,58,43,884,10.556797,10.5,10.119968,11.023527
Patient-Centered Outcomes Research Institute,USA,400,23,30,5.8,7.5,,F4320308927,False,161,239,5799,45.939501,11.5,11.074299,12.416739
Teva Pharmaceutical Industries,Israel,507,29,43,5.7,8.5,,F4320308970,False,204,303,8185,59.89758,11.8,11.364504,12.605618
Novartis Pharma,Germany,369,21,20,5.7,5.4,,F4320332736,False,172,197,7627,38.733062,10.5,10.046017,11.272968
Grifols,Spain,245,14,11,5.7,4.5,,F4320329568,False,65,180,1890,32.104013,13.1,12.727595,13.753575
American Society of Nephrology,USA,159,9,4,5.7,2.5,,F4320306605,False,30,129,2908,23.689355,14.9,14.68564,15.190181
Kowa Company,Japan,159,9,10,5.7,6.3,,F4320316238,False,57,102,2072,18.42138,11.6,10.959921,12.800178
Royal College of Surgeons in Ireland,Ireland,158,9,7,5.7,4.4,,F4320313911,False,102,56,1936,12.442377,7.9,7.630301,8.377647
"Ministry of Trade, Industry and Energy",Korea,1364,76,46,5.6,3.4,,F4320321681,False,828,536,34270,113.243989,8.3,7.902567,8.87744
Universitas Indonesia,ID,270,15,9,5.6,3.3,,F4320323819,False,109,161,10512,25.179071,9.3,8.763492,10.316542
Kerman University of Medical Sciences,Iran,197,11,1,5.6,0.5,,F4320322776,False,121,76,2350,19.026559,9.7,9.548786,9.827038
Uniwersytet Jagielloński Collegium Medicum,Poland,142,8,3,5.6,2.1,,F4320310970,False,76,66,1572,9.888151,7.0,6.534417,7.565898
Steno Diabetes Center Copenhagen,Denmark,107,6,4,5.6,3.7,,F4320318293,False,59,48,451,10.053623,9.4,8.912253,10.3564
Ministry of Food and Drug Safety,Korea,562,31,26,5.5,4.6,,F4320322014,False,359,203,5635,47.119305,8.4,7.988244,8.980629
Qatar National Library,QA,473,26,5,5.5,1.1,,F4320334468,False,248,225,4418,37.534444,7.9,7.629789,8.634268
Seagen,USA,290,16,13,5.5,4.5,,F4320319515,False,73,217,995,38.280838,13.2,12.926919,13.781152
Gemeinsame Bundesausschuss,Germany,235,13,20,5.5,8.5,,F4320328691,False,139,96,1203,23.098421,9.8,9.324571,10.775255
Gachon University,Korea,219,12,5,5.5,2.3,,F4320321366,False,129,90,2306,15.056413,6.9,6.554207,7.397086
Universitas Gadjah Mada,ID,163,9,4,5.5,2.5,,F4320327626,False,40,123,7083,21.083359,12.9,12.185159,14.002838
University of Wollongong,Australia,146,8,10,5.5,6.8,,F4320320969,False,86,60,6461,14.951718,10.2,9.677118,11.156791
"Swedish Research Council for Health, Working Life and Welfare (Forte)",Sweden,648,35,35,5.4,5.4,,F4320324004,False,359,289,10023,61.736364,9.5,9.044427,10.473924
Shiraz University of Medical Sciences,Iran,536,29,7,5.4,1.3,,F4320322545,False,324,212,6882,53.487978,10.0,9.809069,10.283588
University of Tabriz,Iran,518,28,5,5.4,1.0,,F4320324703,False,332,186,8240,44.642048,8.6,8.381382,9.048228
Health Resources and Services Administration,USA,467,25,15,5.4,3.2,,F4320332175,False,210,257,10483,52.743018,11.3,10.979931,12.104775
Swedish Orphan Biovitrum,Sweden,296,16,10,5.4,3.4,,F4320327470,False,111,185,1794,36.313119,12.3,12.016801,12.710784
"Fakultet Medicinskih Nauka, Univerziteta U Kragujevcu",RS,147,8,5,5.4,3.4,,F4320326323,False,90,57,2258,13.24601,9.0,8.734755,9.513262
Education Department of Henan Province,China,112,6,1,5.4,0.9,,F4320325625,False,69,43,3833,7.917995,7.1,6.613155,7.751441
Qilu University of Technology,China,112,6,0,5.4,0.0,,F4320328720,False,66,46,1604,12.159949,10.9,10.329322,11.479432
Region Midtjylland,Denmark,112,6,4,5.4,3.6,,F4320326212,False,49,63,1103,10.62055,9.5,8.913205,10.685305
CSL Behring,USA,454,24,13,5.3,2.9,,F4320310420,False,148,306,4081,55.506981,12.2,11.905831,12.806184
Iran University of Medical Sciences,Iran,357,19,8,5.3,2.2,,F4320313199,False,176,181,4723,38.641133,10.8,10.641469,11.13036
Taipei Veterans General Hospital,Taiwan,245,13,8,5.3,3.3,,F4320327358,False,152,93,4628,20.922648,8.5,8.140196,9.249925
Otsuka Pharmaceutical,Japan,209,11,6,5.3,2.9,,F4320324177,False,95,114,3922,22.126787,10.6,10.144849,11.35152
Ahvaz Jundishapur University of Medical Sciences,Iran,187,10,4,5.3,2.1,,F4320323048,False,85,102,3019,19.909832,10.6,10.342275,11.232345
King Salman Center for Disability Research,Saudi Arabia,151,8,2,5.3,1.3,,F4320330363,False,95,56,716,9.071156,6.0,5.685214,6.473382
Taif University,Saudi Arabia,446,23,8,5.2,1.8,,F4320323722,False,287,159,8302,33.896927,7.6,7.135629,8.251228
Hacettepe Üniversitesi,Turkey,172,9,3,5.2,1.7,,F4320323272,False,111,61,4337,16.79496,9.8,9.354643,10.329215
European Society for Medical Oncology,Switzerland,135,7,5,5.2,3.7,,F4320324142,False,39,96,1903,17.519283,13.0,12.66628,13.56405
TrygFonden,Denmark,135,7,6,5.2,4.4,,F4320324424,False,82,53,2329,12.685162,9.4,8.943829,10.221135
Mazandaran University of Medical Sciences,Iran,138,7,3,5.1,2.2,,F4320322406,False,72,66,2223,13.976023,10.1,9.949935,10.409077
Alzheimerfonden,Sweden,117,6,5,5.1,4.3,,F4320325247,False,73,44,765,11.601682,9.9,9.439826,10.570403
Turun Yliopistollinen Keskussairaala,Finland,117,6,10,5.1,8.5,,F4320327286,False,60,57,2304,11.707975,10.0,9.600425,10.651133
Agency for Healthcare Research and Quality,USA,868,43,35,5.0,4.0,,F4320332177,False,324,544,16640,90.356906,10.4,9.954961,11.757125
Alexion Pharmaceuticals,USA,440,22,22,5.0,5.0,,F4320309052,False,171,269,2635,48.706023,11.1,10.747809,11.626861
UNICEF,USA,418,21,6,5.0,1.4,,F4320309209,False,218,200,11625,38.305772,9.2,8.772604,10.06259
Universitas Padjadjaran,ID,323,16,5,5.0,1.5,,F4320329092,False,126,197,4084,27.827489,8.6,7.934678,9.963008
China Medical University Hospital,Taiwan,239,12,6,5.0,2.5,,F4320322609,False,124,115,3840,22.698272,9.5,8.945355,10.270813
Hamadan University of Medical Sciences,Iran,201,10,3,5.0,1.5,,F4320322813,False,114,87,2551,15.318196,7.6,7.47157,7.85735
Hanyang University,Korea,160,8,8,5.0,5.0,,F4320321142,False,107,53,4811,13.177336,8.2,7.721627,8.91412
Ankara Universitesi,Turkey,121,6,0,5.0,0.0,,F4320309936,False,78,43,3899,7.926845,6.6,6.312948,6.942241
Uniwersytet Śląski w Katowicach,Poland,226,11,7,4.9,3.1,,F4320328948,False,130,96,2788,18.969319,8.4,7.984394,8.991883
Vertex Pharmaceuticals,USA,123,6,7,4.9,5.7,,F4320312517,False,48,75,1214,14.41136,11.7,11.364358,12.245688
Korea Institute of Energy Technology Evaluation and Planning,Korea,167,8,4,4.8,2.4,,F4320335199,False,105,62,16704,12.834113,7.7,7.216474,8.355043
Mylan,USA,146,7,7,4.8,4.8,,F4320316473,False,56,90,2011,17.307903,11.9,11.413125,12.562015
Bayer HealthCare,Germany,126,6,5,4.8,4.0,,F4320320303,False,40,86,4660,14.366815,11.4,11.148651,11.917208
Eli Lilly Japan,Japan,126,6,5,4.8,4.0,,F4320333624,False,69,57,984,12.121753,9.6,9.226116,10.374693
Santen,Japan,126,6,2,4.8,1.6,,F4320322516,False,41,85,2316,14.158094,11.2,10.812051,12.011894
Cancer Foundation of China,China,105,5,8,4.8,7.6,,F4320330603,False,59,46,479,9.978317,9.5,9.194372,10.120223
Buddhist Tzu Chi Medical Foundation,Taiwan,148,7,1,4.7,0.7,,F4320323512,False,79,69,1384,12.417316,8.4,8.074733,8.913644
Arnold Ventures,USA,129,6,5,4.7,3.9,,F4320315359,False,32,97,1138,13.507803,10.5,10.250345,11.597033
Ministry of Health and Family Welfare,India,127,6,8,4.7,6.3,,F4320324333,False,60,67,1824,11.996019,9.4,9.085194,10.01343
"Clinical Trial Center, China Medical University Hospital",Taiwan,107,5,5,4.7,4.7,,F4320309762,False,62,45,1410,10.14533,9.5,8.904258,10.281306
Helwan University,EG,107,5,0,4.7,0.0,,F4320322165,False,100,7,697,5.475452,5.1,5.114346,5.120159
Horizon Therapeutics,Ireland,106,5,8,4.7,7.5,,F4320319146,False,42,64,373,11.98144,11.3,10.873806,12.005939
Princess Nourah Bint Abdulrahman University,Saudi Arabia,1036,48,14,4.6,1.4,,F4320322484,False,636,400,9369,75.152752,7.3,6.691547,8.075325
Shandong Academy of Sciences,China,109,5,0,4.6,0.0,,F4320324887,False,64,45,4231,10.891878,10.0,9.510175,10.555282
Seoul National University Bundang Hospital,Korea,242,11,8,4.5,3.3,,F4320316485,False,140,102,2604,18.303179,7.6,7.303653,8.04089
Queensland Health,Australia,134,6,10,4.5,7.5,,F4320311869,False,75,59,3008,11.089159,8.3,7.872144,9.064438
Chang Gung University,Taiwan,132,6,2,4.5,1.5,,F4320321524,False,70,62,2604,12.525314,9.5,9.063262,10.14475
National Institute for Health Research Applied Research Collaboration South London,UK,110,5,5,4.5,4.5,,F4320337309,False,52,58,512,10.071885,9.2,8.571947,10.442786
Chang Gung Medical Foundation,Taiwan,765,34,10,4.4,1.3,,F4320322767,False,428,337,11543,66.545772,8.7,8.248975,9.455914
Hallym University,Korea,180,8,6,4.4,3.3,,F4320321367,False,112,68,2800,13.98452,7.8,7.504727,8.215386
Hospital de Clínicas de Porto Alegre,Brazil,114,5,4,4.4,3.5,,F4320322177,False,49,65,3328,13.173352,11.6,11.21123,12.166877
Ontario Ministry of Health and Long-Term Care,Canada,113,5,10,4.4,8.8,,F4320319966,False,51,62,4539,11.611967,10.3,9.885919,11.201908
Tabriz University of Medical Sciences,Iran,466,20,6,4.3,1.3,,F4320322587,False,288,178,7040,37.712575,8.1,7.827808,8.605734
University of Gondar,ET,374,16,4,4.3,1.1,,F4320324740,False,220,154,3349,27.277755,7.3,6.875498,8.036362
Avid Radiopharmaceuticals,USA,161,7,27,4.3,16.8,,F4320333592,False,88,73,928,14.172104,8.8,8.287221,9.53393
"Deanship of Scientific Research, King Khalid University",Saudi Arabia,366,15,4,4.1,1.1,,F33954902,False,220,146,7169,25.023533,6.8,6.232757,7.622205
Alberta Health Services,Canada,145,6,10,4.1,6.9,,F4320309907,False,56,89,1606,12.072464,8.3,7.831999,9.18876
China Medical Board,USA,122,5,3,4.1,2.5,,F4320306650,False,72,50,2162,11.182205,9.2,8.764277,9.933573
Korea Medical Device Development Fund,Korea,322,13,16,4.0,5.0,,F4320318847,False,215,107,1731,23.705902,7.4,7.024172,7.883767
Islamic Azad University,Iran,247,10,5,4.0,2.0,,F4320321389,False,120,127,10689,22.801731,9.2,8.928855,9.651703
Northern Border University,Saudi Arabia,173,7,1,4.0,0.6,,F4320328654,False,123,50,1336,9.129731,5.3,5.079457,5.633379
Hiroshima University,Japan,126,5,2,4.0,1.6,,F4320322166,False,115,11,626,7.046093,5.6,5.424189,5.789173
GE Healthcare,UK,100,4,12,4.0,12.0,,F4320332457,False,48,52,1992,9.149782,9.1,8.513313,10.058842
NIHR School for Primary Care Research,UK,100,4,9,4.0,9.0,,F4320336046,False,39,61,1452,8.811359,8.8,8.134452,10.196528
King Khalid University,Saudi Arabia,968,38,14,3.9,1.4,,F4320324433,False,622,346,11733,60.618908,6.3,5.816245,6.903296
Al-Imam Muhammad Ibn Saud Islamic University,Saudi Arabia,179,7,3,3.9,1.7,,F4320325415,False,129,50,1441,11.264325,6.3,6.029348,6.646526
Chang Gung Memorial Hospital,Taiwan,179,7,6,3.9,3.4,,F4320313619,False,87,92,3744,16.288101,9.1,8.536352,9.946926
Gazi Üniversitesi,Turkey,154,6,4,3.9,2.6,,F4320321861,False,93,61,3887,11.23424,7.3,6.903353,7.87112
Mashhad University of Medical Sciences,Iran,470,18,8,3.8,1.7,,F4320322855,False,237,233,8145,42.108626,9.0,8.723417,9.35775
Jilin Office of Philosophy and Social Science,China,262,10,5,3.8,1.9,,F4320327281,False,186,76,2651,16.131969,6.2,5.729345,6.809478
Chung Shan Medical University,Taiwan,131,5,1,3.8,0.8,,F4320325266,False,63,68,1347,10.799713,8.2,7.724888,8.933389
Ajman University,AE,106,4,2,3.8,1.9,,F4320330328,False,62,44,682,7.748008,7.3,6.858338,7.934531
National Institute for Materials Science,Japan,104,4,4,3.8,3.8,,F4320334904,False,58,46,7170,8.028031,7.7,6.753145,9.471681
Prince Sattam bin Abdulaziz University,Saudi Arabia,463,17,8,3.7,1.7,,F4320311227,False,273,190,5256,29.688452,6.4,6.021342,7.044877
Soonchunhyang University,Korea,338,12,11,3.6,3.3,,F4320321301,False,212,126,4710,24.403166,7.2,6.907325,7.780128
Hamad Medical Corporation,QA,221,8,7,3.6,3.2,,F4320310110,False,119,102,1578,17.099057,7.7,7.422465,8.492341
Iran Telecommunication Research Center,Iran,192,7,16,3.6,8.3,,F4320324891,False,116,76,7855,14.152013,7.4,6.820546,8.168604
Inha University,Korea,139,5,6,3.6,4.3,,F4320321370,False,92,47,5746,8.371677,6.0,5.658955,6.526056
Warszawski Uniwersytet Medyczny,Poland,143,5,7,3.5,4.9,,F4320322412,False,84,59,1467,10.372402,7.3,6.938476,7.742064
Pusan National University,Korea,319,11,4,3.4,1.3,,F4320321284,False,164,155,6544,21.907862,6.9,6.454225,7.628602
LEO Pharma,Denmark,205,7,7,3.4,3.4,,F4320332071,False,117,88,2018,14.661852,7.2,6.940399,7.58459
Apellis Pharmaceuticals,USA,145,5,5,3.4,3.4,,F4320319069,False,35,110,366,15.689577,10.8,10.529321,11.543171
Qassim University,Saudi Arabia,273,9,6,3.3,2.2,,F4320324403,False,147,126,2778,19.111913,7.0,6.544132,7.598105
Uniwersytet Medyczny im. Piastów Slaskich we Wroclawiu,Poland,270,9,0,3.3,0.0,,F4320325938,False,158,112,2004,16.122884,6.0,5.646384,6.418232
Jordan University of Science and Technology,JO,153,5,5,3.3,3.3,,F4320322303,False,68,85,3205,13.015119,8.5,7.891631,9.606409
Argenx,Netherlands,123,4,4,3.3,3.3,,F4320318412,False,45,78,398,12.922579,10.5,10.133478,11.104943
Najran University,Saudi Arabia,123,4,1,3.3,0.8,,F4320323502,False,80,43,2139,7.515075,6.1,5.816974,6.515424
Ministry of Health and Medical Education,Iran,122,4,4,3.3,3.3,,F4320322244,False,84,38,1613,9.297203,7.6,7.505871,7.80385
Novocure,UK,121,4,6,3.3,5.0,,F4320313690,False,38,83,725,12.746236,10.5,10.056071,11.611858
Isfahan University of Medical Sciences,Iran,438,14,9,3.2,2.1,,F4320322245,False,165,273,4090,48.344264,11.0,10.885211,11.291665
"Deanship of Scientific Research, King Saud University",Saudi Arabia,281,9,5,3.2,1.8,,F4320335726,False,153,128,10836,20.59226,7.3,6.943548,7.934919
Jimma University,ET,253,8,7,3.2,2.8,,F4320323098,False,151,102,3454,16.676525,6.6,6.200342,7.315618
Korea Institute for Advancement of Technology,Korea,289,9,13,3.1,4.5,,F4320322064,False,163,126,7305,17.260678,6.0,5.506528,6.661894
Galderma,Switzerland,127,4,3,3.1,2.4,,F4320325987,False,80,47,1582,7.823744,6.2,5.965276,6.551747
Medtronic,USA,127,4,2,3.1,1.6,,F4320307813,False,49,78,7203,18.192703,14.3,14.080291,15.081525
Stryker,USA,264,8,6,3.0,2.3,,F4320310842,False,70,194,4145,29.427798,11.1,10.971846,11.65461
Taichung Veterans General Hospital,China,232,7,10,3.0,4.3,,F4320326232,False,147,85,2354,14.992035,6.5,6.149646,6.972758
Urmia University,Iran,201,6,2,3.0,1.0,,F4320324299,False,113,88,2202,15.10311,7.5,7.275088,7.903802
Uniwersytet Medyczny w Lublinie,Poland,164,5,3,3.0,1.8,,F4320326535,False,107,57,1461,9.577598,5.8,5.563089,6.160678
Varian Medical Systems,USA,100,3,5,3.0,5.0,,F4320309603,False,35,65,2487,10.453517,10.5,10.214159,10.870885
King Fahd University of Petroleum and Minerals,Saudi Arabia,104,3,8,2.9,7.7,,F4320322323,False,54,50,11244,5.751871,5.5,5.015669,6.248199
Yeungnam University,Korea,104,3,2,2.9,1.9,,F4320321380,False,63,41,3327,6.966953,6.7,6.217813,7.54202
Helsefonden,Denmark,102,3,5,2.9,4.9,,F4320323462,False,51,51,960,8.060281,7.9,7.288682,8.978474
Kaohsiung Medical University Chung-Ho Memorial Hospital,Taiwan,178,5,1,2.8,0.6,,F4320327176,False,104,74,2338,12.976173,7.3,6.960215,7.78716
Research for Patient Benefit Programme,UK,153,4,3,2.6,2.0,,F4320335361,False,79,74,1868,10.39698,6.8,6.265313,7.985827
Deutsche Herzstiftung,Germany,117,3,5,2.6,4.3,,F4320323555,False,60,57,1164,8.010876,6.8,6.592995,7.370609
Boehringer Ingelheim Japan,Japan,122,3,3,2.5,2.5,,F4320317302,False,56,66,912,9.927228,8.1,7.593644,9.100421
Ege Üniversitesi,Turkey,121,3,2,2.5,1.7,,F4320321656,False,77,44,3936,7.319652,6.0,5.467309,6.959233
Shaqra University,Saudi Arabia,121,3,5,2.5,4.1,,F4320324457,False,59,62,755,9.967252,8.2,7.859263,8.850197
Boston Scientific Corporation,USA,581,14,21,2.4,3.6,,F4320310567,False,197,384,8333,57.974083,10.0,9.745304,10.518079
"Student Research Committee, Tabriz University of Medical Sciences",Iran,208,5,3,2.4,1.4,,F4320337173,False,125,83,1812,12.572608,6.0,5.886869,6.405591
Kaohsiung Chang Gung Memorial Hospital,Taiwan,168,4,0,2.4,0.0,,F4320335753,False,97,71,1555,9.716542,5.8,5.404111,6.410912
Celltrion,Korea,165,4,4,2.4,2.4,,F4320318316,False,67,98,931,14.792705,9.0,8.770408,9.38134
University of Bisha,Saudi Arabia,124,3,2,2.4,1.6,,F4320319621,False,87,37,644,6.890639,5.6,5.170949,6.065817
Jazan University,Saudi Arabia,133,3,6,2.3,4.5,,F4320311223,False,63,70,1182,8.87293,6.7,6.376196,7.181107
Babol University of Medical Sciences,Iran,131,3,3,2.3,2.3,,F4320323386,False,51,80,1039,13.043609,10.0,9.681432,10.503976
Silesian University of Technology,Poland,131,3,2,2.3,1.5,,F4320324727,False,72,59,2993,6.18144,4.7,4.413581,5.146888
University of Tehran,Iran,130,3,4,2.3,3.1,,F4320322667,False,82,48,8410,10.878081,8.4,7.79713,9.10954
Bahir Dar University,ET,195,4,4,2.1,2.1,,F4320323473,False,109,86,1647,12.316846,6.3,5.976803,6.816764
Taiho Pharmaceutical,Japan,140,3,3,2.1,2.1,,F4320311653,False,51,89,1684,14.488428,10.3,9.952143,11.073372
Health Technology Assessment Programme,UK,213,4,6,1.9,2.8,,F4320334661,False,90,123,4787,15.436826,7.2,6.391399,9.172242
Shahid Sadoughi University of Medical Sciences,Iran,107,2,2,1.9,1.9,,F4320328778,False,65,42,1115,5.694263,5.3,5.068111,6.008714
Reumatikerförbundet,Sweden,106,2,7,1.9,6.6,,F4320324797,False,56,50,1690,6.799365,6.4,6.134109,7.028213
Chung Shan Medical University Hospital,Taiwan,105,2,0,1.9,0.0,,F4320334933,False,48,57,1053,7.76243,7.4,6.887414,8.083881
AO Foundation,Switzerland,103,2,2,1.9,1.9,,F4320320914,False,50,53,1620,7.627551,7.4,7.052053,8.347141
Vifor Pharma,Switzerland,114,2,4,1.8,3.5,,F4320323906,False,37,77,1451,9.674722,8.5,8.15761,9.21679
Kermanshah University of Medical Sciences,Iran,240,4,2,1.7,0.8,,F4320323227,False,150,90,2622,12.684108,5.3,5.081419,5.678355
National Health Insurance Service,Korea,188,3,5,1.6,2.7,,F4320322053,False,112,76,1245,10.282621,5.5,5.175635,6.062348
Hawassa University,ET,141,2,3,1.4,2.1,,F4320325948,False,83,58,1564,9.727898,6.9,6.395013,7.68553
Prince Sultan University,Saudi Arabia,151,2,2,1.3,1.3,,F4320327702,False,94,57,2539,7.063603,4.7,4.433059,5.007375
Śląski Uniwersytet Medyczny w Katowicach,Poland,172,2,4,1.2,2.3,,F4320326292,False,92,80,878,6.909922,4.0,3.660815,4.549485
Biosense Webster,USA,111,1,5,0.9,4.5,,F4320337561,False,35,76,1384,10.226351,9.2,8.971755,9.709229
Pusan National University Hospital,Korea,110,1,3,0.9,2.7,,F4320324899,False,54,56,1686,5.965577,5.4,5.05679,6.314467
Edwards Lifesciences,USA,211,1,7,0.5,3.3,,F4320309139,False,56,155,2969,22.22978,10.5,10.401245,10.87344
American Orthopaedic Society for Sports Medicine,USA,231,1,2,0.4,0.9,,F4320312863,False,54,177,489,9.399657,4.1,4.045395,5.378363
Arthrex,USA,217,0,4,0.0,1.8,,F4320309678,False,35,182,2211,21.555636,9.9,9.840426,10.54512
Forskningsrådet i Sydöstra Sverige,Sweden,107,0,4,0.0,3.7,,F4320312350,False,64,43,1421,6.200402,5.8,5.485245,6.237013
Abbott Vascular,USA,102,0,2,0.0,2.0,,F4320333259,False,35,67,2172,8.674665,8.5,8.38963,8.939182
Uniwersytet Medyczny im. Karola Marcinkowskiego w Poznaniu,Poland,100,0,5,0.0,5.0,,F4320326435,False,49,51,1796,4.780356,4.8,4.315642,5.462732
