journal,total_articles,open_data_articles,open_code_articles,pdf_covered,pdf_covered_od,xml_only,xml_only_od,open_data_pct,open_code_pct,corrected_od,ci_lo,ci_hi,corrected_pct,ci_lo_pct,ci_hi_pct
Nature Genetics,227,210.0,171.0,227.0,210.0,0.0,0.0,92.5,75.3,210.0,,,92.5,,
Genome biology,459,419.0,300.0,459.0,419.0,0.0,0.0,91.3,65.4,419.0,,,91.3,,
Nature Structural & Molecular Biology,151,137.0,56.0,151.0,137.0,0.0,0.0,90.7,37.1,137.0,,,90.7,,
Environmental Microbiome,180,160.0,64.0,180.0,160.0,0.0,0.0,88.9,35.6,160.0,,,88.9,,
Microbial Genomics,223,189.0,74.0,1.0,1.0,222.0,188.0,84.8,33.2,189.0,,,84.8,,
Molecular & Cellular Proteomics,207,169.0,41.0,0.0,0.0,207.0,169.0,81.6,19.8,169.0,,,81.6,,
Nature Microbiology,194,157.0,100.0,194.0,157.0,0.0,0.0,80.9,51.5,157.0,,,80.9,,
Animal Microbiome,140,113.0,31.0,140.0,113.0,0.0,0.0,80.7,22.1,113.0,,,80.7,,
Cell Genomics,182,146.0,119.0,50.0,39.0,132.0,107.0,80.2,65.4,146.0,146.0,154.165002183921,80.2,80.21978,84.706045
Microbiome,380,304.0,109.0,380.0,304.0,0.0,0.0,80.0,28.7,304.0,,,80.0,,
Nature Immunology,113,90.0,51.0,112.0,90.0,1.0,0.0,79.6,45.1,90.85185185185185,90.7586664574881,90.91317377183337,80.4,80.317404,80.454136
Scientific Data,2421,1888.0,1173.0,2421.0,1888.0,0.0,0.0,78.0,48.5,1888.0,,,78.0,,
Nature Cell Biology,124,96.0,71.0,124.0,96.0,0.0,0.0,77.4,57.3,96.0,,,77.4,,
Genome Research,217,165.0,135.0,2.0,2.0,215.0,163.0,76.0,62.2,165.0,,,76.0,,
Nature Methods,212,157.0,151.0,212.0,157.0,0.0,0.0,74.1,71.2,157.0,,,74.1,,
Genome Medicine,207,153.0,93.0,207.0,153.0,0.0,0.0,73.9,44.9,153.0,,,73.9,,
Journal of Cognition,103,75.0,54.0,10.0,7.0,93.0,68.0,72.8,52.4,75.0,,,72.8,,
Communications Psychology,185,134.0,138.0,185.0,134.0,0.0,0.0,72.4,74.6,134.0,,,72.4,,
Nature Biotechnology,120,86.0,59.0,120.0,86.0,0.0,0.0,71.7,49.2,86.0,,,71.7,,
Mitochondrial DNA Part B,451,322.0,5.0,186.0,181.0,265.0,141.0,71.4,1.1,438.8763440860215,429.73542741580303,442.94307508312244,97.3,95.285017,98.213542
Cell Reports Methods,189,135.0,96.0,63.0,49.0,126.0,86.0,71.4,50.8,147.0,135.0,157.70664633410286,77.8,71.428571,83.44267
Nature Ecology & Evolution,129,92.0,89.0,129.0,92.0,0.0,0.0,71.3,69.0,92.0,,,71.3,,
Attention Perception & Psychophysics,116,81.0,59.0,116.0,81.0,0.0,0.0,69.8,50.9,81.0,,,69.8,,
BMC Genomics,1747,1215.0,308.0,1747.0,1215.0,0.0,0.0,69.5,17.6,1215.0,,,69.5,,
PLoS Genetics,458,315.0,130.0,458.0,315.0,0.0,0.0,68.8,28.4,315.0,,,68.8,,
Nature Neuroscience,173,119.0,101.0,173.0,119.0,0.0,0.0,68.8,58.4,119.0,,,68.8,,
BMC Genomic Data,144,99.0,10.0,144.0,99.0,0.0,0.0,68.8,6.9,99.0,,,68.8,,
Cancer Research,121,83.0,20.0,5.0,4.0,116.0,79.0,68.6,16.5,83.0,,,68.6,,
Cell Reports,645,441.0,221.0,248.0,186.0,397.0,255.0,68.4,34.3,483.75,460.95049073956284,503.52158377076427,75.0,71.465192,78.065362
Behavior Research Methods,249,170.0,182.0,249.0,170.0,0.0,0.0,68.3,73.1,170.0,,,68.3,,
Cell Reports Medicine,535,365.0,197.0,200.0,131.0,335.0,234.0,68.2,36.8,365.0,365.0,371.3300488803425,68.2,68.224299,69.407486
BMC Biology,431,293.0,131.0,431.0,293.0,0.0,0.0,68.0,30.4,293.0,,,68.0,,
PLoS Biology,648,437.0,313.0,648.0,437.0,0.0,0.0,67.4,48.3,437.0,,,67.4,,
Cognitive Research Principles and Implications,106,71.0,46.0,106.0,71.0,0.0,0.0,67.0,43.4,71.0,,,67.0,,
Psychological Research,111,74.0,42.0,111.0,74.0,0.0,0.0,66.7,37.8,74.0,,,66.7,,
npj Biofilms and Microbiomes,225,148.0,57.0,225.0,148.0,0.0,0.0,65.8,25.3,148.0,,,65.8,,
Nature Chemistry,122,80.0,22.0,122.0,80.0,0.0,0.0,65.6,18.0,80.0,,,65.6,,
Nature Metabolism,104,68.0,37.0,104.0,68.0,0.0,0.0,65.4,35.6,68.0,,,65.4,,
Microbial Ecology,202,132.0,54.0,202.0,132.0,0.0,0.0,65.3,26.7,132.0,,,65.3,,
FEMS Microbiology Ecology,199,129.0,48.0,122.0,94.0,77.0,35.0,64.8,24.1,153.327868852459,146.99902252413725,158.38507939446518,77.0,73.868856,79.590492
ISME Communications,254,158.0,74.0,172.0,140.0,82.0,18.0,62.2,29.1,206.74418604651163,201.43184035596713,210.93166862029332,81.4,79.303874,83.043964
BMC Microbiology,874,543.0,36.0,874.0,543.0,0.0,0.0,62.1,4.1,543.0,,,62.1,,
Communications Biology,2503,1548.0,739.0,2503.0,1548.0,0.0,0.0,61.8,29.5,1548.0,,,61.8,,
Cell Discovery,112,68.0,15.0,112.0,68.0,0.0,0.0,60.7,13.4,68.0,,,60.7,,
Stem Cell Reports,164,96.0,21.0,57.0,32.0,107.0,64.0,58.5,12.8,96.0,96.0,105.0034300440934,58.5,58.536585,64.026482
The ISME Journal,341,195.0,74.0,245.0,177.0,96.0,18.0,57.2,21.7,246.35510204081632,240.67403431684812,251.3768124869017,72.2,70.578896,73.71754
Nature Communications,15129,8634.0,4198.0,15123.0,8634.0,6.0,0.0,57.1,27.7,8637.425567092123,8637.378130929004,8637.472787073337,57.1,57.091534,57.092159
Patterns,123,70.0,73.0,54.0,32.0,69.0,38.0,56.9,59.3,72.88888888888889,70.0,81.2121695194241,59.3,56.910569,66.026154
MycoKeys,242,134.0,1.0,60.0,34.0,182.0,100.0,55.4,0.4,137.13333333333333,134.0,158.53859528219084,56.7,55.371901,65.511816
Virus Evolution,134,74.0,36.0,83.0,60.0,51.0,14.0,55.2,26.9,96.86746987951807,91.5374324569291,101.19178487669903,72.3,68.311517,75.516257
Environmental Microbiology Reports,201,109.0,29.0,112.0,77.0,89.0,32.0,54.2,14.4,138.1875,130.1014059183938,145.16679479706593,68.8,64.727068,72.222286
eLife,1459,785.0,449.0,1278.0,759.0,181.0,26.0,53.8,30.8,866.7134693877551,861.6916670051767,871.627646403484,59.4,59.06043,59.741443
Molecular Ecology,109,56.0,53.0,65.0,50.0,44.0,6.0,51.4,48.6,86.96000000000001,81.45362837682296,90.33157860068141,79.8,74.728099,82.873008
iScience,3514,1793.0,1055.0,459.0,238.0,3055.0,1555.0,51.0,30.0,1822.074074074074,1793.0,1960.6719597168117,51.9,51.024474,55.796015
Global Change Biology,179,91.0,68.0,99.0,78.0,80.0,13.0,50.8,38.0,145.36842105263156,137.51868906065914,150.58447520458606,81.2,76.826083,84.125405
Parasite,104,52.0,0.0,0.0,0.0,104.0,52.0,50.0,0.0,52.0,,,50.0,,
International Journal for Parasitology Parasites and Wildlife,162,81.0,1.0,0.0,0.0,162.0,81.0,50.0,0.6,81.0,,,50.0,,
JCI Insight,691,338.0,60.0,23.0,11.0,668.0,327.0,48.9,8.7,338.0,,,48.9,,
PLoS Pathogens,937,441.0,95.0,934.0,441.0,3.0,0.0,47.1,10.1,442.4164882226981,442.3209760879369,442.5126845217012,47.2,47.206081,47.226541
Oncogene,169,79.0,13.0,169.0,79.0,0.0,0.0,46.7,7.7,79.0,,,46.7,,
Genome Biology and Evolution,333,155.0,135.0,192.0,133.0,141.0,22.0,46.5,40.5,230.44502617801047,220.7506072580108,239.07692033363284,69.2,66.291474,71.794871
Plant Communications,231,107.0,21.0,7.0,3.0,224.0,104.0,46.3,9.1,107.0,,,46.3,,
G3 Genes Genomes Genetics,352,162.0,124.0,213.0,138.0,139.0,24.0,46.0,35.2,228.05633802816902,218.84795696367604,236.5363604366752,64.8,62.172715,67.19783
npj Science of Learning,107,49.0,40.0,106.0,48.0,1.0,1.0,45.8,37.4,49.0,,,45.8,,
Cell Death and Differentiation,120,55.0,7.0,120.0,55.0,0.0,0.0,45.8,5.8,55.0,,,45.8,,
Nature Medicine,349,160.0,184.0,343.0,160.0,6.0,0.0,45.8,52.7,162.8943661971831,162.54941041210137,163.24214160817644,46.7,46.575762,46.774253
NAR Genomics and Bioinformatics,248,112.0,105.0,109.0,84.0,139.0,28.0,45.2,42.3,190.82407407407408,178.60105441407342,200.4830359422877,76.9,72.016554,80.839934
Parasitology,159,71.0,7.0,102.0,48.0,57.0,23.0,44.7,4.4,76.5,71.0,82.14727788209112,48.1,44.654088,51.664955
Gut Pathogens,103,46.0,6.0,103.0,46.0,0.0,0.0,44.7,5.8,46.0,,,44.7,,
PLANT PHYSIOLOGY,370,164.0,26.0,258.0,120.0,112.0,44.0,44.3,7.0,172.09302325581396,165.38358370219777,178.9171049584276,46.5,44.698266,48.355974
HardwareX,147,65.0,46.0,0.0,0.0,147.0,65.0,44.2,31.3,65.0,,,44.2,,
Data in Brief,1629,714.0,169.0,0.0,0.0,1629.0,714.0,43.8,10.4,714.0,,,43.8,,
BMC Ecology and Evolution,198,86.0,48.0,198.0,86.0,0.0,0.0,43.4,24.2,86.0,,,43.4,,
Frontiers in Microbiology,3850,1665.0,109.0,2477.0,1279.0,1373.0,386.0,43.2,2.8,1987.4479967624443,1960.3804956234308,2014.4473598643708,51.6,50.918974,52.323308
Journal of Clinical Investigation,800,346.0,46.0,21.0,13.0,779.0,333.0,43.2,5.8,346.0,,,43.2,,
Access Microbiology,214,91.0,11.0,0.0,0.0,214.0,91.0,42.5,5.1,91.0,,,42.5,,
Genetics,132,56.0,44.0,96.0,50.0,36.0,6.0,42.4,33.3,68.75,65.19329301970635,72.24899155906644,52.1,49.388858,54.734085
BMC Medical Genomics,350,148.0,30.0,350.0,148.0,0.0,0.0,42.3,8.6,148.0,,,42.3,,
BMC Plant Biology,1982,834.0,86.0,1982.0,834.0,0.0,0.0,42.1,4.3,834.0,,,42.1,,
Parasitology Research,141,59.0,15.0,141.0,59.0,0.0,0.0,41.8,10.6,59.0,,,41.8,,
Molecular Biology and Evolution,354,147.0,126.0,197.0,122.0,157.0,25.0,41.5,35.6,219.2284263959391,208.32089564757507,229.41950076432366,61.9,58.847711,64.807769
Human Genetics and Genomics Advances,139,57.0,38.0,10.0,4.0,129.0,53.0,41.0,27.3,57.0,,,41.0,,
Applied Microbiology and Biotechnology,551,226.0,49.0,551.0,226.0,0.0,0.0,41.0,8.9,226.0,,,41.0,,
IUCrJ,115,47.0,13.0,0.0,0.0,115.0,47.0,40.9,11.3,47.0,,,40.9,,
The Plant Journal,172,70.0,29.0,92.0,42.0,80.0,28.0,40.7,16.9,84.10526315789474,73.93423556177851,94.01043387492268,48.9,42.985021,54.657229
Nucleic Acids Research,1610,647.0,332.0,878.0,526.0,732.0,121.0,40.2,20.6,960.4665127020785,936.268595290424,984.0596741324225,59.7,58.153329,61.121719
Journal of Proteome Research,205,82.0,34.0,18.0,15.0,187.0,67.0,40.0,16.6,82.0,,,40.0,,
Nature,1722,685.0,496.0,1720.0,684.0,2.0,1.0,39.8,28.8,685.1908237747654,685.128053134795,685.2520716957067,39.8,39.786763,39.793965
Cancer Research Communications,313,124.0,35.0,3.0,1.0,310.0,123.0,39.6,11.2,124.0,,,39.6,,
Oecologia,104,41.0,50.0,104.0,41.0,0.0,0.0,39.4,48.1,41.0,,,39.4,,
Ecology,130,51.0,34.0,60.0,48.0,70.0,3.0,39.2,26.2,59.09388698493664,59.021516446880845,59.16664275655131,45.5,45.401166,45.512802
npj Precision Oncology,441,172.0,116.0,441.0,172.0,0.0,0.0,39.0,26.3,172.0,,,39.0,,
PLoS Computational Biology,1064,412.0,799.0,1063.0,412.0,1.0,0.0,38.7,75.1,412.3879472693032,412.3590939982549,412.41760828095806,38.8,38.755554,38.761053
Brazilian Journal of Microbiology,177,68.0,5.0,177.0,68.0,0.0,0.0,38.4,2.8,68.0,,,38.4,,
Open Research Europe,222,85.0,47.0,222.0,85.0,0.0,0.0,38.3,21.2,85.0,,,38.3,,
GigaScience,177,67.0,76.0,54.0,44.0,123.0,23.0,37.9,42.9,143.79245283018867,128.42877876979023,153.98018930992603,81.2,72.558632,86.994457
Theoretical and Applied Genetics,127,47.0,55.0,127.0,47.0,0.0,0.0,37.0,43.3,47.0,,,37.0,,
Clinical Cancer Research,214,79.0,24.0,4.0,2.0,210.0,77.0,36.9,11.2,79.0,,,36.9,,
The Plant Cell,204,75.0,17.0,134.0,46.0,70.0,29.0,36.8,8.3,75.0,75.0,75.8925508794458,36.8,36.764706,37.202231
Gut Microbes,414,149.0,45.0,165.0,99.0,249.0,50.0,36.0,10.9,248.4,229.42459051082398,266.2423256993991,60.0,55.416568,64.309741
Communications Medicine,467,167.0,153.0,467.0,167.0,0.0,0.0,35.8,32.8,167.0,,,35.8,,
Microbiology,115,41.0,13.0,0.0,0.0,115.0,41.0,35.7,11.3,41.0,,,35.7,,
Horticulture Research,452,160.0,24.0,263.0,135.0,189.0,25.0,35.4,5.3,232.01520912547528,220.64431406336865,243.31368349023614,51.3,48.815114,53.830461
Protein Science,310,109.0,41.0,189.0,75.0,121.0,34.0,35.2,13.2,123.00543478260869,114.79164716456569,131.7302819501778,39.7,37.029564,42.493639
npj Genomic Medicine,107,37.0,18.0,107.0,37.0,0.0,0.0,34.6,16.8,37.0,,,34.6,,
Current Research in Microbial Sciences,135,46.0,8.0,0.0,0.0,135.0,46.0,34.1,5.9,46.0,,,34.1,,
Evolutionary Applications,220,75.0,68.0,96.0,63.0,124.0,12.0,34.1,30.9,144.375,132.0529268581519,155.2060914268115,65.6,60.024058,70.548223
Journal of Biological Chemistry,1444,491.0,71.0,11.0,5.0,1433.0,486.0,34.0,4.9,491.0,,,34.0,,
Movement Ecology,120,40.0,41.0,120.0,40.0,0.0,0.0,33.3,34.2,40.0,,,33.3,,
Molecular Therapy,123,41.0,8.0,20.0,9.0,103.0,32.0,33.3,6.5,41.0,,,33.3,,
Parasites & Vectors,704,234.0,35.0,704.0,234.0,0.0,0.0,33.2,5.0,234.0,,,33.2,,
PLoS neglected tropical diseases,950,314.0,94.0,948.0,314.0,2.0,0.0,33.1,9.9,314.662447257384,314.60399358872775,314.7236256285874,33.1,33.11621,33.128803
Molecular Cancer,237,78.0,22.0,237.0,78.0,0.0,0.0,32.9,9.3,78.0,,,32.9,,
Signal Transduction and Targeted Therapy,380,124.0,17.0,380.0,124.0,0.0,0.0,32.6,4.5,124.0,,,32.6,,
Rice,115,37.0,6.0,115.0,37.0,0.0,0.0,32.2,5.2,37.0,,,32.2,,
Clinical Epigenetics,246,79.0,38.0,246.0,79.0,0.0,0.0,32.1,15.4,79.0,,,32.1,,
Ecology and Evolution,2325,745.0,488.0,984.0,555.0,1341.0,190.0,32.0,21.0,1311.356707317073,1269.5526990113126,1352.4929423141793,56.4,54.604417,58.171739
iMeta,135,43.0,55.0,81.0,40.0,54.0,3.0,31.9,40.7,66.66666666666666,60.93684221001763,72.42667757273045,49.4,45.138402,53.649391
BMC Bioinformatics,526,167.0,325.0,526.0,167.0,0.0,0.0,31.7,61.8,167.0,,,31.7,,
npj Systems Biology and Applications,194,61.0,111.0,194.0,61.0,0.0,0.0,31.4,57.2,61.0,,,31.4,,
EBioMedicine,681,211.0,113.0,7.0,2.0,674.0,209.0,31.0,16.6,211.0,,,31.0,,
Molecular Neurodegeneration,110,34.0,10.0,110.0,34.0,0.0,0.0,30.9,9.1,34.0,,,30.9,,
AMB Express,222,68.0,7.0,222.0,68.0,0.0,0.0,30.6,3.2,68.0,,,30.6,,
Psychophysiology,125,38.0,39.0,61.0,24.0,64.0,14.0,30.4,31.2,38.0,,,30.4,,
Journal of Experimental & Clinical Cancer Research,406,123.0,13.0,406.0,123.0,0.0,0.0,30.3,3.2,123.0,,,30.3,,
Journal of Animal Science and Biotechnology/Journal of animal science and biotechnology,232,70.0,6.0,232.0,70.0,0.0,0.0,30.2,2.6,70.0,,,30.2,,
Nature Materials,110,33.0,17.0,110.0,33.0,0.0,0.0,30.0,15.5,33.0,,,30.0,,
Transboundary and Emerging Diseases,234,70.0,4.0,38.0,17.0,196.0,53.0,29.9,1.7,70.0,,,29.9,,
Molecular Psychiatry,303,90.0,60.0,303.0,90.0,0.0,0.0,29.7,19.8,90.0,,,29.7,,
Acta Neuropathologica,168,49.0,13.0,168.0,49.0,0.0,0.0,29.2,7.7,49.0,,,29.2,,
Stem Cell Research & Therapy,606,176.0,17.0,606.0,176.0,0.0,0.0,29.0,2.8,176.0,,,29.0,,
Cell Death and Disease,1170,339.0,37.0,1170.0,339.0,0.0,0.0,29.0,3.2,339.0,,,29.0,,
Leukemia,233,67.0,6.0,232.0,67.0,1.0,0.0,28.8,2.6,67.26442307692308,67.20915153619897,67.32823866478138,28.9,28.845129,28.89624
Plant Direct,122,35.0,15.0,66.0,19.0,56.0,16.0,28.7,12.3,35.121212121212125,35.0,41.75698748072526,28.8,28.688525,34.227039
Annals of Clinical Microbiology and Antimicrobials,133,38.0,2.0,133.0,38.0,0.0,0.0,28.6,1.5,38.0,,,28.6,,
Frontiers in Cellular and Infection Microbiology,1422,402.0,45.0,869.0,311.0,553.0,91.0,28.3,3.2,509.13709677419354,491.8774688971811,527.0873063555712,35.8,34.590539,37.066618
PLoS Medicine,203,57.0,57.0,203.0,57.0,0.0,0.0,28.1,28.1,57.0,,,28.1,,
Communications Chemistry,451,126.0,50.0,451.0,126.0,0.0,0.0,27.9,11.1,126.0,,,27.9,,
Bone Research,108,30.0,3.0,108.0,30.0,0.0,0.0,27.8,2.8,30.0,,,27.8,,
Frontiers in Genetics,1284,356.0,94.0,846.0,303.0,438.0,53.0,27.7,7.3,459.8723404255319,446.031123913544,474.27523717774653,35.8,34.737626,36.937324
Microbial Cell Factories,439,121.0,14.0,439.0,121.0,0.0,0.0,27.6,3.2,121.0,,,27.6,,
STAR Protocols,1033,283.0,231.0,4.0,0.0,1029.0,283.0,27.4,22.4,283.0,,,27.4,,
Journal of Cheminformatics,223,61.0,144.0,223.0,61.0,0.0,0.0,27.4,64.6,61.0,,,27.4,,
PNAS Nexus,698,186.0,149.0,382.0,158.0,316.0,28.0,26.6,21.3,288.5578947368421,273.2638064073009,304.4012804410241,41.3,39.149542,43.610499
Frontiers in Bioinformatics,121,32.0,23.0,76.0,27.0,45.0,5.0,26.4,19.0,42.98684210526316,38.5657282329476,48.034720655852226,35.5,31.872503,39.698116
Journal of Experimental Botany,167,44.0,12.0,103.0,39.0,64.0,5.0,26.3,7.2,63.23300970873787,57.61924328092728,69.40531644112855,37.9,34.502541,41.56007
British Journal of Cancer,274,72.0,29.0,273.0,71.0,1.0,1.0,26.3,10.6,72.0,,,26.3,,
Journal of Neuroinflammation,443,116.0,30.0,443.0,116.0,0.0,0.0,26.2,6.8,116.0,,,26.2,,
Virus Research,210,55.0,3.0,1.0,0.0,209.0,55.0,26.2,1.4,55.0,,,26.2,,
PhytoKeys,305,79.0,7.0,65.0,21.0,240.0,58.0,25.9,2.3,98.53846153846155,79.0,127.52697478494912,32.3,25.901639,41.812123
Cellular and Molecular Life Sciences,617,157.0,30.0,616.0,157.0,1.0,0.0,25.4,4.9,157.2591973244147,157.22569151568763,157.29577725616195,25.5,25.482284,25.493643
Journal of Biomedical Science,114,29.0,5.0,114.0,29.0,0.0,0.0,25.4,4.4,29.0,,,25.4,,
Lipids in Health and Disease,566,143.0,12.0,566.0,143.0,0.0,0.0,25.3,2.1,143.0,,,25.3,,
Plant Biotechnology Journal,349,88.0,18.0,154.0,55.0,195.0,33.0,25.2,5.2,124.83108108108108,110.64387347150385,140.41833872857836,35.8,31.703116,40.234481
Experimental & Molecular Medicine,219,55.0,8.0,219.0,55.0,0.0,0.0,25.1,3.7,55.0,,,25.1,,
Virulence,195,49.0,5.0,62.0,28.0,133.0,21.0,25.1,2.6,88.06451612903226,72.44795464178583,104.43204827430371,45.2,37.152797,53.554897
npj Vaccines,339,83.0,36.0,339.0,83.0,0.0,0.0,24.5,10.6,83.0,,,24.5,,
Frontiers in Plant Science,3649,883.0,126.0,2295.0,693.0,1354.0,190.0,24.2,3.5,1100.088840262582,1075.1019081350703,1125.9818121188782,30.1,29.462919,30.857271
Emerging Microbes & Infections,378,91.0,14.0,153.0,53.0,225.0,38.0,24.1,3.7,130.94117647058823,115.01088841418557,148.56439773438723,34.6,30.426161,39.302751
PLoS ONE,24182,5832.0,2236.0,24148.0,5829.0,34.0,3.0,24.1,9.2,5837.208499005964,5837.026370725825,5837.393424507552,24.1,24.137897,24.139415
Dalton Transactions,336,81.0,0.0,319.0,72.0,17.0,9.0,24.1,0.0,81.0,,,24.1,,
Microorganisms,3132,751.0,43.0,1825.0,540.0,1307.0,211.0,24.0,1.4,926.7287671232878,899.9414642668871,954.6368104180283,29.6,28.733763,30.480103
Virology Journal,457,109.0,14.0,457.0,109.0,0.0,0.0,23.9,3.1,109.0,,,23.9,,
European Journal of Clinical Microbiology & Infectious Diseases,139,33.0,4.0,139.0,33.0,0.0,0.0,23.7,2.9,33.0,,,23.7,,
Journal of Neuroscience,173,41.0,46.0,9.0,0.0,164.0,41.0,23.7,26.6,41.0,,,23.7,,
Journal of Fungi,1092,258.0,9.0,623.0,186.0,469.0,72.0,23.6,0.8,325.7181964573269,309.4725586217196,343.12929375174593,29.8,28.339978,31.422096
BMC Veterinary Research,943,223.0,17.0,943.0,223.0,0.0,0.0,23.6,1.8,223.0,,,23.6,,
RSC Chemical Biology,153,36.0,3.0,76.0,17.0,77.0,19.0,23.5,2.0,36.0,36.0,42.48020300646479,23.5,23.529412,27.764839
Acta Neuropathologica Communications,290,68.0,24.0,290.0,68.0,0.0,0.0,23.4,8.3,68.0,,,23.4,,
Journal of Translational Medicine,1409,330.0,113.0,1409.0,330.0,0.0,0.0,23.4,8.0,330.0,,,23.4,,
ZooKeys,649,151.0,16.0,161.0,52.0,488.0,99.0,23.3,2.5,209.61490683229815,176.7337109991492,246.52247675928072,32.3,27.231697,37.984973
Epigenetics,103,24.0,5.0,43.0,17.0,60.0,7.0,23.3,4.9,26.509045987088548,26.447014097326438,26.571408077043984,25.7,25.676713,25.797484
Social Cognitive and Affective Neuroscience,112,26.0,30.0,61.0,20.0,51.0,6.0,23.2,26.8,36.721311475409834,31.390827142680294,43.091998697521056,32.8,28.027524,38.474999
Biodiversity Data Journal,433,100.0,19.0,109.0,34.0,324.0,66.0,23.1,4.4,135.06422018348624,109.36558915904398,164.911868799723,31.2,25.257642,38.085882
Animal Cognition,118,27.0,26.0,118.0,27.0,0.0,0.0,22.9,22.0,27.0,,,22.9,,
Microbial Biotechnology,236,54.0,11.0,129.0,32.0,107.0,22.0,22.9,4.7,58.54263565891473,54.0,67.21935592931489,24.8,22.881356,28.482778
Cell & Bioscience,189,43.0,9.0,189.0,43.0,0.0,0.0,22.8,4.8,43.0,,,22.8,,
Veterinary Research,265,60.0,11.0,265.0,60.0,0.0,0.0,22.6,4.2,60.0,,,22.6,,
The Plant Genome,124,28.0,26.0,56.0,19.0,68.0,9.0,22.6,21.0,29.77691878536702,29.706615976969964,29.847595820649843,24.0,23.956948,24.070642
Bioinformatics Advances,310,70.0,154.0,181.0,53.0,129.0,17.0,22.6,49.7,90.77348066298342,82.84800783792662,99.80987869843747,29.3,26.725164,32.196735
Physiologia Plantarum,117,26.0,9.0,52.0,19.0,65.0,7.0,22.2,7.7,29.301466486012593,29.23426527210364,29.369025416797648,25.0,24.986552,25.101731
Biotechnology for Biofuels and Bioproducts,198,44.0,9.0,198.0,44.0,0.0,0.0,22.2,4.5,44.0,,,22.2,,
Antimicrobial Resistance and Infection Control,189,42.0,5.0,189.0,42.0,0.0,0.0,22.2,2.6,42.0,,,22.2,,
Database,131,29.0,27.0,48.0,16.0,83.0,13.0,22.1,20.6,29.15418028213916,29.068369501301575,29.240447839910843,22.3,22.189595,22.320953
Genetics Selection Evolution,104,23.0,14.0,104.0,23.0,0.0,0.0,22.1,13.5,23.0,,,22.1,,
Molecular Metabolism,255,56.0,8.0,2.0,1.0,253.0,55.0,22.0,3.1,56.0,,,22.0,,
Journal of Racial and Ethnic Health Disparities,157,34.0,7.0,157.0,34.0,0.0,0.0,21.7,4.5,34.0,,,21.7,,
International Journal of Molecular Medicine,102,22.0,2.0,75.0,19.0,27.0,3.0,21.6,2.0,25.84,23.552178304946,28.776845966504606,25.3,23.090371,28.212594
npj Breast Cancer,148,32.0,22.0,148.0,32.0,0.0,0.0,21.6,14.9,32.0,,,21.6,,
Biology of Sex Differences,125,27.0,17.0,125.0,27.0,0.0,0.0,21.6,13.6,27.0,,,21.6,,
Human Genomics,163,35.0,14.0,163.0,35.0,0.0,0.0,21.5,8.6,35.0,,,21.5,,
Experimental Brain Research,130,28.0,31.0,130.0,28.0,0.0,0.0,21.5,23.8,28.0,,,21.5,,
Bioinformatics,946,202.0,433.0,512.0,164.0,434.0,38.0,21.4,45.8,302.9823182711198,286.0315801546979,321.1018879570933,32.0,30.235896,33.943117
npj Microgravity,117,25.0,18.0,117.0,25.0,0.0,0.0,21.4,15.4,25.0,,,21.4,,
Frontiers in Molecular Biosciences,543,116.0,25.0,339.0,92.0,204.0,24.0,21.4,4.6,148.53012048192772,139.27121211179121,158.8292638268656,27.4,25.648474,29.250325
Open Biology,147,31.0,9.0,1.0,1.0,146.0,30.0,21.1,6.1,31.0,,,21.1,,
npj Parkinson s Disease,371,77.0,90.0,370.0,77.0,1.0,0.0,20.8,24.3,77.2081081081081,77.16984654101657,77.2523686431684,20.8,20.800498,20.822741
Molecular Plant Pathology,154,32.0,11.0,85.0,24.0,69.0,8.0,20.8,7.1,43.48235294117647,37.64041645878123,50.62304570308888,28.2,24.441829,32.872108
Pathogens,1185,245.0,10.0,687.0,169.0,498.0,76.0,20.7,0.8,291.50655021834064,276.2008359392483,308.2190623413416,24.6,23.308087,26.010047
Viruses,2076,428.0,26.0,1209.0,297.0,867.0,131.0,20.6,1.3,509.98511166253104,489.66697960319004,531.7001779877105,24.6,23.587041,25.611762
Aging Cell,404,83.0,40.0,184.0,64.0,220.0,19.0,20.5,9.9,141.79005524861878,127.28177731047626,157.63718465479562,35.1,31.50539,39.019105
International Journal of Behavioral Nutrition and Physical Activity,172,35.0,8.0,172.0,35.0,0.0,0.0,20.3,4.7,35.0,,,20.3,,
The FASEB Journal,266,54.0,8.0,156.0,42.0,110.0,12.0,20.3,3.0,70.359375,62.88547151081557,79.38578733313051,26.5,23.641155,29.844281
Journal of Insect Science,153,31.0,20.0,84.0,22.0,69.0,9.0,20.3,13.1,40.07142857142857,34.40506171788361,47.17474557160109,26.2,22.486968,30.833167
Veterinary Research Communications,138,28.0,4.0,138.0,28.0,0.0,0.0,20.3,2.9,28.0,,,20.3,,
BMC Research Notes,619,125.0,30.0,619.0,125.0,0.0,0.0,20.2,4.8,125.0,,,20.2,,
Cell Communication and Signaling,690,138.0,20.0,690.0,138.0,0.0,0.0,20.0,2.9,138.0,,,20.0,,
mSystems,479,96.0,61.0,3.0,2.0,476.0,94.0,20.0,12.7,96.0,,,20.0,,
Frontiers in Veterinary Science,2238,442.0,29.0,1443.0,349.0,795.0,93.0,19.7,1.3,540.9916724496877,523.9847637708115,559.0914079008791,24.2,23.413081,24.981743
Journal of Extracellular Vesicles,188,37.0,9.0,90.0,20.0,98.0,17.0,19.7,4.8,41.77777777777777,37.0,51.210552686924714,22.2,19.680851,27.239656
Archives of Sexual Behavior,148,29.0,17.0,148.0,29.0,0.0,0.0,19.6,11.5,29.0,,,19.6,,
Discover Oncology,1761,341.0,90.0,1761.0,341.0,0.0,0.0,19.4,5.1,341.0,,,19.4,,
Journal of Genetic Engineering and Biotechnology,124,24.0,1.0,0.0,0.0,124.0,24.0,19.4,0.8,24.0,,,19.4,,
Journal of Bacteriology,119,23.0,7.0,0.0,0.0,119.0,23.0,19.3,5.9,23.0,,,19.3,,
Blood Cancer Journal,140,27.0,10.0,140.0,27.0,0.0,0.0,19.3,7.1,27.0,,,19.3,,
Frontiers in Molecular Neuroscience,250,48.0,9.0,159.0,40.0,91.0,8.0,19.2,3.6,62.893081761006286,57.33813325150039,69.51467094595284,25.2,22.935253,27.805868
Diabetology & Metabolic Syndrome,456,86.0,8.0,456.0,86.0,0.0,0.0,18.9,1.8,86.0,,,18.9,,
Molecular Oncology,186,35.0,24.0,87.0,25.0,99.0,10.0,18.8,12.9,53.77906976744186,45.327113451009595,64.00306766775944,28.9,24.369416,34.410251
Journal of Medicinal Chemistry,296,55.0,4.0,31.0,12.0,265.0,43.0,18.6,1.4,55.0,,,18.6,,
Breast Cancer Research,281,52.0,21.0,281.0,52.0,0.0,0.0,18.5,7.5,52.0,,,18.5,,
ChemBioChem,119,22.0,2.0,63.0,14.0,56.0,8.0,18.5,1.7,22.87510958794931,22.817213157504675,22.93331420524105,19.2,19.174129,19.271693
BMC Medicine,788,145.0,82.0,788.0,145.0,0.0,0.0,18.4,10.4,145.0,,,18.4,,
BMC Biotechnology,152,28.0,0.0,152.0,28.0,0.0,0.0,18.4,0.0,28.0,,,18.4,,
Biological Research,120,22.0,5.0,120.0,22.0,0.0,0.0,18.3,4.2,22.0,,,18.3,,
Plant Cell & Environment,110,20.0,10.0,45.0,14.0,65.0,6.0,18.2,9.1,24.301466486012593,24.23426527210364,24.369025416797648,22.1,22.03115,22.153659
Emerging infectious diseases,615,112.0,25.0,2.0,0.0,613.0,112.0,18.2,4.1,112.0,,,18.2,,
Animal nutrition,182,33.0,2.0,0.0,0.0,182.0,33.0,18.1,1.1,33.0,,,18.1,,
npj Science of Food,188,34.0,18.0,188.0,34.0,0.0,0.0,18.1,9.6,34.0,,,18.1,,
Frontiers in Immunology,5876,1059.0,233.0,3856.0,837.0,2020.0,222.0,18.0,4.0,1275.6496350364964,1249.871614185083,1302.5708799011313,21.7,21.27079,22.167646
Brain,189,34.0,18.0,127.0,29.0,62.0,5.0,18.0,9.5,43.269841269841265,39.24856807165401,48.28109884557436,22.9,20.766438,25.545555
European Journal of Human Genetics,184,33.0,12.0,184.0,33.0,0.0,0.0,17.9,6.5,33.0,,,17.9,,
Cellular & Molecular Biology Letters,173,31.0,7.0,173.0,31.0,0.0,0.0,17.9,4.0,31.0,,,17.9,,
Nutrition Journal,218,39.0,7.0,218.0,39.0,0.0,0.0,17.9,3.2,39.0,,,17.9,,
The EMBO Journal,403,72.0,67.0,12.0,12.0,391.0,60.0,17.9,16.6,73.96728301586037,73.56304186757728,74.37367596873662,18.4,18.253857,18.455006
Cell Death Discovery,652,116.0,21.0,652.0,116.0,0.0,0.0,17.8,3.2,116.0,,,17.8,,
Human Brain Mapping,462,82.0,129.0,216.0,61.0,246.0,21.0,17.7,27.9,130.47222222222223,116.73867356360645,146.07650245403536,28.2,25.268111,31.618291
Neoplasia,177,31.0,8.0,0.0,0.0,177.0,31.0,17.5,4.5,31.0,,,17.5,,
Briefings in Bioinformatics,895,156.0,339.0,377.0,110.0,518.0,46.0,17.4,37.9,261.1405835543767,238.55393748816002,285.90321425156594,29.2,26.654071,31.944493
Hereditas,161,28.0,8.0,161.0,28.0,0.0,0.0,17.4,5.0,28.0,,,17.4,,
Cell Biology and Toxicology,178,31.0,4.0,178.0,31.0,0.0,0.0,17.4,2.2,31.0,,,17.4,,
Life Science Alliance,352,61.0,25.0,0.0,0.0,352.0,61.0,17.3,7.1,61.0,,,17.3,,
Clinical and Translational Medicine,394,68.0,14.0,189.0,47.0,205.0,21.0,17.3,3.6,97.97883597883597,86.45650046906763,111.55387903411012,24.9,21.943274,28.313167
Frontiers in Nutrition,2356,407.0,27.0,1469.0,328.0,887.0,79.0,17.3,1.1,526.0503744043567,507.81459671467456,545.5665603629093,22.3,21.5541,23.156475
Nutrition & Metabolism,150,26.0,5.0,150.0,26.0,0.0,0.0,17.3,3.3,26.0,,,17.3,,
Aging,751,129.0,50.0,605.0,105.0,146.0,24.0,17.2,6.7,130.46511627906978,129.0,135.18851394247983,17.4,17.177097,18.001134
Genes,1815,313.0,30.0,1051.0,242.0,764.0,71.0,17.2,1.7,417.3561904761905,398.6969309585873,437.52201959337424,23.0,21.966773,24.105896
Journal of Vision,244,42.0,37.0,1.0,0.0,243.0,42.0,17.2,15.2,42.0,,,17.2,,
Chemistry - A European Journal,485,83.0,3.0,328.0,67.0,157.0,16.0,17.1,0.6,101.3681592039801,93.266855079195,111.12476068635263,20.9,19.230279,22.912322
Cellular and Molecular Gastroenterology and Hepatology,114,19.0,3.0,0.0,0.0,114.0,19.0,16.7,2.6,19.0,,,16.7,,
Synthetic and Systems Biotechnology,168,28.0,13.0,0.0,0.0,168.0,28.0,16.7,7.7,28.0,,,16.7,,
JHEP Reports,240,40.0,8.0,0.0,0.0,240.0,40.0,16.7,3.3,40.0,,,16.7,,
BMC Immunology,114,19.0,3.0,114.0,19.0,0.0,0.0,16.7,2.6,19.0,,,16.7,,
Cerebral Cortex,156,26.0,30.0,57.0,18.0,99.0,8.0,16.7,19.2,50.4,39.594766731936915,63.43805358566152,32.3,25.381261,40.665419
Infectious Diseases of Poverty,120,20.0,8.0,120.0,20.0,0.0,0.0,16.7,6.7,20.0,,,16.7,,
Fluids and Barriers of the CNS,145,24.0,11.0,145.0,24.0,0.0,0.0,16.6,7.6,24.0,,,16.6,,
International Journal of Microbiology,109,18.0,0.0,15.0,5.0,94.0,13.0,16.5,0.0,19.897505379772056,19.80032208581142,19.995205987368905,18.3,18.165433,18.344226
Translational Psychiatry,611,100.0,100.0,611.0,100.0,0.0,0.0,16.4,16.4,100.0,,,16.4,,
Chemical Science,2486,407.0,104.0,1292.0,209.0,1194.0,198.0,16.4,4.2,407.0,407.0,425.5208218787625,16.4,16.371681,17.116686
eNeuro,461,75.0,116.0,2.0,0.0,459.0,75.0,16.3,25.2,75.0,,,16.3,,
Diabetologia,208,34.0,16.0,208.0,34.0,0.0,0.0,16.3,7.7,34.0,,,16.3,,
Communications Engineering,185,30.0,47.0,185.0,30.0,0.0,0.0,16.2,25.4,30.0,,,16.2,,
Biology Direct,198,32.0,13.0,198.0,32.0,0.0,0.0,16.2,6.6,32.0,,,16.2,,
European Journal of Epidemiology,105,17.0,18.0,105.0,17.0,0.0,0.0,16.2,17.1,17.0,,,16.2,,
The Journal of Infectious Diseases,240,39.0,17.0,165.0,35.0,75.0,4.0,16.2,7.1,50.296052631578945,46.067263333626755,55.619526329723726,21.0,19.194693,23.174803
Open Forum Infectious Diseases,893,145.0,19.0,559.0,141.0,334.0,4.0,16.2,2.1,225.70143884892087,214.21563569795282,238.31669773350353,25.3,23.988313,26.6872
Journal of Lipid Research,257,41.0,9.0,1.0,0.0,256.0,41.0,16.0,3.5,41.0,,,16.0,,
Frontiers in Cell and Developmental Biology,842,135.0,25.0,577.0,116.0,265.0,19.0,16.0,3.0,168.90798611111111,160.79687365136883,178.07373376969238,20.1,19.097016,21.148899
Insects,1431,228.0,11.0,812.0,161.0,619.0,67.0,15.9,0.8,282.65760197775035,266.61181582627626,300.47892559247003,19.8,18.631154,20.997828
Science Advances,3594,570.0,293.0,954.0,352.0,2640.0,218.0,15.9,8.2,1327.1101783840504,1247.7491485432765,1409.2405876889272,36.9,34.717561,39.210923
European Journal of Neuroscience,146,23.0,22.0,76.0,22.0,70.0,1.0,15.8,15.1,33.09388698493664,33.021516446880845,33.16664275655131,22.7,22.617477,22.716879
Frontiers in Aging,120,19.0,5.0,80.0,17.0,40.0,2.0,15.8,4.2,25.5,22.4849096868142,29.568944247271034,21.2,18.737425,24.640787
Molecular Therapy Oncology,183,29.0,5.0,19.0,2.0,164.0,27.0,15.8,2.7,29.0,,,15.8,,
Journal of Chemical Information and Modeling,358,56.0,66.0,45.0,14.0,313.0,42.0,15.6,18.4,63.605523232645254,63.28192354105292,63.930845468579435,17.8,17.676515,17.857778
Microbiology Spectrum,1737,269.0,78.0,4.0,1.0,1733.0,268.0,15.5,4.5,275.6529449270742,273.8612571777786,277.45416995862035,15.9,15.766336,15.973182
Developmental Cognitive Neuroscience,168,26.0,23.0,0.0,0.0,168.0,26.0,15.5,13.7,26.625328763847932,26.451639472514028,26.799942615723147,15.8,15.745023,15.952347
Frontiers in Endocrinology,2649,411.0,76.0,1729.0,301.0,920.0,110.0,15.5,2.9,461.2546296296297,445.47215932574557,478.3669003203561,17.4,16.816616,18.058396
BMC Gastroenterology,802,124.0,17.0,801.0,124.0,1.0,0.0,15.5,2.1,124.155,124.13157578602652,124.18172175916149,15.5,15.477753,15.484005
mSphere,438,68.0,21.0,1.0,0.0,437.0,68.0,15.5,4.8,69.25755160596158,68.80575267552756,69.71175549447032,15.8,15.709076,15.915926
EMBO Reports,401,62.0,28.0,4.0,4.0,397.0,58.0,15.5,7.0,66.91818761456922,66.50774327730994,67.33081677644101,16.7,16.585472,16.790727
The Analyst,104,16.0,8.0,86.0,11.0,18.0,5.0,15.4,7.7,16.0,,,15.4,,
Molecular Therapy — Nucleic Acids,369,56.0,26.0,51.0,5.0,318.0,51.0,15.2,7.0,56.0,56.0,71.71159805516076,15.2,15.176152,19.434037
mBio,965,147.0,51.0,20.0,14.0,945.0,133.0,15.2,5.3,163.76747429664462,162.79047203289142,164.7496772134427,17.0,16.869479,17.072505
New Phytologist,219,33.0,19.0,103.0,24.0,116.0,9.0,15.1,8.7,59.151515151515156,47.842487691471916,72.97408008475315,27.0,21.845885,33.321498
Neuropsychopharmacology,159,24.0,12.0,159.0,24.0,0.0,0.0,15.1,7.5,24.0,,,15.1,,
Physical Chemistry Chemical Physics,539,81.0,35.0,495.0,67.0,44.0,14.0,15.0,6.5,81.0,81.0,81.93824332811951,15.0,15.027829,15.2019
Non-coding RNA Research,120,18.0,3.0,0.0,0.0,120.0,18.0,15.0,2.5,19.018091974177096,18.894028194652876,19.142816154087964,15.8,15.745023,15.952347
Clinical Infectious Diseases,155,23.0,8.0,107.0,23.0,48.0,0.0,14.8,5.2,32.9622641509434,29.77978096405732,37.126658854736284,21.3,19.212762,23.952683
BMC Infectious Diseases,1953,287.0,54.0,1953.0,287.0,0.0,0.0,14.7,2.8,287.0,,,14.7,,
Applied and Environmental Microbiology,428,63.0,27.0,1.0,1.0,427.0,62.0,14.7,6.3,68.67271060811349,68.23125032597315,69.116520814963,16.0,15.941881,16.14872
Molecular Therapy — Methods & Clinical Development,260,38.0,16.0,37.0,4.0,223.0,34.0,14.6,6.2,39.341954252012435,39.111402395063266,39.573733353013466,15.1,15.042847,15.220667
GeroScience,449,65.0,36.0,449.0,65.0,0.0,0.0,14.5,8.0,65.0,,,14.5,,
Scientific Reports,49520,7168.0,3539.0,49504.0,7167.0,16.0,1.0,14.5,7.1,7169.316282828283,7169.2671273275455,7169.366320465323,14.5,14.477518,14.477719
FEBS Open Bio,181,26.0,6.0,80.0,19.0,101.0,7.0,14.4,3.3,42.61038961038961,34.482793367675455,53.29357919298639,23.5,19.051267,29.443966
Computational and Structural Biotechnology Journal,575,83.0,107.0,1.0,0.0,574.0,83.0,14.4,18.6,90.96987327648044,90.37643486442293,91.56647060372076,15.8,15.717641,15.924604
Vavilov Journal of Genetics and Breeding,140,20.0,2.0,50.0,8.0,90.0,12.0,14.3,1.4,22.4,20.0,33.663032865589386,16.0,14.285714,24.045023
Molecular Medicine Reports,251,36.0,7.0,203.0,33.0,48.0,3.0,14.3,2.8,41.0,38.78886314793463,43.838844142038496,16.3,15.45373,17.465675
Crystal Growth & Design,105,15.0,1.0,7.0,4.0,98.0,11.0,14.3,1.0,19.531441778911294,19.430123025633183,19.633299859171835,18.6,18.504879,18.698381
Journal of Veterinary Research,105,15.0,0.0,0.0,0.0,105.0,15.0,14.3,0.0,16.640830477404958,16.532274670321268,16.749964134826968,15.8,15.745023,15.952347
Development,212,30.0,26.0,2.0,2.0,210.0,28.0,14.2,12.3,35.281660954809915,35.064549340642536,35.499928269653935,16.6,16.539882,16.745249
Redox Biology,558,79.0,9.0,0.0,0.0,558.0,79.0,14.2,1.6,88.43412767992349,87.85723110513588,89.01409511650903,15.8,15.745023,15.952347
Alzheimer s Research & Therapy,371,52.0,28.0,371.0,52.0,0.0,0.0,14.0,7.5,52.0,,,14.0,,
Molecular Biology of the Cell,221,31.0,14.0,1.0,1.0,220.0,30.0,14.0,6.3,35.866501952658005,35.63905169019694,36.095162949161264,16.2,16.126268,16.332653
Cancer Cell International,503,70.0,21.0,503.0,70.0,0.0,0.0,13.9,4.2,70.0,,,13.9,,
Cell Proliferation,151,21.0,5.0,68.0,17.0,83.0,4.0,13.9,3.3,38.378787878787875,30.901427097094242,48.06966176684931,25.4,20.464521,31.834213
Journal of Health Population and Nutrition,382,53.0,6.0,382.0,53.0,0.0,0.0,13.9,1.6,53.0,,,13.9,,
Journal of Medical Virology,159,22.0,2.0,83.0,14.0,76.0,8.0,13.8,1.3,25.793103448275865,22.0,34.470009524678346,16.2,13.836478,21.679251
Journal of Microbiology and Biotechnology,304,42.0,3.0,0.0,0.0,304.0,42.0,13.8,1.0,48.17916633458197,47.86487142645395,48.49513425702284,15.8,15.745023,15.952347
Biology Methods and Protocols,116,16.0,19.0,65.0,12.0,51.0,4.0,13.8,16.4,21.415384615384617,17.553270342812123,27.07265351717951,18.5,15.13213,23.338494
Journal of Antimicrobial Chemotherapy,182,25.0,5.0,98.0,17.0,84.0,8.0,13.7,2.7,31.57142857142857,26.342513551045705,38.86962765647657,17.3,14.473909,21.356938
The Journal of Clinical Endocrinology & Metabolism,227,31.0,7.0,129.0,29.0,98.0,2.0,13.7,3.1,51.61538461538461,45.04461113033966,59.86371183128945,22.7,19.843441,26.371679
Frontiers in Toxicology,131,18.0,8.0,75.0,15.0,56.0,3.0,13.7,6.1,26.200000000000003,22.006741393747365,32.03043694865056,20.0,16.799039,24.450715
Environmental Health,124,17.0,2.0,124.0,17.0,0.0,0.0,13.7,1.6,17.0,,,13.7,,
Genes & Diseases,205,28.0,5.0,0.0,0.0,205.0,28.0,13.7,2.4,32.48924045588587,32.27729816586533,32.70231092990027,15.8,15.745023,15.952347
The Journal of Infection in Developing Countries,161,22.0,1.0,161.0,22.0,0.0,0.0,13.7,0.6,22.0,,,13.7,,
One Health,278,37.0,7.0,0.0,0.0,278.0,37.0,13.3,2.5,44.05857974017694,43.7711653176125,44.34752409030378,15.8,15.745023,15.952347
Frontiers in Human Neuroscience,581,77.0,27.0,385.0,62.0,196.0,15.0,13.3,4.6,93.56363636363636,87.02917251940733,101.41082978487287,16.1,14.979204,17.454532
Plant Signaling & Behavior,113,15.0,4.0,65.0,10.0,48.0,5.0,13.3,3.5,17.384615384615387,15.0,22.50666193600934,15.4,13.274336,19.9174
Inorganic Chemistry,550,73.0,1.0,57.0,28.0,493.0,45.0,13.3,0.2,278.9818181818182,215.71486934889833,341.6635567985891,50.7,39.220885,62.120647
Cardiovascular Diabetology,621,82.0,14.0,621.0,82.0,0.0,0.0,13.2,2.3,82.0,,,13.2,,
Molecular Biology Reports,151,20.0,4.0,151.0,20.0,0.0,0.0,13.2,2.6,20.0,,,13.2,,
Schizophrenia,189,25.0,26.0,189.0,25.0,0.0,0.0,13.2,13.8,25.0,,,13.2,,
The Innovation,130,17.0,12.0,15.0,1.0,115.0,16.0,13.1,9.2,19.225671475253048,19.106777019875672,19.345198814334296,14.8,14.697521,14.880922
BMC Public Health,5185,680.0,129.0,5185.0,680.0,0.0,0.0,13.1,2.5,680.0,,,13.1,,
BMC Endocrine Disorders,360,47.0,8.0,360.0,47.0,0.0,0.0,13.1,2.2,47.0,,,13.1,,
Conservation Physiology,123,16.0,14.0,51.0,15.0,72.0,1.0,13.0,11.4,36.17647058823529,28.47016697302466,45.959521438691986,29.4,23.146477,37.365465
Journal of Applied Crystallography,171,22.0,29.0,0.0,0.0,171.0,22.0,12.9,17.0,27.10078106320236,26.92399017738035,27.278513019575346,15.8,15.745023,15.952347
Beilstein Journal of Organic Chemistry,303,39.0,4.0,105.0,15.0,198.0,24.0,12.9,1.3,43.285714285714285,39.0,59.03543915446542,14.3,12.871287,19.483643
RSC Medicinal Chemistry,110,14.0,4.0,51.0,7.0,59.0,7.0,12.7,3.6,16.35056188730374,16.289563862370997,16.41188460909325,14.9,14.808694,14.919895
Veterinary Medicine International,102,13.0,2.0,25.0,5.0,77.0,8.0,12.7,2.0,17.203275683430302,17.12366809156893,17.283307032206444,16.9,16.78791,16.944419
Journal of Intelligence,157,20.0,12.0,88.0,15.0,69.0,5.0,12.7,7.6,26.761363636363633,22.32140287841845,33.10357229623008,17.0,14.217454,21.085078
The Journal of Cell Biology,261,33.0,21.0,1.0,0.0,260.0,33.0,12.6,8.0,41.20586594405037,40.937061088414566,41.476101667190584,15.8,15.684698,15.891227
Frontiers in Big Data,111,14.0,9.0,73.0,13.0,38.0,1.0,12.6,8.1,19.767123287671232,17.071043386143124,23.686338032255243,17.8,15.379318,21.339043
PLOS Global Public Health,1405,177.0,49.0,703.0,153.0,702.0,24.0,12.6,3.5,306.0,285.6691804593732,328.48608157108805,21.8,20.332326,23.379792
BMC Cancer,2277,287.0,110.0,2277.0,287.0,0.0,0.0,12.6,4.8,287.0,,,12.6,,
Respiratory Research,572,72.0,28.0,572.0,72.0,0.0,0.0,12.6,4.9,72.0,,,12.6,,
Addiction Biology,112,14.0,9.0,75.0,12.0,37.0,2.0,12.5,8.0,17.92,15.476675889796487,21.589258845165766,16.0,13.818461,19.276124
Biofilm,104,13.0,4.0,0.0,0.0,104.0,13.0,12.5,3.8,16.48234637762015,16.374824435365827,16.590440666876233,15.8,15.745023,15.952347
Molecular Neurobiology,184,23.0,10.0,184.0,23.0,0.0,0.0,12.5,5.4,23.0,,,12.5,,
Infection and Immunity,120,15.0,6.0,2.0,1.0,118.0,14.0,12.5,5.0,19.701123774607478,19.579127724741994,19.823769218186495,16.4,16.31594,16.519808
GeoHealth,113,14.0,18.0,58.0,13.0,55.0,1.0,12.4,15.9,25.32758620689655,20.47644333307936,32.06374967615714,22.4,18.120746,28.375
Biophysical Journal,113,14.0,21.0,15.0,2.0,98.0,12.0,12.4,18.6,17.531441778911294,17.430123025633183,17.633299859171835,15.5,15.424888,15.60469
ACS Infectious Diseases,129,16.0,3.0,20.0,2.0,109.0,14.0,12.4,2.3,19.274766876544195,19.16207561014303,19.3880580066299,14.9,14.854322,15.029502
Arthritis Research & Therapy,324,40.0,19.0,324.0,40.0,0.0,0.0,12.3,5.9,40.0,,,12.3,,
ACS Synthetic Biology,146,18.0,15.0,16.0,2.0,130.0,16.0,12.3,10.3,22.602932972025187,22.468530544207283,22.738050833595292,15.5,15.389404,15.574007
Acta Pharmaceutica Sinica B,328,40.0,5.0,0.0,0.0,328.0,40.0,12.2,1.5,51.98278472941739,51.64367706538453,52.323697487840434,15.8,15.745023,15.952347
Royal Society Open Science,916,112.0,103.0,0.0,0.0,916.0,112.0,12.2,11.2,145.17143540288515,144.2244152191836,146.12349664287146,15.8,15.745023,15.952347
npj Digital Medicine,585,71.0,231.0,585.0,71.0,0.0,0.0,12.1,39.5,71.0,,,12.1,,
Environmental Science and Ecotechnology,116,14.0,2.0,0.0,0.0,116.0,14.0,12.1,1.7,18.38415557503786,18.264227254831113,18.50472228228503,15.8,15.745023,15.952347
Chemical Communications,381,46.0,3.0,336.0,32.0,45.0,14.0,12.1,0.8,46.0,,,12.1,,
Infection,191,23.0,8.0,191.0,23.0,0.0,0.0,12.0,4.2,23.0,,,12.0,,
Journal of Clinical Immunology,108,13.0,6.0,108.0,13.0,0.0,0.0,12.0,5.6,13.0,,,12.0,,
Biochemistry,125,15.0,4.0,12.0,5.0,113.0,10.0,12.0,3.2,22.908703275683433,22.79187654996479,23.02615187843283,18.3,18.233501,18.420922
Epidemiology and Infection,209,25.0,12.0,116.0,16.0,93.0,9.0,12.0,5.7,28.93913043478261,25.0,35.911560092241096,13.8,11.961722,17.182565
Journal of Ovarian Research,316,38.0,12.0,316.0,38.0,0.0,0.0,12.0,3.8,38.0,,,12.0,,
BMC Pulmonary Medicine,822,99.0,17.0,822.0,99.0,0.0,0.0,12.0,2.1,99.0,,,12.0,,
Archives of Toxicology,151,18.0,9.0,151.0,18.0,0.0,0.0,11.9,6.0,18.0,,,11.9,,
Journal of Behavioral Addictions,102,12.0,8.0,0.0,0.0,102.0,12.0,11.8,7.8,16.16537817805053,16.059923965454946,16.27139373097477,15.8,15.745023,15.952347
The Journal of Experimental Medicine,197,23.0,15.0,7.0,2.0,190.0,21.0,11.7,7.6,32.111978959113735,31.91554464153372,32.30945891063928,16.3,16.200784,16.400741
Poultry Science,1824,214.0,27.0,74.0,13.0,1750.0,201.0,11.7,1.5,320.43243243243245,214.0,499.0135838134697,17.6,11.732456,27.358201
Aging Clinical and Experimental Research,341,40.0,8.0,341.0,40.0,0.0,0.0,11.7,2.3,40.0,,,11.7,,
Journal of Biological Engineering,112,13.0,3.0,112.0,13.0,0.0,0.0,11.6,2.7,13.0,,,11.6,,
Antibiotics,1407,163.0,11.0,792.0,123.0,615.0,40.0,11.6,0.8,218.51136363636363,204.02487350011063,235.04443074334685,15.5,14.500702,16.705361
Reproductive Biology and Endocrinology,182,21.0,4.0,182.0,21.0,0.0,0.0,11.5,2.2,21.0,,,11.5,,
Infectious Diseases and Therapy,202,23.0,2.0,202.0,23.0,0.0,0.0,11.4,1.0,23.0,,,11.4,,
MedComm,376,43.0,12.0,203.0,34.0,173.0,9.0,11.4,3.2,62.97536945812808,55.175368459580966,72.91214198319263,16.7,14.6743,19.391527
PeerJ,2512,286.0,108.0,74.0,23.0,2438.0,263.0,11.4,4.3,780.7567567567568,551.8190612928255,1055.2205473483123,31.1,21.967319,42.007187
Journal of Advanced Research,167,19.0,5.0,0.0,0.0,167.0,19.0,11.4,3.0,26.466844664063125,26.294189237558587,26.640419147772416,15.8,15.745023,15.952347
Archives of Public Health,352,40.0,3.0,352.0,40.0,0.0,0.0,11.4,0.9,40.0,,,11.4,,
Biology,1357,155.0,17.0,764.0,113.0,593.0,42.0,11.4,1.3,200.27463863337715,186.399271196673,216.2517749807316,14.8,13.736129,15.936019
Angewandte Chemie International Edition,785,89.0,9.0,548.0,78.0,237.0,11.0,11.3,1.1,120.95625,111.86828675343189,131.83650225452755,15.4,14.250737,16.794459
Lab on a Chip,150,17.0,11.0,117.0,11.0,33.0,6.0,11.3,7.3,17.0,,,11.3,,
EFSA Journal,594,67.0,5.0,298.0,44.0,296.0,23.0,11.3,0.8,87.85185185185185,77.22504857048023,101.13849689663601,14.8,13.00085,17.026683
Biomolecules and Biomedicine,169,19.0,1.0,87.0,15.0,82.0,4.0,11.2,0.6,29.531645569620252,23.905468919072995,37.61264758278114,17.5,14.145248,22.256004
Marine Drugs,623,69.0,1.0,370.0,38.0,253.0,31.0,11.1,0.2,69.0,69.0,72.9628426415664,11.1,11.075441,11.711532
Frontiers in Cellular Neuroscience,325,36.0,8.0,217.0,32.0,108.0,4.0,11.1,2.5,47.92626728110599,43.494758789218594,53.68238174952049,14.7,13.383003,16.517656
European journal of medical research,926,103.0,24.0,926.0,103.0,0.0,0.0,11.1,2.6,103.0,,,11.1,,
Molecular Medicine,445,49.0,9.0,445.0,49.0,0.0,0.0,11.0,2.0,49.0,,,11.0,,
Journal of Epidemiology and Global Health,182,20.0,2.0,182.0,20.0,0.0,0.0,11.0,1.1,20.0,,,11.0,,
BMC Rheumatology,127,14.0,13.0,127.0,14.0,0.0,0.0,11.0,10.2,14.0,,,11.0,,
BMC Medical Research Methodology,418,46.0,122.0,418.0,46.0,0.0,0.0,11.0,29.2,46.0,,,11.0,,
Frontiers in Bioscience-Landmark,263,29.0,7.0,261.0,29.0,2.0,0.0,11.0,2.7,29.31696819956962,29.31490046991088,29.319046935901465,11.1,11.14635,11.147927
Implementation Science Communications,181,20.0,3.0,181.0,20.0,0.0,0.0,11.0,1.7,20.0,,,11.0,,
BMC Medical Informatics and Decision Making,564,62.0,82.0,564.0,62.0,0.0,0.0,11.0,14.5,62.0,,,11.0,,
PLOS Digital Health,339,37.0,57.0,132.0,33.0,207.0,4.0,10.9,16.8,84.75,71.06923024082202,101.35774941783922,25.0,20.964375,29.899041
Environmental Management,102,11.0,11.0,102.0,11.0,0.0,0.0,10.8,10.8,11.0,,,10.8,,
Biochemistry and Biophysics Reports,388,42.0,4.0,1.0,0.0,387.0,42.0,10.8,1.0,61.33334661672113,60.93324092775553,61.735582096933676,15.8,15.704444,15.911232
BJC Reports,102,11.0,4.0,102.0,11.0,0.0,0.0,10.8,3.9,11.0,,,10.8,,
EMBO Molecular Medicine,196,21.0,16.0,4.0,2.0,192.0,19.0,10.7,8.2,32.42894715868335,32.2304451114446,32.62850584654074,16.5,16.444105,16.647197
Journal of Veterinary Medical Science,272,29.0,1.0,34.0,4.0,238.0,25.0,10.7,0.4,41.71921574878457,41.47315591939487,41.96658537227446,15.3,15.247484,15.428892
Molecular Brain,132,14.0,5.0,132.0,14.0,0.0,0.0,10.6,3.8,14.0,,,10.6,,
BMC Cardiovascular Disorders,1029,109.0,17.0,1029.0,109.0,0.0,0.0,10.6,1.7,109.0,,,10.6,,
Journal of Virology,480,51.0,22.0,13.0,6.0,467.0,45.0,10.6,4.6,80.01207459950587,79.52925972419078,80.49745953299232,16.7,16.568596,16.770304
Cancer Immunology Immunotherapy,456,48.0,17.0,456.0,48.0,0.0,0.0,10.5,3.7,48.0,,,10.5,,
European journal of psychotraumatology,324,34.0,17.0,123.0,22.0,201.0,12.0,10.5,5.2,57.951219512195124,46.358725259550944,73.45363913824914,17.9,14.308249,22.670876
Frontiers in Pharmacology,3697,387.0,70.0,2371.0,338.0,1326.0,49.0,10.5,1.9,527.1088607594936,509.20713601015734,546.5443864166128,14.3,13.773523,14.783456
Global Heart,114,12.0,3.0,39.0,8.0,75.0,4.0,10.5,2.6,19.886307483860683,19.80876762165805,19.964260096304976,17.4,17.376112,17.512509
Frontiers in Psychology,4285,445.0,96.0,2831.0,362.0,1454.0,83.0,10.4,2.2,548.0544361965359,530.8868892764395,566.6891293756447,12.8,12.389426,13.224951
Frontiers in Artificial Intelligence,414,43.0,30.0,242.0,37.0,172.0,6.0,10.4,7.2,63.29752066115702,56.43658194263321,72.02431971111456,15.3,13.632025,17.397179
Translational Oncology,496,51.0,25.0,2.0,0.0,494.0,51.0,10.3,5.0,78.2911452936957,77.78041606798767,78.80459316766212,15.8,15.681535,15.888023
Clinical and Experimental Medicine,290,30.0,17.0,290.0,30.0,0.0,0.0,10.3,5.9,30.0,,,10.3,,
Journal of Cell Science,145,15.0,24.0,1.0,0.0,144.0,15.0,10.3,16.6,22.821710369012514,22.672833833583454,22.971379384905553,15.7,15.636437,15.842331
Antibodies,116,12.0,1.0,63.0,10.0,53.0,2.0,10.3,0.9,18.41269841269841,14.694208639146872,24.210258040286295,15.9,12.667421,20.870912
Frontiers in Public Health,5387,549.0,54.0,3570.0,512.0,1817.0,37.0,10.2,1.0,772.7354260089686,752.5298599234952,794.3343642907029,14.3,13.969368,14.745394
International Journal of Biological Sciences,422,43.0,6.0,1.0,1.0,421.0,42.0,10.2,1.4,67.72180600940465,67.2865489162405,68.1593800072586,16.0,15.94468,16.151512
Plant Methods,255,26.0,43.0,255.0,26.0,0.0,0.0,10.2,16.9,26.0,,,10.2,,
Hepatology Communications,276,28.0,16.0,4.0,1.0,272.0,27.0,10.1,5.8,44.10767514146808,43.826463907879855,44.39038328259938,16.0,15.879154,16.083472
Pilot and Feasibility Studies,227,23.0,6.0,227.0,23.0,0.0,0.0,10.1,2.6,23.0,,,10.1,,
Autism,109,11.0,8.0,43.0,7.0,66.0,4.0,10.1,7.3,17.4599505857974,17.391715507059082,17.528548884748382,16.0,15.955702,16.081238
Soft Matter,308,31.0,32.0,275.0,26.0,33.0,5.0,10.1,10.4,31.2299752928987,31.19585775352954,31.26427444237419,10.1,10.128525,10.150738
Harm Reduction Journal,280,28.0,2.0,280.0,28.0,0.0,0.0,10.0,0.7,28.0,,,10.0,,
AIDS and Behavior,209,21.0,4.0,209.0,21.0,0.0,0.0,10.0,1.9,21.0,,,10.0,,
Frontiers in Neuroscience,1316,132.0,65.0,884.0,113.0,432.0,19.0,10.0,4.9,168.22171945701356,159.4036696390463,178.43111170032768,12.8,12.112741,13.558595
Sports Medicine - Open,121,12.0,11.0,121.0,12.0,0.0,0.0,9.9,9.1,12.0,,,9.9,,
Trials,950,94.0,50.0,950.0,94.0,0.0,0.0,9.9,5.3,94.0,,,9.9,,
Theranostics,555,55.0,8.0,0.0,0.0,555.0,55.0,9.9,1.4,87.95867538056906,87.38488040026955,88.53552471265682,15.8,15.745023,15.952347
Experimental and Therapeutic Medicine,377,37.0,14.0,297.0,37.0,80.0,0.0,9.8,3.7,47.666666666666664,44.83098331981655,51.32535815642373,12.6,11.891508,13.614153
International Journal of Epidemiology,115,11.0,7.0,51.0,7.0,64.0,4.0,9.6,6.1,15.784313725490197,11.359049812187344,23.46204949928424,13.7,9.877435,20.401782
Journal of Veterinary Science,104,10.0,0.0,96.0,10.0,8.0,0.0,9.6,0.0,10.833333333333334,10.460567295643038,11.44978670509413,10.4,10.058238,11.00941
Faraday Discussions,114,11.0,8.0,104.0,9.0,10.0,2.0,9.6,7.0,11.0,,,9.6,,
Oncology Letters,717,69.0,21.0,513.0,64.0,204.0,5.0,9.6,2.9,90.25316455696202,84.70693515486957,97.01732493466639,12.6,11.814077,13.531008
The Journal of Headache and Pain,281,27.0,12.0,281.0,27.0,0.0,0.0,9.6,4.3,27.0,,,9.6,,
Biology Open,188,18.0,10.0,2.0,0.0,186.0,18.0,9.6,5.3,29.478042559974497,29.285743701711958,29.671365038836342,15.7,15.577523,15.782641
JAC-Antimicrobial Resistance,232,22.0,11.0,103.0,13.0,129.0,9.0,9.5,4.7,29.281553398058254,22.709064348342174,39.32153047614567,12.6,9.78839,16.948936
Current Developments in Nutrition,201,19.0,7.0,0.0,0.0,201.0,19.0,9.5,3.5,31.855304056746633,31.64749722604357,32.064217058097334,15.8,15.745023,15.952347
Magnetic Resonance in Medicine,201,19.0,37.0,94.0,15.0,107.0,4.0,9.5,18.4,29.403846153846153,22.144172783893108,42.04272730492956,14.6,11.017001,20.91678
Cells,1812,173.0,18.0,1048.0,137.0,764.0,36.0,9.5,1.0,237.06500956022944,222.47071223863554,253.72263045229994,13.1,12.277633,14.002353
Frontiers in Reproductive Health,148,14.0,1.0,88.0,14.0,60.0,0.0,9.5,0.7,23.545454545454547,19.831888256979752,28.970188361894486,15.9,13.399924,19.574452
Journal of Enzyme Inhibition and Medicinal Chemistry,106,10.0,1.0,34.0,5.0,72.0,5.0,9.4,0.9,16.410855184506257,16.336416916791727,16.485689692452777,15.5,15.411714,15.552537
International Journal of Molecular Sciences,14269,1344.0,138.0,8262.0,997.0,6007.0,347.0,9.4,1.0,1721.1295129634118,1679.9908033200027,1764.3889776629603,12.1,11.773711,12.36519
Journal of Cellular and Molecular Medicine,913,85.0,46.0,452.0,68.0,461.0,17.0,9.3,5.0,137.35398230088498,123.52146428912064,153.90261284644578,15.0,13.529186,16.856803
Frontiers in Aging Neuroscience,723,67.0,13.0,476.0,53.0,247.0,14.0,9.3,1.8,80.50210084033614,74.27637589511124,88.26493940560465,11.1,10.273358,12.208152
Frontiers in Computational Neuroscience,140,13.0,16.0,98.0,11.0,42.0,2.0,9.3,11.4,15.714285714285715,13.681365772532473,18.97584306943388,11.2,9.772404,13.554174
BIO-PROTOCOL,396,37.0,51.0,2.0,0.0,394.0,37.0,9.3,12.9,62.4427353152148,62.03539257244361,62.85224637258881,15.8,15.665503,15.871779
Cognitive Neurodynamics,108,10.0,12.0,108.0,10.0,0.0,0.0,9.3,11.1,10.0,,,9.3,,
Journal of the Endocrine Society,261,24.0,2.0,155.0,21.0,106.0,3.0,9.2,0.8,35.549019607843135,30.7049626315755,42.276674893162834,13.6,11.764353,16.19796
Brazilian Journal of Biology,130,12.0,1.0,130.0,12.0,0.0,0.0,9.2,0.8,12.0,,,9.2,,
mAbs,130,12.0,4.0,61.0,6.0,69.0,6.0,9.2,3.1,12.78688524590164,12.0,19.69293559629127,9.8,9.230769,15.148412
Animals,4759,438.0,36.0,2748.0,317.0,2011.0,121.0,9.2,0.8,548.9821688500728,526.0349357028535,574.0890801561987,11.5,11.053476,12.063229
JOR Spine,119,11.0,7.0,55.0,8.0,64.0,3.0,9.2,5.9,17.30909090909091,12.837887370733938,24.743143736509914,14.5,10.788141,20.792558
The Journals of Gerontology Series A,100,9.0,5.0,64.0,7.0,36.0,2.0,9.0,5.0,11.344827586206897,9.14952048814948,15.23665322016337,11.3,9.14952,15.236653
European Child & Adolescent Psychiatry,144,13.0,14.0,144.0,13.0,0.0,0.0,9.0,9.7,13.0,,,9.0,,
BMC Geriatrics,1301,117.0,17.0,1301.0,117.0,0.0,0.0,9.0,1.3,117.0,,,9.0,,
Infection and Drug Resistance,769,69.0,8.0,318.0,43.0,451.0,26.0,9.0,1.0,103.98427672955975,88.9845219360478,122.91145173547261,13.5,11.571459,15.983284
Microbiology Resource Announcements,1162,105.0,41.0,3.0,3.0,1159.0,102.0,9.0,3.5,186.68307165059377,185.4848223133557,187.88769935489958,16.1,15.962549,16.169337
Reproductive Sciences,100,9.0,2.0,100.0,9.0,0.0,0.0,9.0,2.0,9.0,,,9.0,,
Veterinary Sciences,1047,93.0,7.0,547.0,63.0,500.0,30.0,8.9,0.7,120.6923076923077,108.61610696228938,135.45571590451445,11.5,10.374031,12.937509
BMC Psychiatry,1386,124.0,46.0,1386.0,124.0,0.0,0.0,8.9,3.3,124.0,,,8.9,,
OncoImmunology,148,13.0,4.0,57.0,5.0,91.0,8.0,8.8,2.7,13.0,13.0,22.240052333689864,8.8,8.783784,15.027062
Eurosurveillance,331,29.0,9.0,0.0,0.0,331.0,29.0,8.8,2.7,52.45823702877182,52.11602777025085,52.80226789169263,15.8,15.745023,15.952347
Influenza and Other Respiratory Viruses,194,17.0,6.0,81.0,14.0,113.0,3.0,8.8,3.1,33.53086419753086,25.9602676176956,44.44936162079118,17.3,13.381581,22.912042
Journal of Integrative Neuroscience,137,12.0,6.0,134.0,12.0,3.0,0.0,8.8,4.4,12.475452299354428,12.472350704866322,12.4785704038522,9.1,9.103906,9.108446
Plants,4653,404.0,31.0,2708.0,300.0,1945.0,104.0,8.7,0.7,515.7116451016636,493.75950622288644,539.8102942408985,11.1,10.611638,11.601339
Bioresources and Bioprocessing,149,13.0,3.0,149.0,13.0,0.0,0.0,8.7,2.0,13.0,,,8.7,,
Frontiers in Behavioral Neuroscience,183,16.0,9.0,122.0,13.0,61.0,3.0,8.7,4.9,19.553719008264462,16.89601363839833,23.685164430450513,10.7,9.232794,12.942713
International Journal of Obesity,128,11.0,8.0,128.0,11.0,0.0,0.0,8.6,6.2,11.0,,,8.6,,
Journal of Materials Chemistry B,116,10.0,5.0,97.0,9.0,19.0,1.0,8.6,4.3,12.011197895911373,11.991554464153372,12.030945891063928,10.4,10.337547,10.371505
Biomolecules,1543,133.0,25.0,890.0,97.0,653.0,36.0,8.6,1.6,168.32995495495496,156.01537051588477,182.8428249304815,10.9,10.111171,11.849827
Organic & Biomolecular Chemistry,105,9.0,0.0,92.0,5.0,13.0,4.0,8.6,0.0,9.0,,,8.6,,
The Journal of Physiology,162,14.0,11.0,93.0,13.0,69.0,1.0,8.6,6.8,23.823529411764707,18.636696862734716,32.32738879486827,14.7,11.504134,19.955178
Journal of Cancer Research and Clinical Oncology,588,50.0,38.0,588.0,50.0,0.0,0.0,8.5,6.5,50.0,,,8.5,,
Journal of NeuroEngineering and Rehabilitation,294,25.0,12.0,294.0,25.0,0.0,0.0,8.5,4.1,25.0,,,8.5,,
Frontiers in Global Women s Health,258,22.0,1.0,166.0,20.0,92.0,2.0,8.5,0.4,31.08433734939759,27.301300934870053,36.44686912476198,12.0,10.5819,14.126693
Animal Models and Experimental Medicine,117,10.0,1.0,53.0,5.0,64.0,5.0,8.5,0.9,11.037735849056604,10.0,17.96254443116892,9.4,8.547009,15.352602
Frontiers in Physiology,1126,95.0,31.0,752.0,85.0,374.0,10.0,8.4,2.8,127.7284946236559,119.91034554835605,137.02886510801824,11.3,10.649231,12.169526
Mediators of Inflammation,119,10.0,2.0,31.0,9.0,88.0,1.0,8.4,1.7,22.946600781063204,22.855620676078775,23.038065179664507,19.3,19.206404,19.359719
Proceedings of the Royal Society B Biological Sciences,489,41.0,39.0,0.0,0.0,489.0,41.0,8.4,8.0,77.49872479477166,76.99316489321048,78.00697582790845,15.8,15.745023,15.952347
HemaSphere,205,17.0,3.0,101.0,15.0,104.0,2.0,8.3,1.5,30.445544554455445,24.579980944196414,38.98996075833388,14.9,11.990235,19.019493
New Microbes and New Infections,169,14.0,2.0,0.0,0.0,169.0,14.0,8.3,1.2,26.783812863632743,26.60908970746947,26.95946608367388,15.8,15.745023,15.952347
Journal of Cachexia Sarcopenia and Muscle,351,29.0,12.0,192.0,23.0,159.0,6.0,8.3,3.4,42.046875,35.90498646808604,50.56044273592373,12.0,10.229341,14.404685
International Journal for Equity in Health,353,29.0,5.0,353.0,29.0,0.0,0.0,8.2,1.4,29.0,,,8.2,,
World Allergy Organization Journal,182,15.0,1.0,0.0,0.0,182.0,15.0,8.2,0.5,28.84410616083526,28.655942761890195,29.03327116703341,15.8,15.745023,15.952347
Cancer Science,364,30.0,5.0,186.0,21.0,178.0,9.0,8.2,1.4,41.42622950819673,34.57991960327932,51.0923932007215,11.4,9.499978,14.036372
Nanoscale,340,28.0,13.0,306.0,23.0,34.0,5.0,8.2,3.8,28.388459392683508,28.353307988484982,28.42379791032492,8.3,8.339208,8.359941
Orphanet Journal of Rare Diseases,642,52.0,11.0,642.0,52.0,0.0,0.0,8.1,1.7,52.0,,,8.1,,
Biology Letters,124,10.0,9.0,1.0,1.0,123.0,9.0,8.1,7.3,20.493544273531523,20.366378899519198,20.621386557940163,16.5,16.424499,16.63015
Nature and Science of Sleep,260,21.0,8.0,106.0,10.0,154.0,11.0,8.1,3.1,24.528301886792455,21.0,35.41037503979907,9.4,8.076923,13.619375
Journal of Xenobiotics,135,11.0,1.0,79.0,10.0,56.0,1.0,8.1,0.7,17.08860759493671,13.932985244607465,22.18367112127634,12.7,10.32073,16.432349
International Journal of Clinical and Health Psychology,149,12.0,12.0,0.0,0.0,149.0,12.0,8.1,8.1,23.61413086793656,23.460085008360654,23.76899672465922,15.8,15.745023,15.952347
Advanced Science,4305,347.0,121.0,1594.0,197.0,2711.0,150.0,8.1,2.8,530.688137755102,489.0830269059306,577.2878898582014,12.3,11.360814,13.409707
JNCI Cancer Spectrum,138,11.0,3.0,75.0,10.0,63.0,1.0,8.0,2.2,18.75,14.865268121227297,24.939440640191236,13.6,10.771933,18.072058
Frontiers in Health Services,199,16.0,2.0,124.0,16.0,75.0,0.0,8.0,1.0,25.67741935483871,22.075571370357665,30.951386990614036,12.9,11.093252,15.553461
Child and Adolescent Psychiatry and Mental Health,201,16.0,8.0,201.0,16.0,0.0,0.0,8.0,4.0,16.0,,,8.0,,
Neuro-Oncology Advances,225,18.0,18.0,132.0,13.0,93.0,5.0,8.0,8.0,22.229007633587784,18.479032311255622,28.102663545215968,9.9,8.212903,12.490073
BMC Women s Health,830,66.0,14.0,830.0,66.0,0.0,0.0,8.0,1.7,66.0,,,8.0,,
Journal of Eating Disorders,263,21.0,12.0,263.0,21.0,0.0,0.0,8.0,4.6,21.0,,,8.0,,
JACC Basic to Translational Science,100,8.0,2.0,0.0,0.0,100.0,8.0,8.0,2.0,15.848409978480912,15.745023495544064,15.952346795073302,15.8,15.745023,15.952347
Brain Communications,573,46.0,77.0,262.0,31.0,311.0,15.0,8.0,13.4,68.08076923076923,57.522338217036534,82.08762776255122,11.9,10.038802,14.325939
BMC Complementary Medicine and Therapies,557,44.0,9.0,557.0,44.0,0.0,0.0,7.9,1.6,44.0,,,7.9,,
European Journal of Public Health,214,17.0,7.0,125.0,16.0,89.0,1.0,7.9,3.3,27.392,23.15082423027848,33.607502272962705,12.8,10.818142,15.70444
PeerJ Computer Science,897,71.0,92.0,0.0,0.0,897.0,71.0,7.9,10.3,142.16023750697377,141.23286075503026,143.09255075180752,15.8,15.745023,15.952347
Toxins,600,47.0,6.0,347.0,34.0,253.0,13.0,7.8,1.0,58.861271676300575,52.00693485659565,67.94779208268201,9.8,8.667822,11.324632
International Journal of Cancer,166,13.0,12.0,71.0,10.0,95.0,3.0,7.8,7.2,25.055989479556867,24.95777232076686,25.15472945531964,15.1,15.034803,15.153451
Disease Models & Mechanisms,166,13.0,7.0,0.0,0.0,166.0,13.0,7.8,4.2,26.308360564278313,26.136739002603147,26.480895679821682,15.8,15.745023,15.952347
Proceedings of the National Academy of Sciences,4134,323.0,223.0,63.0,26.0,4071.0,297.0,7.8,5.4,1820.0,1334.8269980446228,2334.699506691093,44.0,32.288994,56.475557
BMC Chemistry,411,32.0,8.0,411.0,32.0,0.0,0.0,7.8,1.9,32.0,,,7.8,,
Journal of Inflammation Research,1175,92.0,25.0,576.0,62.0,599.0,30.0,7.8,2.1,126.58782608695653,112.9315301363257,143.36220687220995,10.8,9.611194,12.201039
Environmental Science & Technology,681,53.0,49.0,84.0,13.0,597.0,40.0,7.8,7.2,107.64634146341463,69.74783792035075,163.79064225709237,15.8,10.241973,24.051489
Frontiers in Bioengineering and Biotechnology,1342,104.0,27.0,935.0,92.0,407.0,12.0,7.7,2.0,132.04705882352943,124.93265464095798,140.49911318867376,9.8,9.309438,10.469383
Heliyon,16600,1278.0,450.0,7499.0,584.0,9101.0,694.0,7.7,2.7,1292.7590345379385,1278.0,1349.9474485605774,7.8,7.698795,8.132214
International Journal of Cardiology Cardiovascular Risk and Prevention,142,11.0,2.0,0.0,0.0,142.0,11.0,7.7,1.4,22.504742169442896,22.357933363672572,22.65233244900409,15.8,15.745023,15.952347
Neurotherapeutics,132,10.0,3.0,0.0,0.0,132.0,10.0,7.6,2.3,20.919901171594805,20.783431014118165,21.05709776949676,15.8,15.745023,15.952347
Biomedical Reports,223,17.0,2.0,151.0,16.0,72.0,1.0,7.6,0.9,23.944827586206898,20.97309336755139,28.364769165503887,10.7,9.404975,12.719627
Alzheimer s & Dementia,996,76.0,84.0,497.0,51.0,499.0,25.0,7.6,8.4,102.30846774193549,90.45776294755936,117.20562801469748,10.3,9.082105,11.767633
Frontiers in Chemistry,662,50.0,8.0,424.0,42.0,238.0,8.0,7.6,1.2,65.5754716981132,59.64078608799723,73.22379557026136,9.9,9.009182,11.060996
BMC Psychology,1309,98.0,43.0,1309.0,98.0,0.0,0.0,7.5,3.3,98.0,,,7.5,,
Veterinary World,399,30.0,6.0,0.0,0.0,399.0,30.0,7.5,1.5,63.23515581413884,62.822643747220816,63.64986371234247,15.8,15.745023,15.952347
Frontiers in Psychiatry,2334,174.0,36.0,1569.0,155.0,765.0,19.0,7.5,1.5,230.5736137667304,220.0175167103563,242.62902061419055,9.9,9.426629,10.395416
Journal of Autism and Developmental Disorders,213,16.0,10.0,213.0,16.0,0.0,0.0,7.5,4.7,16.0,,,7.5,,
Journal of Orthopaedic Translation,136,10.0,1.0,0.0,0.0,136.0,10.0,7.4,0.7,21.55383757073404,21.413231953939928,21.69519164129969,15.8,15.745023,15.952347
BMC Pregnancy and Childbirth,1345,99.0,21.0,1345.0,99.0,0.0,0.0,7.4,1.6,99.0,,,7.4,,
ACS Chemical Neuroscience,149,11.0,4.0,18.0,2.0,131.0,9.0,7.4,2.7,22.761417071809994,22.625980779162724,22.897574301546026,15.3,15.185222,15.3675
Infection Control and Hospital Epidemiology,176,13.0,3.0,143.0,12.0,33.0,1.0,7.4,1.7,14.329411764705883,13.080767056946028,16.803557403667018,8.1,7.432254,9.547476
MMWR Morbidity and Mortality Weekly Report,285,21.0,2.0,0.0,0.0,285.0,21.0,7.4,0.7,45.1679684386706,44.873316962300585,45.46418836595891,15.8,15.745023,15.952347
International Journal of COPD,329,24.0,3.0,119.0,19.0,210.0,5.0,7.3,0.9,52.52941176470588,40.97916691995504,68.54982651549354,16.0,12.455674,20.835814
British Journal Of Nutrition,219,16.0,4.0,191.0,16.0,28.0,0.0,7.3,1.8,17.666666666666668,16.719325103376125,19.692762108150077,8.1,7.634395,8.992129
Journal of the American Society for Mass Spectrometry,137,10.0,8.0,14.0,4.0,123.0,6.0,7.3,5.8,23.493544273531523,23.366378899519198,23.621386557940163,17.1,17.055751,17.241888
BMC Pediatrics,1143,82.0,17.0,1143.0,82.0,0.0,0.0,7.2,1.5,82.0,,,7.2,,
Journal of Imaging Informatics in Medicine,362,26.0,44.0,362.0,26.0,0.0,0.0,7.2,12.2,26.0,,,7.2,,
Chinese Medicine,221,16.0,4.0,221.0,16.0,0.0,0.0,7.2,1.8,16.0,,,7.2,,
Frontiers in Cardiovascular Medicine,1767,126.0,27.0,1084.0,94.0,683.0,32.0,7.1,1.5,153.22693726937268,142.75823525739239,165.6892754831419,8.7,8.07913,9.376869
Journal of Feline Medicine and Surgery,140,10.0,2.0,20.0,5.0,120.0,5.0,7.1,1.4,24.018091974177096,23.894028194652876,24.142816154087964,17.2,17.067163,17.244869
The Lancet Regional Health - Western Pacific,309,22.0,20.0,0.0,0.0,309.0,22.0,7.1,6.5,48.97158683350602,48.652122601231156,49.292751596776505,15.8,15.745023,15.952347
Malaria Journal,517,36.0,31.0,517.0,36.0,0.0,0.0,7.0,6.0,36.0,,,7.0,,
AMBIO,129,9.0,8.0,129.0,9.0,0.0,0.0,7.0,6.2,9.0,,,7.0,,
European Psychiatry,115,8.0,9.0,66.0,5.0,49.0,3.0,7.0,7.8,8.322033898305085,8.0,12.926117442016881,7.2,6.956522,11.240102
BMC Nutrition,244,17.0,5.0,244.0,17.0,0.0,0.0,7.0,2.0,17.0,,,7.0,,
BioMed Research International,171,12.0,1.0,24.0,1.0,147.0,11.0,7.0,0.6,24.29716266836694,24.145184538449772,24.449949788757753,14.2,14.119991,14.298216
Reviews in Cardiovascular Medicine,329,23.0,7.0,217.0,15.0,112.0,8.0,7.0,2.1,23.0,23.0,27.47725947337767,7.0,6.990881,8.351751
Environment & Health,114,8.0,3.0,17.0,1.0,97.0,7.0,7.0,2.6,16.372957679126486,16.272672790677742,16.4737763912211,14.4,14.274274,14.450681
Discover Mental Health,130,9.0,3.0,130.0,9.0,0.0,0.0,6.9,2.3,9.0,,,6.9,,
OncoTargets and Therapy,116,8.0,3.0,53.0,6.0,63.0,2.0,6.9,2.6,13.132075471698112,9.334564113973261,20.223365289843663,11.3,8.047038,17.433936
International Dental Journal,320,22.0,5.0,0.0,0.0,320.0,22.0,6.9,1.6,50.71491193113892,50.384075185741004,51.04750974423457,15.8,15.745023,15.952347
Animal Bioscience,247,17.0,1.0,113.0,14.0,134.0,3.0,6.9,0.4,31.05454545454545,24.364780185519145,41.11514279518387,12.6,9.864283,16.645807
Depression and Anxiety,160,11.0,5.0,49.0,5.0,111.0,6.0,6.9,3.1,22.591735076113814,22.476976080053912,22.707104942531366,14.1,14.04811,14.191941
Anais da Academia Brasileira de Ciências,118,8.0,3.0,118.0,8.0,0.0,0.0,6.8,2.5,8.0,,,6.8,,
Neurology Neuroimmunology & Neuroinflammation,162,11.0,4.0,2.0,1.0,160.0,10.0,6.8,2.5,26.35745596556946,26.192037592870502,26.523754872117284,16.3,16.167924,16.372688
Iranian Journal of Microbiology,132,9.0,1.0,0.0,0.0,132.0,9.0,6.8,0.8,20.919901171594805,20.783431014118165,21.05709776949676,15.8,15.745023,15.952347
Frontiers in Medicine,3462,237.0,34.0,2220.0,189.0,1242.0,48.0,6.8,1.0,292.874321880651,279.4263477467614,308.1153754522254,8.5,8.071241,8.899924
Frontiers in Digital Health,341,23.0,19.0,213.0,21.0,128.0,2.0,6.7,5.6,33.61971830985915,29.370087822829845,39.68987115183184,9.9,8.612929,11.639258
ACS Catalysis,253,17.0,6.0,29.0,8.0,224.0,9.0,6.7,2.4,43.50043835179724,43.2688526300187,43.7332568209642,17.2,17.102313,17.285872
Frontiers in Robotics and AI,313,21.0,20.0,172.0,19.0,141.0,2.0,6.7,6.4,34.666666666666664,29.19354374912173,42.54937326833864,11.1,9.327011,13.594049
Critical Care,356,24.0,14.0,356.0,24.0,0.0,0.0,6.7,3.9,24.0,,,6.7,,
International Journal of Women s Health,351,23.0,4.0,150.0,20.0,201.0,3.0,6.6,1.1,46.8,37.6874631140987,59.593282795980244,13.3,10.737169,16.978143
European Journal of Nutrition,182,12.0,8.0,182.0,12.0,0.0,0.0,6.6,4.4,12.0,,,6.6,,
BMC Musculoskeletal Disorders,1424,94.0,17.0,1424.0,94.0,0.0,0.0,6.6,1.2,94.0,,,6.6,,
ChemistryOpen,183,12.0,3.0,74.0,10.0,109.0,2.0,6.6,1.6,24.014285714285712,17.536283970454065,34.704815897371105,13.1,9.582669,18.96438
Annals of Biomedical Engineering,121,8.0,7.0,121.0,8.0,0.0,0.0,6.6,5.8,8.0,,,6.6,,
Bioscience Reports,106,7.0,0.0,0.0,0.0,106.0,7.0,6.6,0.0,16.79931457718977,16.68972490527671,16.909487602777702,15.8,15.745023,15.952347
Frontiers in Sociology,347,23.0,2.0,213.0,22.0,134.0,1.0,6.6,0.6,35.840375586854464,31.273086400415455,42.29123336110632,10.3,9.012417,12.187675
BMC Pharmacology and Toxicology,201,13.0,2.0,201.0,13.0,0.0,0.0,6.5,1.0,13.0,,,6.5,,
BMC Oral Health,2196,142.0,26.0,2196.0,142.0,0.0,0.0,6.5,1.2,142.0,,,6.5,,
Journal of the Pakistan Medical Association,108,7.0,1.0,108.0,7.0,0.0,0.0,6.5,0.9,7.0,,,6.5,,
Antimicrobial Agents and Chemotherapy,323,21.0,16.0,4.0,2.0,319.0,19.0,6.5,5.0,52.556427831354114,52.22662495078556,52.88798627628383,16.3,16.169234,16.37399
Journal of Cancer Survivorship,107,7.0,0.0,107.0,7.0,0.0,0.0,6.5,0.0,7.0,,,6.5,,
EClinicalMedicine,639,41.0,47.0,4.0,0.0,635.0,41.0,6.4,7.4,100.6374033633538,99.98089919670481,101.29740214871546,15.7,15.646463,15.852489
Cancer Biology & Therapy,125,8.0,1.0,56.0,5.0,69.0,3.0,6.4,0.8,11.160714285714285,8.0,18.28680550108401,8.9,6.4,14.629444
Journal of Clinical Microbiology,141,9.0,7.0,2.0,0.0,139.0,9.0,6.4,5.0,22.02928987008847,21.88558265880625,22.17376204515189,15.6,15.52169,15.726072
BMC Urology,346,22.0,8.0,346.0,22.0,0.0,0.0,6.4,2.3,22.0,,,6.4,,
Investigative Ophthalmology & Visual Science,895,57.0,32.0,1.0,0.0,894.0,57.0,6.4,3.6,141.68478520761937,140.76051005016393,142.61398034795533,15.8,15.727431,15.934523
Pediatric Rheumatology,143,9.0,5.0,143.0,9.0,0.0,0.0,6.3,3.5,9.0,,,6.3,,
Current Research in Food Science,384,24.0,7.0,0.0,0.0,384.0,24.0,6.2,1.8,60.8578943173667,60.460890222889205,61.25701169308148,15.8,15.745023,15.952347
Health and Quality of Life Outcomes,146,9.0,4.0,146.0,9.0,0.0,0.0,6.2,2.7,9.0,,,6.2,,
Molecular Genetics & Genomic Medicine,210,13.0,1.0,98.0,8.0,112.0,5.0,6.2,0.5,17.142857142857142,13.0,25.123062863848222,8.2,6.190476,11.963363
Environmental Health Perspectives,306,19.0,30.0,9.0,0.0,297.0,19.0,6.2,9.8,47.06977763608831,46.76271978176587,47.37846998136771,15.4,15.281935,15.48316
Journal of Veterinary Internal Medicine,434,27.0,5.0,249.0,25.0,185.0,2.0,6.2,1.2,43.57429718875502,37.75279374162558,51.64221087786741,10.0,8.6988,11.899127
Environmental Health and Preventive Medicine,115,7.0,2.0,27.0,2.0,88.0,5.0,6.1,1.7,15.946600781063204,15.855620676078775,16.038065179664507,13.9,13.787496,13.946144
Renal Failure,658,40.0,14.0,269.0,24.0,389.0,16.0,6.1,2.1,58.70631970260223,47.60733348167004,74.30508456601771,8.9,7.235157,11.292566
BMC Neurology,641,39.0,17.0,640.0,39.0,1.0,0.0,6.1,2.7,39.0609375,39.044894413403185,39.08222008183912,6.1,6.091247,6.09707
Psychological Medicine,342,21.0,47.0,226.0,17.0,116.0,4.0,6.1,13.7,28.372549019607845,23.996587159418368,35.032649981748264,8.3,7.016546,10.243465
Thrombosis Journal,147,9.0,3.0,147.0,9.0,0.0,0.0,6.1,2.0,9.0,,,6.1,,
Journal of General Internal Medicine,268,16.0,3.0,268.0,16.0,0.0,0.0,6.0,1.1,16.0,,,6.0,,
Journal of Agricultural and Food Chemistry,298,18.0,6.0,23.0,2.0,275.0,16.0,6.0,2.0,45.58312744082251,45.29881461274618,45.86895368645158,15.3,15.200945,15.392266
Journal of Experimental Biology,200,12.0,27.0,0.0,0.0,200.0,12.0,6.0,13.5,31.696819956961825,31.49004699108813,31.904693590146604,15.8,15.745023,15.952347
Frontiers in Oral Health,216,13.0,0.0,127.0,9.0,89.0,4.0,6.0,0.0,15.30708661417323,13.0,20.499154847536744,7.1,6.018519,9.490349
Small Methods,136,8.0,5.0,58.0,7.0,78.0,1.0,5.9,3.7,19.361759783215113,19.28111832652437,19.442830500157175,14.2,14.177293,14.296199
The Journal of Organic Chemistry,304,18.0,0.0,33.0,14.0,271.0,4.0,5.9,0.0,56.94919104168327,56.669013672924414,57.230859814648646,18.7,18.641123,18.825941
The Journal of Physical Chemistry B,424,25.0,23.0,53.0,6.0,371.0,19.0,5.9,5.4,64.7976010201642,64.41403716846847,65.18320660972195,15.3,15.19199,15.373398
Journal of the American Heart Association,1531,90.0,46.0,15.0,5.0,1516.0,85.0,5.9,3.0,245.26189527377062,243.694556192448,246.83757741331127,16.0,15.917345,16.122637
Scandinavian Journal of Trauma Resuscitation and Emergency Medicine,172,10.0,3.0,172.0,10.0,0.0,0.0,5.8,1.7,10.0,,,5.8,,
Analytical and Bioanalytical Chemistry,294,17.0,12.0,294.0,17.0,0.0,0.0,5.8,4.1,17.0,,,5.8,,
Journal of the American Chemical Society,1291,75.0,20.0,143.0,54.0,1148.0,21.0,5.8,1.5,494.8985507246377,406.54355305751136,590.4633165773489,38.3,31.490593,45.736895
The Lancet Regional Health - Americas,359,21.0,17.0,0.0,0.0,359.0,21.0,5.8,4.7,56.895791822746475,56.524634349003186,57.26892499431315,15.8,15.745023,15.952347
Social Psychiatry and Psychiatric Epidemiology,120,7.0,8.0,120.0,7.0,0.0,0.0,5.8,6.7,7.0,,,5.8,,
Narra J,227,13.0,2.0,58.0,12.0,169.0,1.0,5.7,0.9,46.96551724137931,32.70480575975263,67.38039255335698,20.7,14.407403,29.682992
Bulletin of Mathematical Biology,123,7.0,34.0,122.0,7.0,1.0,0.0,5.7,27.6,7.061946902654867,7.030327788623801,7.122371250074745,5.7,5.715714,5.790546
Tropical Medicine and Health,159,9.0,1.0,159.0,9.0,0.0,0.0,5.7,0.6,9.0,,,5.7,,
AIDS Research and Therapy,140,8.0,2.0,140.0,8.0,0.0,0.0,5.7,1.4,8.0,,,5.7,,
Veterinary Medicine and Science,600,34.0,9.0,264.0,19.0,336.0,15.0,5.7,1.5,43.18181818181819,34.64247749591479,55.84667131442684,7.2,5.773746,9.307779
Analytical Chemistry,558,32.0,34.0,56.0,9.0,502.0,23.0,5.7,6.1,91.14545454545454,53.453709203782715,150.88526186430516,16.3,9.579518,27.04037
Acta Biochimica et Biophysica Sinica,192,11.0,2.0,94.0,9.0,98.0,2.0,5.7,1.0,16.636363636363637,12.547645267062327,24.65628934086231,8.7,6.535232,12.841817
Journal for ImmunoTherapy of Cancer,715,41.0,22.0,13.0,1.0,702.0,40.0,5.7,3.1,112.255838048936,111.53006493871933,112.98547450141459,15.7,15.59861,15.802164
Physiological Reports,617,35.0,11.0,320.0,22.0,297.0,13.0,5.7,1.8,42.41875,35.61335475567668,52.26289585573335,6.9,5.772019,8.470486
The Italian Journal of Pediatrics/Italian journal of pediatrics,377,21.0,1.0,377.0,21.0,0.0,0.0,5.6,0.3,21.0,,,5.6,,
BMC Health Services Research,2205,124.0,40.0,2205.0,124.0,0.0,0.0,5.6,1.8,124.0,,,5.6,,
BMC Primary Care,590,33.0,7.0,590.0,33.0,0.0,0.0,5.6,1.2,33.0,,,5.6,,
Advances in Therapy,284,16.0,12.0,283.0,16.0,1.0,0.0,5.6,4.2,16.05693950177936,16.0353484679292,16.09048146702412,5.7,5.646249,5.665662
Frontiers in Oncology,4069,228.0,125.0,2595.0,189.0,1474.0,39.0,5.6,3.1,296.0757341576507,282.25096236128985,311.7678400223126,7.3,6.936617,7.662026
Environmental Science and Pollution Research,721,40.0,46.0,721.0,40.0,0.0,0.0,5.5,6.4,40.0,,,5.5,,
JACS Au,550,30.0,12.0,69.0,9.0,481.0,21.0,5.5,2.2,71.73913043478261,42.74959861595125,119.47855672385457,13.0,7.772654,21.723374
Nanoscale Advances,669,37.0,14.0,335.0,17.0,334.0,20.0,5.5,2.1,37.0,37.0,44.03500166357931,5.5,5.530643,6.582213
Journal of Chemical Theory and Computation,437,24.0,47.0,55.0,6.0,382.0,18.0,5.5,10.8,66.54092611779708,66.14598975297832,66.93796475718001,15.2,15.136382,15.317612
BMC Nephrology,609,33.0,10.0,609.0,33.0,0.0,0.0,5.4,1.6,33.0,,,5.4,,
International Breastfeeding Journal,111,6.0,0.0,111.0,6.0,0.0,0.0,5.4,0.0,6.0,,,5.4,,
Journal of the American Medical Informatics Association,113,6.0,18.0,72.0,4.0,41.0,2.0,5.3,15.9,6.411764705882353,6.0,9.81047488468934,5.7,5.309735,8.681836
Frontiers in Allergy,150,8.0,1.0,93.0,8.0,57.0,0.0,5.3,0.7,12.903225806451612,10.521254636724382,17.157313251455903,8.6,7.01417,11.438209
Metabolites,844,45.0,23.0,478.0,32.0,366.0,13.0,5.3,2.7,56.5020920502092,49.500884364741346,66.0306264056031,6.7,5.865034,7.823534
BMC Sports Science Medicine and Rehabilitation,337,18.0,9.0,337.0,18.0,0.0,0.0,5.3,2.7,18.0,,,5.3,,
Clinical Epidemiology,114,6.0,10.0,47.0,4.0,67.0,2.0,5.3,8.8,14.618434685582212,14.549165742014523,14.688072352699113,12.8,12.762426,12.884274
Chemistry of Materials,191,10.0,3.0,12.0,3.0,179.0,7.0,5.2,1.6,31.368653861480833,31.183592057023873,31.55470076318121,16.4,16.326488,16.520786
Open Veterinary Journal,523,27.0,0.0,0.0,0.0,523.0,27.0,5.2,0.0,82.88718418745518,82.34647288169545,83.43077373823337,15.8,15.745023,15.952347
Aquaculture Nutrition,155,8.0,3.0,26.0,2.0,129.0,6.0,5.2,1.9,22.444448872240375,22.311080309251842,22.57852736564456,14.5,14.394245,14.566792
Journal of Neuro-Oncology,172,9.0,7.0,172.0,9.0,0.0,0.0,5.2,4.1,9.0,,,5.2,,
Sexual Medicine,116,6.0,0.0,48.0,4.0,68.0,2.0,5.2,0.0,14.77691878536702,14.706615976969964,14.847595820649845,12.7,12.678117,12.799652
Frontiers in Neurology,2291,119.0,33.0,1556.0,96.0,735.0,23.0,5.2,1.4,141.3470437017995,133.32847427309915,150.95241886374245,6.2,5.819663,6.588931
Open Medicine,287,15.0,6.0,99.0,6.0,188.0,9.0,5.2,2.1,17.393939393939394,15.0,29.682250517251855,6.1,5.226481,10.342248
ChemPhysChem,116,6.0,6.0,54.0,3.0,62.0,3.0,5.2,5.2,12.826014186658165,12.76191456723732,12.890455012945447,11.1,11.00165,11.112461
Frontiers in Pediatrics,1535,78.0,11.0,998.0,73.0,537.0,5.0,5.1,0.7,112.27955911823648,104.45571508133156,121.86131228107783,7.3,6.804933,7.938848
Clinical Cosmetic and Investigational Dermatology,412,21.0,4.0,172.0,14.0,240.0,7.0,5.1,1.0,33.53488372093024,25.784543638062864,45.67493352775,8.1,6.258384,11.086149
Tropical Medicine and Infectious Disease,355,18.0,1.0,191.0,13.0,164.0,5.0,5.1,0.3,24.162303664921467,19.593450804755896,31.52450347194887,6.8,5.519282,8.880142
Addiction Science & Clinical Practice,140,7.0,5.0,140.0,7.0,0.0,0.0,5.0,3.6,7.0,,,5.0,,
Journal of Cancer,600,30.0,26.0,0.0,0.0,600.0,30.0,5.0,4.3,95.09045987088547,94.47014097326438,95.71408077043981,15.8,15.745023,15.952347
Translational Cancer Research,635,32.0,32.0,0.0,0.0,635.0,32.0,5.0,5.0,100.6374033633538,99.98089919670481,101.29740214871546,15.8,15.745023,15.952347
Skin Research and Technology,342,17.0,4.0,154.0,12.0,188.0,5.0,5.0,1.2,26.64935064935065,20.485161637002374,36.67606328722546,7.8,5.989813,10.723995
Transfusion,100,5.0,3.0,60.0,4.0,40.0,1.0,5.0,3.0,10.339363991392364,10.298009398217626,10.38093871802932,10.3,10.298009,10.380939
Archives of Dermatological Research,120,6.0,3.0,120.0,6.0,0.0,0.0,5.0,2.5,6.0,,,5.0,,
Brazilian Journal of Otorhinolaryngology,164,8.0,0.0,0.0,0.0,164.0,8.0,4.9,0.0,25.991392364708695,25.821838532692265,26.161848743920217,15.8,15.745023,15.952347
Antioxidants,1667,82.0,6.0,985.0,58.0,682.0,24.0,4.9,0.4,98.24008138351984,89.31628957241337,109.50548364833455,5.9,5.357906,6.569015
Cancer Reports,324,16.0,7.0,144.0,10.0,180.0,6.0,4.9,2.2,22.5,16.867851169920222,32.159756756400924,6.9,5.206127,9.925851
Brain and Behavior,756,37.0,20.0,312.0,23.0,444.0,14.0,4.9,2.6,55.73076923076923,45.03176620108485,71.03395788339294,7.4,5.956583,9.396026
RSC Advances,4574,222.0,56.0,2528.0,118.0,2046.0,104.0,4.9,1.2,222.0,222.0,230.96145691882103,4.9,4.85352,5.049442
BMC Medical Ethics,183,9.0,2.0,183.0,9.0,0.0,0.0,4.9,1.1,9.0,,,4.9,,
The Clinical Respiratory Journal,144,7.0,3.0,66.0,7.0,78.0,0.0,4.9,2.1,15.272727272727273,11.08195900209623,22.843770076275405,10.6,7.695805,15.863729
JBMR Plus,227,11.0,5.0,162.0,9.0,65.0,2.0,4.8,2.2,12.633540372670808,11.0,15.683031352808248,5.6,4.845815,6.908824
Internet Interventions,105,5.0,6.0,0.0,0.0,105.0,5.0,4.8,5.7,16.640830477404958,16.532274670321268,16.749964134826968,15.8,15.745023,15.952347
International Journal of Integrated Care,105,5.0,1.0,18.0,4.0,87.0,1.0,4.8,1.0,17.788116681278396,17.698170441123338,17.878541711713773,16.9,16.8554,17.027183
Haematologica,352,17.0,4.0,171.0,16.0,181.0,1.0,4.8,1.1,32.96875,26.432386446180065,42.953293381165366,9.4,7.509201,12.20264
Tropical Animal Health and Production,126,6.0,10.0,126.0,6.0,0.0,0.0,4.8,7.9,6.0,,,4.8,,
Journal of the International AIDS Society,187,9.0,7.0,106.0,9.0,81.0,0.0,4.8,3.7,15.877358490566039,12.67019465338643,21.436358783562774,8.5,6.775505,11.463293
Journal of Clinical Laboratory Analysis,149,7.0,2.0,73.0,5.0,76.0,2.0,4.7,1.3,10.277777777777779,7.281895352130527,16.588613708859747,6.9,4.887178,11.133298
Archives of Medical Science,150,7.0,3.0,62.0,6.0,88.0,1.0,4.7,2.0,14.516129032258064,9.969790686165322,23.203157723350852,9.7,6.646527,15.468772
Clinical Rheumatology,128,6.0,33.0,128.0,6.0,0.0,0.0,4.7,25.8,6.0,,,4.7,,
Journal of Diabetes,129,6.0,3.0,57.0,4.0,72.0,2.0,4.7,2.3,9.052631578947368,6.0,16.024289224876846,7.0,4.651163,12.42193
American Journal of Preventive Cardiology,170,8.0,1.0,1.0,1.0,169.0,7.0,4.7,0.6,27.783812863632743,27.60908970746947,27.95946608367388,16.3,16.240641,16.446745
Regenerative Therapy,233,11.0,1.0,0.0,0.0,233.0,11.0,4.7,0.4,36.926795249860525,36.685904744617666,37.168968032520795,15.8,15.745023,15.952347
European Journal of Pediatrics,371,17.0,8.0,371.0,17.0,0.0,0.0,4.6,2.2,17.0,,,4.6,,
Neurological Sciences,152,7.0,4.0,152.0,7.0,0.0,0.0,4.6,2.6,7.0,,,4.6,,
European Journal of Applied Physiology,151,7.0,9.0,151.0,7.0,0.0,0.0,4.6,6.0,7.0,,,4.6,,
Endocrine Connections,157,7.0,1.0,1.0,0.0,156.0,7.0,4.5,0.6,24.723519566430223,24.56223665304874,24.88566100031435,15.7,15.644737,15.850739
Frontiers in Rehabilitation Sciences,202,9.0,0.0,126.0,9.0,76.0,0.0,4.5,0.0,14.428571428571427,11.890334120540857,18.89417870123583,7.1,5.886304,9.353554
Food Science and Biotechnology,111,5.0,0.0,111.0,5.0,0.0,0.0,4.5,0.0,5.0,,,4.5,,
Journal of Animal Science,199,9.0,11.0,115.0,7.0,84.0,2.0,4.5,5.5,12.11304347826087,9.502757884604991,17.108098919746347,6.1,4.775255,8.597035
Journal of Diabetes Investigation,242,11.0,4.0,122.0,8.0,120.0,3.0,4.5,1.7,15.933884297520661,12.065517680390755,23.006586490013976,6.6,4.985751,9.506854
Open Life Sciences,266,12.0,3.0,86.0,6.0,180.0,6.0,4.5,1.1,18.558139534883722,12.0,31.913365513699635,7.0,4.511278,11.997506
ChemSusChem,265,12.0,1.0,120.0,7.0,145.0,5.0,4.5,0.4,16.0625,12.0,25.80810215743337,6.1,4.528302,9.738906
Vaccines,1541,69.0,12.0,929.0,55.0,612.0,14.0,4.5,0.8,91.23250807319698,83.00828609312984,101.67862666890821,5.9,5.386651,6.598224
Neurology,226,10.0,12.0,5.0,0.0,221.0,10.0,4.4,5.3,35.02498605244281,34.796501925152384,35.254686417112,15.5,15.396682,15.599419
Journal of Assisted Reproduction and Genetics,181,8.0,2.0,181.0,8.0,0.0,0.0,4.4,1.1,8.0,,,4.4,,
Journal of The Royal Society Interface,183,8.0,24.0,0.0,0.0,183.0,8.0,4.4,13.1,29.00259026062007,28.813392996845636,29.192794634984143,15.8,15.745023,15.952347
Neurology and Therapy,137,6.0,5.0,137.0,6.0,0.0,0.0,4.4,3.6,6.0,,,4.4,,
Pediatric Research,321,14.0,10.0,321.0,14.0,0.0,0.0,4.4,3.1,14.0,,,4.4,,
Immunity Inflammation and Disease,341,15.0,12.0,128.0,7.0,213.0,8.0,4.4,3.5,18.6484375,15.0,30.128853509988097,5.5,4.398827,8.835441
Osteoarthritis and Cartilage Open,138,6.0,3.0,0.0,0.0,138.0,6.0,4.3,2.2,21.870805770303658,21.72813242385081,22.01423857720116,15.8,15.745023,15.952347
Medical Science Educator,140,6.0,1.0,140.0,6.0,0.0,0.0,4.3,0.7,6.0,,,4.3,,
Brain Behavior & Immunity - Health,231,10.0,4.0,0.0,0.0,231.0,10.0,4.3,1.7,36.60982705029091,36.371004274706785,36.849921096619326,15.8,15.745023,15.952347
Journal of Pharmaceutical Analysis,115,5.0,3.0,0.0,0.0,115.0,5.0,4.3,2.6,18.225671475253048,18.106777019875672,18.345198814334296,15.8,15.745023,15.952347
IJID Regions,234,10.0,2.0,0.0,0.0,234.0,10.0,4.3,0.9,37.08527934964533,36.84335497957311,37.32849150047153,15.8,15.745023,15.952347
Biological Psychiatry Global Open Science,163,7.0,8.0,0.0,0.0,163.0,7.0,4.3,4.9,25.832908264923887,25.664388297736824,26.002325275969483,15.8,15.745023,15.952347
European Radiology Experimental,188,8.0,21.0,188.0,8.0,0.0,0.0,4.3,11.2,8.0,,,4.3,,
National Science Review,575,25.0,19.0,354.0,22.0,221.0,3.0,4.3,3.3,35.73446327683616,31.148375773271148,42.398199024069356,6.2,5.417109,7.3736
Behavioral Sciences,1741,74.0,23.0,968.0,57.0,773.0,17.0,4.3,1.3,102.51756198347107,92.3454390719445,115.38542900367605,5.9,5.304161,6.627538
Journal of Sleep Research,115,5.0,9.0,59.0,4.0,56.0,1.0,4.3,7.8,12.87510958794931,12.817213157504675,12.93331420524105,11.2,11.145403,11.24636
World Journal of Surgical Oncology,480,20.0,3.0,480.0,20.0,0.0,0.0,4.2,0.6,20.0,,,4.2,,
Cancer Medicine,1318,56.0,38.0,483.0,34.0,835.0,22.0,4.2,2.9,92.77846790890268,76.42488047817028,114.79329972664375,7.0,5.798549,8.709659
Brazilian Journal of Medical and Biological Research,142,6.0,3.0,68.0,4.0,74.0,2.0,4.2,2.1,8.352941176470587,6.0,14.487198572366125,5.9,4.225352,10.202253
Revista Brasileira de Enfermagem,236,10.0,3.0,68.0,10.0,168.0,0.0,4.2,1.3,34.705882352941174,23.75706612969563,51.99599059509892,14.7,10.066553,22.032199
Molecules,7085,301.0,31.0,4084.0,216.0,3001.0,85.0,4.2,0.4,374.83753981867187,355.4558613417373,396.74275825712294,5.3,5.01702,5.599757
Veterinary and Animal Science,118,5.0,0.0,0.0,0.0,118.0,5.0,4.2,0.0,18.701123774607478,18.579127724741994,18.823769218186495,15.8,15.745023,15.952347
Innovation in Aging,118,5.0,0.0,73.0,4.0,45.0,1.0,4.2,0.0,6.465753424657534,5.0,9.966634498140166,5.5,4.237288,8.4463
Yonsei Medical Journal,119,5.0,1.0,119.0,5.0,0.0,0.0,4.2,0.8,5.0,,,4.2,,
Ciência & Saúde Coletiva,165,7.0,0.0,165.0,7.0,0.0,0.0,4.2,0.0,7.0,,,4.2,,
European Journal of Investigation in Health Psychology and Education,260,11.0,3.0,155.0,9.0,105.0,2.0,4.2,1.2,15.096774193548388,12.238730398415434,20.19935131317649,5.8,4.707204,7.768981
Health Economics Review,123,5.0,2.0,123.0,5.0,0.0,0.0,4.1,1.6,5.0,,,4.1,,
Journal of Patient-Reported Outcomes,197,8.0,9.0,197.0,8.0,0.0,0.0,4.1,4.6,8.0,,,4.1,,
Digestive Diseases and Sciences,145,6.0,5.0,145.0,6.0,0.0,0.0,4.1,3.4,6.0,,,4.1,,
Bioactive Materials,536,22.0,4.0,0.0,0.0,536.0,22.0,4.1,0.7,84.9474774846577,84.39332593611618,85.5045788215929,15.8,15.745023,15.952347
Diabetes Therapy,176,7.0,6.0,176.0,7.0,0.0,0.0,4.0,3.4,7.0,,,4.0,,
JAMIA Open,175,7.0,35.0,68.0,5.0,107.0,2.0,4.0,20.0,12.985074626865671,8.455626308638287,22.450891895354843,7.4,4.831786,12.829081
International Journal of Immunopathology and Pharmacology,100,4.0,3.0,17.0,1.0,83.0,3.0,4.0,3.0,14.154180282139157,14.068369501301573,14.240447839910841,14.2,14.06837,14.240448
Statistics in Medicine,154,6.0,53.0,80.0,5.0,74.0,1.0,3.9,34.4,8.363636363636363,6.152771400215961,14.274801851255939,5.4,3.995306,9.269352
CNS Neuroscience & Therapeutics,668,26.0,28.0,283.0,16.0,385.0,10.0,3.9,4.2,37.76678445229682,29.51215669931446,50.59458932357762,5.7,4.417988,7.57404
Research,337,13.0,7.0,44.0,4.0,293.0,9.0,3.9,2.1,50.435841236949074,50.132918841944104,50.74037610956478,15.0,14.876237,15.056491
Journal of Nanobiotechnology,1037,40.0,7.0,1037.0,40.0,0.0,0.0,3.9,0.7,40.0,,,3.9,,
Alzheimer s & Dementia Translational Research & Clinical Interventions,154,6.0,4.0,82.0,6.0,72.0,0.0,3.9,2.6,11.268292682926829,8.445430645062807,16.841777421888416,7.3,5.484046,10.936219
Saudi Pharmaceutical Journal,154,6.0,0.0,15.0,3.0,139.0,3.0,3.9,0.0,25.02928987008847,24.88558265880625,25.17376204515189,16.3,16.159469,16.346599
BJPsych Open,285,11.0,15.0,165.0,10.0,120.0,1.0,3.9,5.3,17.407407407407405,14.064577147626165,23.186775950752047,6.1,4.934939,8.135711
International Journal of Surgery,814,32.0,16.0,0.0,0.0,814.0,32.0,3.9,2.0,129.00605722483462,128.16449125372867,129.85210291189668,15.8,15.745023,15.952347
Journal of Gastrointestinal Oncology,259,10.0,5.0,1.0,0.0,258.0,10.0,3.9,1.9,40.88889774448075,40.622160618503685,41.15705473128912,15.8,15.684232,15.890755
The Indian Journal of Medical Research,133,5.0,0.0,0.0,0.0,133.0,5.0,3.8,0.0,21.078385271379613,20.940881249073605,21.21662123744749,15.8,15.745023,15.952347
Philosophical Transactions of the Royal Society B Biological Sciences,240,9.0,11.0,0.0,0.0,240.0,9.0,3.8,4.6,38.03618394835419,37.78805638930575,38.28563230817593,15.8,15.745023,15.952347
ACR Open Rheumatology,186,7.0,4.0,87.0,4.0,99.0,3.0,3.8,2.2,8.551724137931036,7.0,15.120865848217994,4.6,3.763441,8.129498
Journal of the European Academy of Dermatology and Venereology,104,4.0,0.0,72.0,3.0,32.0,1.0,3.8,0.0,8.071491193113893,8.0384075185741,8.104750974423457,7.8,7.729238,7.79303
Reproductive Health,266,10.0,1.0,266.0,10.0,0.0,0.0,3.8,0.4,10.0,,,3.8,,
Journal of Clinical Hypertension,238,9.0,5.0,78.0,4.0,160.0,5.0,3.8,2.1,12.205128205128204,9.0,23.93097064648435,5.1,3.781513,10.05503
Clinical Kidney Journal,452,17.0,9.0,283.0,16.0,169.0,1.0,3.8,2.0,25.554770318021202,21.931310343335436,31.1856768719081,5.7,4.85206,6.899486
European Heart Journal - Digital Health,105,4.0,7.0,64.0,3.0,41.0,1.0,3.8,6.7,4.921875,4.0,8.288942923302436,4.7,3.809524,7.894231
Public Health Nutrition,298,11.0,8.0,191.0,11.0,107.0,0.0,3.7,2.7,16.846994535519126,14.204561606058313,21.44898878100752,5.7,4.766631,7.197647
ACS Central Science,303,11.0,8.0,31.0,2.0,272.0,9.0,3.6,2.6,45.10767514146808,44.826463907879855,45.39038328259938,14.9,14.794213,14.980325
Movement Disorders Clinical Practice,112,4.0,5.0,55.0,4.0,57.0,0.0,3.6,4.5,13.03359368773412,12.974663392460116,13.092837673191783,11.6,11.584521,11.690034
Brain Sciences,1307,47.0,16.0,765.0,40.0,542.0,7.0,3.6,1.2,68.37696335078533,60.9656272390743,78.21604148009902,5.2,4.664547,5.984395
Frontiers in Neurorobotics,166,6.0,4.0,105.0,6.0,61.0,0.0,3.6,2.4,9.485714285714286,7.613405709613908,13.264979025634378,5.7,4.586389,7.990951
Food Science & Nutrition,1070,39.0,11.0,541.0,27.0,529.0,12.0,3.6,1.0,53.4011090573013,45.26271226862255,64.89710812688321,5.0,4.23016,6.06515
Cardio-Oncology,111,4.0,3.0,111.0,4.0,0.0,0.0,3.6,2.7,4.0,,,3.6,,
Frontiers in Ophthalmology,110,4.0,4.0,66.0,3.0,44.0,1.0,3.6,3.6,5.0,4.0,8.514747046692719,4.5,3.636364,7.740679
Journal of Advanced Veterinary and Animal Research,140,5.0,1.0,0.0,0.0,140.0,5.0,3.6,0.7,22.187773969873277,22.04303289376169,22.333285513102624,15.8,15.745023,15.952347
Studies in health technology and informatics,1144,41.0,39.0,1143.0,41.0,1.0,0.0,3.6,3.4,41.15848409978481,41.15745023495544,41.159523467950734,3.6,3.597679,3.59786
Preventing Chronic Disease,110,4.0,4.0,0.0,0.0,110.0,4.0,3.6,3.6,17.433250976329003,17.31952584509847,17.547581474580632,15.8,15.745023,15.952347
Life,1867,67.0,13.0,1079.0,50.0,788.0,17.0,3.6,0.7,86.58310120705664,77.88763344040649,97.81927939492479,4.6,4.171807,5.239383
Journal of Neurology,414,15.0,15.0,414.0,15.0,0.0,0.0,3.6,3.6,15.0,,,3.6,,
BMC Palliative Care,389,14.0,7.0,389.0,14.0,0.0,0.0,3.6,1.8,14.0,,,3.6,,
Obesity Science & Practice,113,4.0,2.0,51.0,2.0,62.0,2.0,3.5,1.8,4.431372549019608,4.0,10.194260371484466,3.9,3.539823,9.021469
BMC Medical Imaging,511,18.0,37.0,511.0,18.0,0.0,0.0,3.5,7.2,18.0,,,3.5,,
Organic Letters,285,10.0,0.0,24.0,10.0,261.0,0.0,3.5,0.0,51.36435004383518,51.09451132337001,51.63562513514132,18.0,17.927899,18.117763
BMC Medical Education,2148,75.0,20.0,2148.0,75.0,0.0,0.0,3.5,0.9,75.0,,,3.5,,
Methods and Protocols,145,5.0,1.0,86.0,4.0,59.0,1.0,3.4,0.7,6.7441860465116275,5.0757867172045845,10.700726612923106,4.7,3.500543,7.379811
Journal of Synchrotron Radiation,233,8.0,22.0,0.0,0.0,233.0,8.0,3.4,9.4,36.926795249860525,36.685904744617666,37.168968032520795,15.8,15.745023,15.952347
Molecular and Clinical Oncology,117,4.0,4.0,81.0,4.0,36.0,0.0,3.4,3.4,5.945945945945946,4.763872075368643,8.712603228325012,5.1,4.071686,7.446669
Medical Physics,206,7.0,20.0,89.0,6.0,117.0,1.0,3.4,9.7,14.666666666666666,9.414183472871049,26.53859791630214,7.1,4.569992,12.882815
British Journal of Haematology,145,5.0,2.0,79.0,4.0,66.0,1.0,3.4,1.4,14.459950585797403,14.391715507059082,14.52854888474838,10.0,9.925321,10.019689
Clinics,276,9.0,4.0,0.0,0.0,276.0,9.0,3.3,1.4,43.741611540607316,43.45626484770162,44.02847715440232,15.8,15.745023,15.952347
Journal of Orthopaedic Surgery and Research,1199,39.0,15.0,1199.0,39.0,0.0,0.0,3.3,1.3,39.0,,,3.3,,
Nutrients,4728,155.0,35.0,2752.0,127.0,1976.0,28.0,3.3,0.7,218.22210105416212,203.938064014548,235.00723432855818,4.6,4.313411,4.970542
Preventive Medicine Reports,457,15.0,8.0,0.0,0.0,457.0,15.0,3.3,1.8,72.42723360165778,71.95475737463637,72.902224853485,15.8,15.745023,15.952347
Thoracic Cancer,368,12.0,5.0,191.0,11.0,177.0,1.0,3.3,1.4,21.19371727748691,16.745214472484374,28.730076225190043,5.8,4.55033,7.807086
Infectious Disease Reports,120,4.0,0.0,74.0,4.0,46.0,0.0,3.3,0.0,6.486486486486487,4.976058762971044,10.021659680637514,5.4,4.146716,8.351383
Journal of Rehabilitation Medicine,156,5.0,3.0,154.0,5.0,2.0,0.0,3.2,1.9,5.065359477124183,5.02807565492195,5.148428537843235,3.2,3.223125,3.300275
EJNMMI Physics,157,5.0,6.0,157.0,5.0,0.0,0.0,3.2,3.8,5.0,,,3.2,,
JMIR Research Protocols,757,24.0,15.0,107.0,16.0,650.0,8.0,3.2,2.0,113.19626168224298,77.22187957295105,164.9613007492384,15.0,10.201041,21.791453
Quality of Life Research,188,6.0,15.0,188.0,6.0,0.0,0.0,3.2,8.0,6.0,,,3.2,,
Advanced Healthcare Materials,279,9.0,6.0,123.0,5.0,156.0,4.0,3.2,2.2,13.478260869565217,9.0,23.873958061823412,4.8,3.225806,8.556974
The Journal of Physical Chemistry Letters,463,15.0,9.0,74.0,9.0,389.0,6.0,3.2,1.9,69.36206896551724,41.61530595115828,113.77412769868259,15.0,8.988187,24.573246
International Journal of Colorectal Disease,247,8.0,6.0,247.0,8.0,0.0,0.0,3.2,2.4,8.0,,,3.2,,
BDJ Open,131,4.0,1.0,131.0,4.0,0.0,0.0,3.1,0.8,4.0,,,3.1,,
Light Science & Applications,490,15.0,8.0,490.0,15.0,0.0,0.0,3.1,1.6,15.0,,,3.1,,
International Journal of Nursing Studies Advances,131,4.0,3.0,0.0,0.0,131.0,4.0,3.1,2.3,20.761417071809994,20.625980779162724,20.897574301546026,15.8,15.745023,15.952347
Ophthalmology Science,287,9.0,15.0,82.0,3.0,205.0,6.0,3.1,5.2,10.5,9.0,23.936451033705698,3.7,3.135889,8.340227
Advanced Materials,447,14.0,10.0,219.0,8.0,228.0,6.0,3.1,2.2,24.682926829268293,15.743863709365552,42.33229516931331,5.5,3.522117,9.470312
JMIR Serious Games,130,4.0,5.0,10.0,1.0,120.0,3.0,3.1,3.8,20.018091974177096,19.894028194652876,20.142816154087964,15.4,15.303099,15.494474
NeuroImage Clinical,228,7.0,31.0,0.0,0.0,228.0,7.0,3.1,13.6,36.13437475093648,35.89865356984046,36.37135069276713,15.8,15.745023,15.952347
Annals of Medicine,675,21.0,13.0,205.0,16.0,470.0,5.0,3.1,1.9,52.68292682926829,38.84666467779381,73.81519579444927,7.8,5.755061,10.935585
Cancers,4121,126.0,51.0,2557.0,111.0,1564.0,15.0,3.1,1.2,178.30829420970264,167.03854640443151,191.7231432251143,4.3,4.05335,4.652345
EJNMMI Research,193,6.0,9.0,193.0,6.0,0.0,0.0,3.1,4.7,6.0,,,3.1,,
Alzheimer s & Dementia Diagnosis Assessment & Disease Monitoring,223,7.0,13.0,109.0,4.0,114.0,3.0,3.1,5.8,8.18348623853211,7.0,14.325955032968256,3.7,3.139013,6.424195
ACS Omega,5973,184.0,68.0,744.0,48.0,5229.0,136.0,3.1,1.1,385.35483870967744,304.24137918266115,489.8633082270792,6.5,5.093611,8.201294
Annals of Clinical and Translational Neurology,354,11.0,14.0,178.0,10.0,176.0,1.0,3.1,4.0,20.0,15.482683126575335,27.849635980905916,5.6,4.373639,7.867129
Medicine,4702,141.0,74.0,75.0,3.0,4627.0,138.0,3.0,1.6,188.08,141.0,517.2063121900854,4.0,2.998724,10.999709
Ophthalmology and Therapy,237,7.0,6.0,237.0,7.0,0.0,0.0,3.0,2.5,7.0,,,3.0,,
Scandinavian Journal of Primary Health Care,100,3.0,2.0,44.0,2.0,56.0,1.0,3.0,2.0,10.87510958794931,10.817213157504675,10.93331420524105,10.9,10.817213,10.933314
European Thyroid Journal,100,3.0,3.0,0.0,0.0,100.0,3.0,3.0,3.0,15.848409978480912,15.745023495544064,15.952346795073302,15.8,15.745023,15.952347
British Journal of Clinical Pharmacology,101,3.0,5.0,37.0,3.0,64.0,0.0,3.0,5.0,13.142982386227784,13.0768150371482,13.209501948846913,13.0,12.947342,13.078715
Israel Journal of Health Policy Research,100,3.0,0.0,100.0,3.0,0.0,0.0,3.0,0.0,3.0,,,3.0,,
Annals of Intensive Care,174,5.0,9.0,174.0,5.0,0.0,0.0,2.9,5.2,5.0,,,2.9,,
Small Science,276,8.0,6.0,117.0,8.0,159.0,0.0,2.9,2.2,18.871794871794872,13.573155205574949,28.53386754155849,6.8,4.91781,10.338358
ALPHA PSYCHIATRY,102,3.0,1.0,34.0,2.0,68.0,1.0,2.9,1.0,12.77691878536702,12.706615976969964,12.847595820649845,12.5,12.457467,12.595682
BMJ Open Diabetes Research & Care,139,4.0,1.0,0.0,0.0,139.0,4.0,2.9,0.7,22.02928987008847,21.88558265880625,22.17376204515189,15.8,15.745023,15.952347
Biomedicines,3002,86.0,30.0,1767.0,66.0,1235.0,20.0,2.9,1.0,112.1813031161473,102.43233801329391,124.41186736948316,3.7,3.412137,4.144299
Pain and Therapy,102,3.0,1.0,102.0,3.0,0.0,0.0,2.9,1.0,3.0,,,2.9,,
Blood,104,3.0,3.0,6.0,1.0,98.0,2.0,2.9,2.9,16.531441778911294,16.430123025633183,16.633299859171835,15.9,15.798195,15.993558
European Geriatric Medicine,102,3.0,3.0,102.0,3.0,0.0,0.0,2.9,2.9,3.0,,,2.9,,
Journal of Alzheimer s Disease Reports,174,5.0,2.0,1.0,0.0,173.0,5.0,2.9,1.1,27.417749262771977,27.23889064729123,27.597559955476815,15.8,15.654535,15.860667
JMIR Medical Informatics,272,8.0,26.0,38.0,6.0,234.0,2.0,2.9,9.6,43.08527934964533,42.84335497957311,43.32849150047153,15.8,15.751233,15.929592
Clinical and Translational Gastroenterology,140,4.0,4.0,1.0,0.0,139.0,4.0,2.9,2.9,22.02928987008847,21.88558265880625,22.17376204515189,15.7,15.632559,15.838401
Medical Education Online,139,4.0,2.0,60.0,4.0,79.0,0.0,2.9,1.4,9.266666666666666,6.072033657312637,16.5812081160765,6.7,4.36837,11.928927
Journal of Multidisciplinary Healthcare,651,19.0,7.0,256.0,15.0,395.0,4.0,2.9,1.1,38.14453125,29.151383476483467,52.293158121166805,5.9,4.477939,8.032743
European Journal of Trauma and Emergency Surgery,204,6.0,0.0,204.0,6.0,0.0,0.0,2.9,0.0,6.0,,,2.9,,
Journal of Clinical and Translational Hepatology,102,3.0,1.0,0.0,0.0,102.0,3.0,2.9,1.0,16.16537817805053,16.059923965454946,16.27139373097477,15.8,15.745023,15.952347
International Journal of Medical Sciences,411,12.0,13.0,0.0,0.0,411.0,12.0,2.9,3.2,65.13696501155655,64.7120465666861,65.56414532775128,15.8,15.745023,15.952347
MethodsX,758,22.0,52.0,1.0,0.0,757.0,22.0,2.9,6.9,119.97246353710051,119.18982786126857,120.7592652387049,15.8,15.724252,15.931301
Age and Ageing,181,5.0,4.0,88.0,5.0,93.0,0.0,2.8,2.2,10.28409090909091,7.279491987553158,16.73669239947843,5.7,4.021819,9.246791
Experimental Physiology,177,5.0,6.0,81.0,5.0,96.0,0.0,2.8,3.4,11.233766233766232,7.693056012422755,18.743946718844317,6.3,4.346359,10.5898
BMC Ophthalmology,799,22.0,2.0,799.0,22.0,0.0,0.0,2.8,0.3,22.0,,,2.8,,
Clinical Cardiology,176,5.0,1.0,85.0,3.0,91.0,2.0,2.8,0.6,6.211764705882353,5.0,11.981892037965434,3.5,2.840909,6.807893
Intensive Care Medicine Experimental,141,4.0,4.0,141.0,4.0,0.0,0.0,2.8,2.8,4.0,,,2.8,,
Foods,5262,148.0,24.0,3084.0,104.0,2178.0,44.0,2.8,0.5,177.51898734177215,164.84537822886844,192.72178424715625,3.4,3.132751,3.66252
Clinical Pharmacology & Therapeutics,107,3.0,7.0,42.0,2.0,65.0,1.0,2.8,6.5,12.301466486012593,12.234265272103642,12.369025416797646,11.5,11.433893,11.559837
Obesity Surgery,211,6.0,2.0,211.0,6.0,0.0,0.0,2.8,0.9,6.0,,,2.8,,
Drug Delivery and Translational Research,108,3.0,0.0,108.0,3.0,0.0,0.0,2.8,0.0,3.0,,,2.8,,
Archiv für Pathologische Anatomie und Physiologie und für Klinische Medicin,109,3.0,2.0,109.0,3.0,0.0,0.0,2.8,1.8,3.0,,,2.8,,
Technology in Cancer Research & Treatment,218,6.0,7.0,53.0,4.0,165.0,2.0,2.8,3.2,16.452830188679243,8.906947143818797,33.46689173474901,7.5,4.085756,15.351785
Pharmacy,213,6.0,0.0,120.0,6.0,93.0,0.0,2.8,0.0,10.65,8.149606585316103,15.7467901020652,5.0,3.826106,7.392859
European Journal of Sport Science,211,6.0,12.0,117.0,6.0,94.0,0.0,2.8,5.7,10.820512820512821,8.228933196082771,16.093896028290292,5.1,3.899968,7.627439
Annals of Hematology,328,9.0,4.0,328.0,9.0,0.0,0.0,2.7,1.2,9.0,,,2.7,,
Interactive Journal of Medical Research,110,3.0,4.0,15.0,2.0,95.0,1.0,2.7,3.6,17.055989479556867,16.95777232076686,17.15472945531964,15.5,15.416157,15.595209
Cancer,149,4.0,3.0,89.0,3.0,60.0,1.0,2.7,2.0,6.2727272727272725,4.123372558050005,11.911976582693956,4.2,2.767364,7.994615
The Journal of Prevention of Alzheimer s Disease,147,4.0,4.0,2.0,0.0,145.0,4.0,2.7,2.7,22.980194468797322,22.83028406853889,23.130902852856288,15.6,15.530805,15.735308
Epilepsia,147,4.0,5.0,56.0,3.0,91.0,1.0,2.7,3.4,17.42205308041763,17.327971380945097,17.516635583516702,11.9,11.787736,11.916079
Pharmaceuticals,1846,49.0,10.0,1096.0,41.0,750.0,8.0,2.7,0.5,69.15934065934066,61.84672013511523,78.90374161045094,3.7,3.35031,4.274309
Translational Andrology and Urology,296,8.0,4.0,0.0,0.0,296.0,8.0,2.7,1.4,46.9112935363035,46.605269546810426,47.218946513416974,15.8,15.745023,15.952347
BMC Emergency Medicine,294,8.0,5.0,294.0,8.0,0.0,0.0,2.7,1.7,8.0,,,2.7,,
Cancer Research and Treatment,110,3.0,2.0,59.0,2.0,51.0,1.0,2.7,1.8,10.082689089025266,10.029961982727473,10.135696865487384,9.2,9.118147,9.21427
Diabetes Obesity and Metabolism,185,5.0,7.0,63.0,4.0,122.0,1.0,2.7,3.8,23.33506017374671,23.208928664563757,23.46186308998943,12.6,12.545367,12.682088
Journal of Pain Research,523,14.0,8.0,250.0,11.0,273.0,3.0,2.7,1.5,23.012,17.754986862005858,32.036977890816374,4.4,3.394835,6.125617
Biomacromolecules,192,5.0,3.0,20.0,2.0,172.0,3.0,2.6,1.6,29.25926516298717,29.08144041233579,29.43803648752608,15.2,15.146584,15.332311
Pulmonary Circulation,193,5.0,6.0,95.0,3.0,98.0,2.0,2.6,3.1,6.094736842105263,5.0,11.699701887491536,3.2,2.590674,6.062022
Drug and Alcohol Dependence Reports,117,3.0,2.0,0.0,0.0,117.0,3.0,2.6,1.7,18.542639674822667,18.421677489786553,18.664245750235764,15.8,15.745023,15.952347
Antimicrobial Stewardship & Healthcare Epidemiology,304,8.0,4.0,121.0,6.0,183.0,2.0,2.6,1.3,15.074380165289256,10.194609170005796,25.026919551189696,5.0,3.35349,8.232539
European Journal of Nuclear Medicine and Molecular Imaging,232,6.0,13.0,232.0,6.0,0.0,0.0,2.6,5.6,6.0,,,2.6,,
Dermatology and Therapy,267,7.0,7.0,267.0,7.0,0.0,0.0,2.6,2.6,7.0,,,2.6,,
Frontiers in Sports and Active Living,721,19.0,6.0,457.0,19.0,264.0,0.0,2.6,0.8,29.97592997811816,26.068648383382858,35.90093769565166,4.2,3.615624,4.979326
Digital Health,972,25.0,23.0,162.0,11.0,810.0,14.0,2.6,2.4,66.0,42.050859639279494,106.16413105063185,6.8,4.32622,10.922236
Journal of Endocrinological Investigation,115,3.0,3.0,115.0,3.0,0.0,0.0,2.6,2.6,3.0,,,2.6,,
Discover Nano,232,6.0,0.0,232.0,6.0,0.0,0.0,2.6,0.0,6.0,,,2.6,,
Journal of International Medical Research,541,14.0,10.0,143.0,9.0,398.0,5.0,2.6,1.8,34.048951048951054,22.317521086578033,54.88202999431458,6.3,4.125235,10.144553
Clinics in Orthopedic Surgery,154,4.0,0.0,142.0,4.0,12.0,0.0,2.6,0.0,4.338028169014084,4.132090764703181,4.84224851846431,2.8,2.683176,3.144317
Psychiatry Investigation,202,5.0,2.0,102.0,4.0,100.0,1.0,2.5,1.0,7.921568627450981,5.535382309543889,13.652657175875834,3.9,2.740288,6.758741
Journal of Clinical Neurology,119,3.0,0.0,108.0,3.0,11.0,0.0,2.5,0.0,3.3055555555555554,3.10440284736359,3.8635518313963706,2.8,2.608742,3.246682
Journal of Atherosclerosis and Thrombosis,119,3.0,3.0,5.0,0.0,114.0,3.0,2.5,2.5,18.06718737546824,17.94932678492023,18.185675346383565,15.2,15.083468,15.28208
Diagnostic Pathology,204,5.0,6.0,204.0,5.0,0.0,0.0,2.5,2.9,5.0,,,2.5,,
Lara D. Veeken,200,5.0,4.0,144.0,5.0,56.0,0.0,2.5,2.0,6.944444444444445,5.835549250018631,9.407424310873566,3.5,2.917775,4.703712
IBRO Neuroscience Reports,160,4.0,3.0,0.0,0.0,160.0,4.0,2.5,1.9,25.35745596556946,25.192037592870502,25.523754872117284,15.8,15.745023,15.952347
Chinese Medical Journal,435,11.0,10.0,2.0,0.0,433.0,11.0,2.5,2.3,68.62361520682235,68.1759517357058,69.0736616226674,15.8,15.672633,15.879003
Acta Neurochirurgica,320,8.0,5.0,320.0,8.0,0.0,0.0,2.5,1.6,8.0,,,2.5,,
Development and Psychopathology,118,3.0,7.0,118.0,3.0,0.0,0.0,2.5,5.9,3.0,,,2.5,,
Arquivos de Neuro-Psiquiatria,121,3.0,0.0,83.0,3.0,38.0,0.0,2.5,0.0,3.7037037037037037,3.124503325983375,6.7132328362251386,3.1,2.582234,5.548126
Revista Latino-Americana de Enfermagem,118,3.0,1.0,24.0,3.0,94.0,0.0,2.5,0.8,17.897505379772056,17.80032208581142,17.995205987368905,15.2,15.085019,15.250175
JCO Precision Oncology,118,3.0,3.0,1.0,0.0,117.0,3.0,2.5,2.5,18.542639674822667,18.421677489786553,18.664245750235764,15.7,15.611591,15.817157
The Lancet Regional Health - Southeast Asia,170,4.0,14.0,0.0,0.0,170.0,4.0,2.4,8.2,26.94229696341755,26.76653994242491,27.118989551624615,15.8,15.745023,15.952347
Health Expectations,455,11.0,8.0,233.0,10.0,222.0,1.0,2.4,1.8,19.527896995708154,15.211809871527105,27.13576420329759,4.3,3.343255,5.963904
Toxics,1125,27.0,7.0,651.0,25.0,474.0,2.0,2.4,0.6,43.23076923076923,37.41182110290156,51.62044359240079,3.8,3.325495,4.588484
Clinical and Translational Science,368,9.0,10.0,188.0,6.0,180.0,3.0,2.4,2.7,11.74468085106383,9.0,18.21647626712106,3.2,2.445652,4.950129
BMC Anesthesiology,657,16.0,5.0,657.0,16.0,0.0,0.0,2.4,0.8,16.0,,,2.4,,
European Radiology,288,7.0,20.0,287.0,7.0,1.0,0.0,2.4,6.9,7.027888446215139,7.01357333131525,7.056437216413221,2.4,2.435269,2.450152
European Heart Journal Open,128,3.0,1.0,77.0,3.0,51.0,0.0,2.3,0.8,4.987012987012987,3.6802231224592785,8.528481306943405,3.9,2.875174,6.662876
Health Science Reports,1145,26.0,13.0,499.0,18.0,646.0,8.0,2.3,1.1,41.30260521042084,32.81729372836211,54.36716197299593,3.6,2.866139,4.748224
SSM - Population Health,215,5.0,6.0,0.0,0.0,215.0,5.0,2.3,2.8,34.07408145373396,33.85180051541974,34.2975456094076,15.8,15.745023,15.952347
APL Bioengineering,131,3.0,4.0,0.0,0.0,131.0,3.0,2.3,3.1,20.761417071809994,20.625980779162724,20.897574301546026,15.8,15.745023,15.952347
eJHaem,311,7.0,2.0,177.0,6.0,134.0,1.0,2.3,0.6,10.542372881355933,8.093955296459885,15.644352703469332,3.4,2.602558,5.030338
ACS Sustainable Chemistry & Engineering,177,4.0,4.0,18.0,2.0,159.0,2.0,2.3,2.3,27.19897186578465,27.03458735791506,27.36423140416655,15.4,15.273778,15.460018
JDS Communications,177,4.0,9.0,0.0,0.0,177.0,4.0,2.3,5.1,28.051685661911215,27.86869158711299,28.235653827279744,15.8,15.745023,15.952347
Infectious Disease Modelling,130,3.0,18.0,0.0,0.0,130.0,3.0,2.3,13.8,20.602932972025187,20.468530544207283,20.738050833595292,15.8,15.745023,15.952347
Clinical and Molecular Hepatology,176,4.0,1.0,87.0,4.0,89.0,0.0,2.3,0.6,8.13953488372093,5.6227969123933565,14.107875738138244,4.6,3.194771,8.015838
Acta Medica Philippina,173,4.0,1.0,48.0,4.0,125.0,0.0,2.3,0.6,23.81051247310114,23.68127936943008,23.940433493841628,13.8,13.688601,13.838401
Naunyn-Schmiedeberg s Archives of Pharmacology,176,4.0,0.0,176.0,4.0,0.0,0.0,2.3,0.0,4.0,,,2.3,,
Public Health in Practice,137,3.0,4.0,0.0,0.0,137.0,3.0,2.2,2.9,21.71232167051885,21.57068218889537,21.854715109250424,15.8,15.745023,15.952347
Epilepsia Open,225,5.0,3.0,116.0,5.0,109.0,0.0,2.2,1.3,9.73913043478261,7.039588941723759,15.655750064146238,4.3,3.128706,6.958111
JMIR Public Health and Surveillance,407,9.0,14.0,63.0,9.0,344.0,0.0,2.2,3.4,58.14285714285714,35.494403243434164,94.91329495648924,14.3,8.720984,23.32022
Langenbeck s Archives of Surgery,269,6.0,2.0,269.0,6.0,0.0,0.0,2.2,0.7,6.0,,,2.2,,
International Journal of Emergency Medicine,277,6.0,1.0,277.0,6.0,0.0,0.0,2.2,0.4,6.0,,,2.2,,
International journal of exercise science,137,3.0,1.0,0.0,0.0,137.0,3.0,2.2,0.7,21.71232167051885,21.57068218889537,21.854715109250424,15.8,15.745023,15.952347
ACS Photonics,136,3.0,4.0,13.0,1.0,123.0,2.0,2.2,2.9,20.493544273531523,20.366378899519198,20.621386557940163,15.1,14.975279,15.162784
Clinical Oral Investigations,369,8.0,5.0,369.0,8.0,0.0,0.0,2.2,1.4,8.0,,,2.2,,
BMC Nursing,1491,33.0,11.0,1491.0,33.0,0.0,0.0,2.2,0.7,33.0,,,2.2,,
Pharmacology Research & Perspectives,182,4.0,2.0,94.0,3.0,88.0,1.0,2.2,1.1,5.8085106382978715,4.0,10.891368462536292,3.2,2.197802,5.984268
PAIN Reports,139,3.0,5.0,0.0,0.0,139.0,3.0,2.2,3.6,22.02928987008847,21.88558265880625,22.17376204515189,15.8,15.745023,15.952347
Translational Lung Cancer Research,357,8.0,6.0,0.0,0.0,357.0,8.0,2.2,1.7,56.57882362317686,56.209733879092305,56.94987805841169,15.8,15.745023,15.952347
Supportive Care in Cancer,453,10.0,9.0,453.0,10.0,0.0,0.0,2.2,2.0,10.0,,,2.2,,
The Lancet Regional Health - Europe,371,8.0,21.0,0.0,0.0,371.0,8.0,2.2,5.7,58.79760102016419,58.414037168468475,59.18320660972195,15.8,15.745023,15.952347
Science Progress,377,8.0,2.0,69.0,2.0,308.0,6.0,2.1,0.5,10.927536231884059,8.0,32.69766226069849,2.9,2.122016,8.67312
Molecular Pharmaceutics,145,3.0,1.0,13.0,0.0,132.0,3.0,2.1,0.7,20.919901171594805,20.783431014118165,21.05709776949676,14.4,14.333401,14.522136
Environmental Monitoring and Assessment,237,5.0,24.0,237.0,5.0,0.0,0.0,2.1,10.1,5.0,,,2.1,,
The Journal of Physical Chemistry A,332,7.0,9.0,24.0,4.0,308.0,3.0,2.1,2.7,52.81310273372121,52.494672366275715,53.13322812882577,15.9,15.811648,16.003984
JMIR Mental Health,142,3.0,7.0,18.0,1.0,124.0,2.0,2.1,4.9,20.65202837331633,20.52382913447464,20.780910025890893,14.5,14.453401,14.634444
Graefe s Archive for Clinical and Experimental Ophthalmology,140,3.0,5.0,140.0,3.0,0.0,0.0,2.1,3.6,3.0,,,2.1,,
Breast Cancer Research and Treatment,234,5.0,6.0,234.0,5.0,0.0,0.0,2.1,2.6,5.0,,,2.1,,
Clinical Research in Cardiology,141,3.0,2.0,141.0,3.0,0.0,0.0,2.1,1.4,3.0,,,2.1,,
International Journal of General Medicine,777,16.0,16.0,363.0,12.0,414.0,4.0,2.1,2.1,25.68595041322314,19.869980679164446,35.55072624175183,3.3,2.557269,4.575383
Gastro Hep Advances,190,4.0,3.0,0.0,0.0,190.0,4.0,2.1,1.6,30.111978959113735,29.91554464153372,30.309458910639275,15.8,15.745023,15.952347
Neural Regeneration Research,480,10.0,7.0,1.0,0.0,479.0,10.0,2.1,1.5,75.91388379692357,75.41866254365607,76.41174114840112,15.8,15.712221,15.919113
ACS Nano,675,14.0,20.0,77.0,4.0,598.0,10.0,2.1,3.0,42.58064516129032,19.172751894971114,96.37744129595984,6.3,2.840408,14.278139
ANZ Journal of Surgery,100,2.0,0.0,61.0,2.0,39.0,0.0,2.0,0.0,8.180879891607557,8.140559163262186,8.221415250078588,8.2,8.140559,8.221415
Journal of Hepatocellular Carcinoma,247,5.0,11.0,103.0,4.0,144.0,1.0,2.0,4.5,9.592233009708737,6.189339070492096,17.770646553085236,3.9,2.505805,7.194594
Translational Vision Science & Technology,506,10.0,15.0,1.0,0.0,505.0,10.0,2.0,3.0,80.03447039132861,79.51236865249753,80.55935131512018,15.8,15.713907,15.92082
Membranes,357,7.0,4.0,204.0,7.0,153.0,0.0,2.0,1.1,12.275862068965516,9.57067257767779,17.62669584337484,3.4,2.680861,4.93745
Drug Design Development and Therapy,602,12.0,7.0,243.0,8.0,359.0,4.0,2.0,1.2,19.818930041152264,14.022008427391189,30.835098316366754,3.3,2.329237,5.122109
International Journal of Legal Medicine,153,3.0,10.0,153.0,3.0,0.0,0.0,2.0,6.5,3.0,,,2.0,,
Global Health Action,151,3.0,2.0,43.0,2.0,108.0,1.0,2.0,1.3,19.116282776759384,19.00462537518759,19.228534538679167,12.7,12.585845,12.734129
Hypertension Research,100,2.0,3.0,100.0,2.0,0.0,0.0,2.0,3.0,2.0,,,2.0,,
Materials Today Bio,795,16.0,5.0,0.0,0.0,795.0,16.0,2.0,0.6,125.99485932892325,125.1729367895753,126.82115702083276,15.8,15.745023,15.952347
EP Europace,303,6.0,4.0,201.0,5.0,102.0,1.0,2.0,1.3,7.537313432835822,6.0884393956975575,10.803926217537253,2.5,2.009386,3.565652
Journal of Ophthalmic Inflammation and Infection,101,2.0,0.0,101.0,2.0,0.0,0.0,2.0,0.0,2.0,,,2.0,,
Journal of Allergy and Clinical Immunology Global,249,5.0,4.0,2.0,0.0,247.0,5.0,2.0,1.6,39.14557264684785,38.89020803399384,39.40229658383106,15.7,15.618557,15.824215
Balkan Medical Journal,105,2.0,1.0,1.0,0.0,104.0,2.0,1.9,1.0,16.48234637762015,16.374824435365827,16.590440666876233,15.7,15.595071,15.80042
NMR in Biomedicine,103,2.0,16.0,58.0,2.0,45.0,0.0,1.9,15.5,9.13178449031641,9.085260572994828,9.178556057782986,8.9,8.820641,8.911219
Health Research Policy and Systems,209,4.0,3.0,209.0,4.0,0.0,0.0,1.9,1.4,4.0,,,1.9,,
Brazilian Oral Research,159,3.0,1.0,75.0,2.0,84.0,1.0,1.9,0.6,4.24,3.0,9.737798468359301,2.7,1.886792,6.124402
BioMedical Engineering OnLine,160,3.0,9.0,160.0,3.0,0.0,0.0,1.9,5.6,3.0,,,1.9,,
Revista da Sociedade Brasileira de Medicina Tropical,104,2.0,0.0,47.0,2.0,57.0,0.0,1.9,0.0,11.03359368773412,10.974663392460116,11.092837673191783,10.6,10.552561,10.66619
Journal of Religion and Health,104,2.0,0.0,104.0,2.0,0.0,0.0,1.9,0.0,2.0,,,1.9,,
Pharmaceutics,1713,32.0,10.0,1047.0,25.0,666.0,7.0,1.9,0.6,40.902578796561606,35.80579590514222,48.317810925801666,2.4,2.090239,2.820654
Macromolecular Rapid Communications,105,2.0,1.0,38.0,1.0,67.0,1.0,1.9,1.0,11.618434685582212,11.549165742014523,11.688072352699113,11.1,10.999205,11.131497
International Journal of Reproductive BioMedicine (IJRM),103,2.0,1.0,62.0,1.0,41.0,1.0,1.9,1.0,2.0,2.0,4.520638433029458,1.9,1.941748,4.388969
Human Vaccines & Immunotherapeutics,527,10.0,9.0,230.0,10.0,297.0,0.0,1.9,1.7,22.913043478260867,17.064156170104006,33.21683403865269,4.3,3.23798,6.303005
Journal of Imaging,432,8.0,24.0,254.0,8.0,178.0,0.0,1.9,5.6,13.606299212598426,10.85584528374498,18.841730282028735,3.1,2.512927,4.361512
Journal of Radiation Research,113,2.0,1.0,64.0,2.0,49.0,0.0,1.8,0.9,3.53125,2.421985927913313,7.241772002324182,3.1,2.14335,6.408648
Eye,227,4.0,4.0,227.0,4.0,0.0,0.0,1.8,1.8,4.0,,,1.8,,
EJNMMI Radiopharmacy and Chemistry,110,2.0,0.0,110.0,2.0,0.0,0.0,1.8,0.0,2.0,,,1.8,,
JMIR Formative Research,1045,19.0,28.0,89.0,12.0,956.0,7.0,1.8,2.7,140.8988764044944,87.37289019406593,223.31507726879553,13.5,8.361042,21.369864
The Journal of Physical Chemistry C,281,5.0,2.0,30.0,3.0,251.0,2.0,1.8,0.7,42.77950904598709,42.5200089738156,43.04039045563399,15.2,15.131676,15.316865
Translational Animal Science,217,4.0,3.0,139.0,4.0,78.0,0.0,1.8,1.4,6.244604316546763,4.877213460856329,9.589003663566807,2.9,2.247564,4.418896
Journal of Microbiology and Biology Education,110,2.0,2.0,0.0,0.0,110.0,2.0,1.8,1.8,17.433250976329003,17.31952584509847,17.547581474580632,15.8,15.745023,15.952347
Asian Spine Journal,114,2.0,1.0,31.0,2.0,83.0,0.0,1.8,0.9,15.154180282139157,15.068369501301573,15.240447839910841,13.3,13.217868,13.368814
Cancer Imaging,225,4.0,22.0,225.0,4.0,0.0,0.0,1.8,9.8,4.0,,,1.8,,
Diabetes Metabolic Syndrome and Obesity,507,9.0,2.0,192.0,8.0,315.0,1.0,1.8,0.4,21.125,14.697416845771425,33.21666065359541,4.2,2.898899,6.55161
International Journal of Environmental Research and Public Health,2018,36.0,10.0,1115.0,32.0,903.0,4.0,1.8,0.5,57.91569506726458,50.42258883450661,68.33133236399013,2.9,2.498642,3.386092
World Journal of Diabetes,272,5.0,1.0,0.0,0.0,272.0,5.0,1.8,0.4,43.10767514146808,42.826463907879855,43.39038328259938,15.8,15.745023,15.952347
The Journal of International Advanced Otology,109,2.0,0.0,23.0,2.0,86.0,0.0,1.8,0.0,15.629632581493585,15.540720206167896,15.71901824376304,14.3,14.257541,14.421118
Therapeutic Advances in Infectious Disease,109,2.0,1.0,27.0,1.0,82.0,1.0,1.8,0.9,13.995696182354347,13.910919266346133,14.080924371960108,12.8,12.762311,12.918279
Molecular Genetics and Metabolism Reports,164,3.0,0.0,1.0,0.0,163.0,3.0,1.8,0.0,25.832908264923887,25.664388297736824,26.002325275969483,15.8,15.649017,15.855076
The Egyptian Heart Journal,163,3.0,1.0,163.0,3.0,0.0,0.0,1.8,0.6,3.0,,,1.8,,
ACS Applied Materials & Interfaces,1231,22.0,11.0,142.0,11.0,1089.0,11.0,1.8,0.9,92.26865671641791,55.690253263697564,154.66727015448677,7.5,4.523985,12.56436
JGH Open,224,4.0,4.0,101.0,4.0,123.0,0.0,1.8,1.8,8.871287128712872,5.907348120857703,15.985198349245765,4.0,2.637209,7.136249
In Vivo,225,4.0,2.0,0.0,0.0,225.0,4.0,1.8,0.9,35.65892245158205,35.42630286497414,35.89278028891493,15.8,15.745023,15.952347
China CDC Weekly,272,5.0,1.0,0.0,0.0,272.0,5.0,1.8,0.4,43.10767514146808,42.826463907879855,43.39038328259938,15.8,15.745023,15.952347
Human Reproduction,111,2.0,3.0,54.0,1.0,57.0,1.0,1.8,2.7,2.0754716981132075,2.0,6.667591795655165,1.9,1.801802,6.006839
ESMO Open,357,6.0,13.0,0.0,0.0,357.0,6.0,1.7,3.6,56.57882362317686,56.209733879092305,56.94987805841169,15.8,15.745023,15.952347
Journal of Cardiothoracic Surgery,838,14.0,5.0,838.0,14.0,0.0,0.0,1.7,0.6,14.0,,,1.7,,
World Journal of Gastrointestinal Oncology,484,8.0,10.0,0.0,0.0,484.0,8.0,1.7,2.1,76.70630429584762,76.20591371843327,77.20935848815478,15.8,15.745023,15.952347
Tomography,176,3.0,1.0,100.0,2.0,76.0,1.0,1.7,0.6,3.52,3.0,7.3210003835915165,2.0,1.704545,4.159659
Frontiers in Pain Research,174,3.0,1.0,109.0,3.0,65.0,0.0,1.7,0.6,4.7889908256880735,3.6112395569311406,8.057804483564563,2.8,2.075425,4.630922
Dermatology Practical & Conceptual,175,3.0,0.0,78.0,2.0,97.0,1.0,1.7,0.0,4.487179487179487,3.0,10.609177588997008,2.6,1.714286,6.062387
International Journal of Computer Assisted Radiology and Surgery,174,3.0,34.0,174.0,3.0,0.0,0.0,1.7,19.5,3.0,,,1.7,,
International Ophthalmology,121,2.0,5.0,121.0,2.0,0.0,0.0,1.7,4.1,2.0,,,1.7,,
Endocrine,116,2.0,1.0,116.0,2.0,0.0,0.0,1.7,0.9,2.0,,,1.7,,
ecancermedicalscience,229,4.0,0.0,0.0,0.0,229.0,4.0,1.7,0.0,36.29285885072129,36.0561038047959,36.530874160717865,15.8,15.745023,15.952347
JMIR Cancer,115,2.0,4.0,10.0,1.0,105.0,1.0,1.7,3.5,17.640830477404958,17.532274670321268,17.749964134826968,15.3,15.245456,15.434751
Toxicology Reports,348,6.0,2.0,0.0,0.0,348.0,6.0,1.7,0.6,55.15246672511358,54.792681764493345,55.51416684685509,15.8,15.745023,15.952347
Journal of Thoracic Disease,891,15.0,15.0,0.0,0.0,891.0,15.0,1.7,1.7,141.20933290826494,140.2881593452976,142.13540994410312,15.8,15.745023,15.952347
Bioengineering,1500,25.0,21.0,877.0,22.0,623.0,3.0,1.7,1.4,37.646118721461185,32.3682702659199,45.507505555546146,2.5,2.157885,3.033834
ERJ Open Research,413,7.0,12.0,1.0,0.0,412.0,7.0,1.7,2.9,65.29544911134136,64.86949680164155,65.72366879570201,15.8,15.7069,15.913721
Journal of Functional Morphology and Kinesiology,353,6.0,1.0,200.0,6.0,153.0,0.0,1.7,0.3,10.59,8.114479252104493,15.77595331906842,3.0,2.298719,4.469109
Rheumatology and Therapy,116,2.0,13.0,116.0,2.0,0.0,0.0,1.7,11.2,2.0,,,1.7,,
BMJ Open,4923,80.0,100.0,76.0,4.0,4847.0,76.0,1.6,2.0,259.1052631578947,104.11524554159207,622.7610695623135,5.3,2.114874,12.650032
International Journal of Nanomedicine,871,14.0,2.0,357.0,9.0,514.0,5.0,1.6,0.2,21.95798319327731,15.845724591491395,33.26649306855667,2.5,1.819257,3.819345
Archives of Iranian Medicine,127,2.0,0.0,37.0,2.0,90.0,0.0,1.6,0.0,16.26356898063282,16.170521145989657,16.357112115565972,12.8,12.732694,12.879616
World Journal of Urology,248,4.0,3.0,248.0,4.0,0.0,0.0,1.6,1.2,4.0,,,1.6,,
Scientifica,124,2.0,0.0,27.0,0.0,97.0,2.0,1.6,0.0,15.372957679126484,15.272672790677742,15.473776391221103,12.4,12.316672,12.478852
Pediatric Reports,129,2.0,0.0,70.0,1.0,59.0,1.0,1.6,0.0,2.0,2.0,5.518438125316876,1.6,1.550388,4.277859
European Archives of Oto-Rhino-Laryngology,309,5.0,2.0,309.0,5.0,0.0,0.0,1.6,0.6,5.0,,,1.6,,
Journal of Arrhythmia,256,4.0,3.0,152.0,4.0,104.0,0.0,1.6,1.2,6.7368421052631575,5.069127234392435,10.833296765361158,2.6,1.980128,4.231757
Journal of Medical Internet Research,1416,23.0,60.0,125.0,14.0,1291.0,9.0,1.6,4.2,158.592,101.65601664660709,245.39858683549807,11.2,7.179097,17.330409
BMJ Neurology Open,126,2.0,1.0,0.0,0.0,126.0,2.0,1.6,0.8,19.96899657288595,19.83872960438552,20.099956961792362,15.8,15.745023,15.952347
Pediatric Nephrology,122,2.0,4.0,122.0,2.0,0.0,0.0,1.6,3.3,2.0,,,1.6,,
European Journal of Neurology,488,8.0,14.0,239.0,8.0,249.0,0.0,1.6,2.9,16.334728033472803,12.247126081977369,24.097651748509662,3.3,2.509657,4.938043
BMJ Public Health,449,7.0,11.0,1.0,1.0,448.0,6.0,1.6,2.4,72.00087670359449,71.5377052600374,72.4665136419284,16.0,15.932674,16.139535
Cancer Control,252,4.0,4.0,44.0,2.0,208.0,2.0,1.6,1.6,34.9646927552403,34.749648870731654,35.18088133375247,13.9,13.789543,13.960667
AJPM Focus,129,2.0,1.0,0.0,0.0,129.0,2.0,1.6,0.8,20.444448872240375,20.311080309251842,20.57852736564456,15.8,15.745023,15.952347
American Journal of Tropical Medicine and Hygiene,253,4.0,4.0,5.0,0.0,248.0,4.0,1.6,1.6,39.30405674663266,39.04765826894928,39.56182005178179,15.5,15.433857,15.637083
JMIR mhealth and uhealth,190,3.0,7.0,18.0,1.0,172.0,2.0,1.6,3.7,28.25926516298717,28.08144041233579,28.43803648752608,14.9,14.779705,14.967388
The Saudi Dental Journal,125,2.0,0.0,20.0,0.0,105.0,2.0,1.6,0.0,16.640830477404958,16.532274670321268,16.749964134826968,13.3,13.22582,13.399971
Radiation Oncology,258,4.0,7.0,258.0,4.0,0.0,0.0,1.6,2.7,4.0,,,1.6,,
Journal of Clinical and Translational Science,258,4.0,4.0,148.0,2.0,110.0,2.0,1.6,1.6,4.0,4.0,7.272258156988455,1.6,1.550388,2.818705
Audiology Research,130,2.0,0.0,77.0,2.0,53.0,0.0,1.5,0.0,3.452054794520548,2.3999168239833253,7.0086743557942945,2.7,1.84609,5.391288
IDCases,333,5.0,1.0,0.0,0.0,333.0,5.0,1.5,0.3,52.77520522834144,52.430928240161734,53.1213148275941,15.8,15.745023,15.952347
Journal of Diabetes Research,134,2.0,3.0,28.0,1.0,106.0,1.0,1.5,2.2,17.79931457718977,17.68972490527671,17.909487602777702,13.3,13.201287,13.365289
Neuropsychiatric Disease and Treatment,266,4.0,4.0,104.0,4.0,162.0,0.0,1.5,1.5,10.23076923076923,6.439164295220188,19.349325489797835,3.8,2.420738,7.274183
Iranian Journal of Public Health,275,4.0,2.0,0.0,0.0,275.0,4.0,1.5,0.7,43.58312744082251,43.29881461274618,43.86895368645158,15.8,15.745023,15.952347
Saudi Medical Journal,202,3.0,0.0,0.0,0.0,202.0,3.0,1.5,0.0,32.01378815653144,31.80494746099901,32.22374052604807,15.8,15.745023,15.952347
Acta Oncologica,202,3.0,4.0,198.0,3.0,4.0,0.0,1.5,2.0,3.061224489795918,3.020875141097835,3.1761128734096546,1.5,1.495483,1.572333
Healthcare,3137,47.0,21.0,1838.0,43.0,1299.0,4.0,1.5,0.7,73.40664126292869,65.63398256310492,83.76323662185916,2.3,2.092253,2.67017
Journal of Gynecologic Oncology,132,2.0,1.0,129.0,2.0,3.0,0.0,1.5,0.8,2.0504201680672267,2.0138632358403314,2.1776419220215004,1.6,1.525654,1.649729
Anais Brasileiros de Dermatologia,133,2.0,0.0,0.0,0.0,133.0,2.0,1.5,0.0,21.078385271379613,20.940881249073605,21.21662123744749,15.8,15.745023,15.952347
Archives of Endocrinology and Metabolism,137,2.0,0.0,0.0,0.0,137.0,2.0,1.5,0.0,21.71232167051885,21.57068218889537,21.854715109250424,15.8,15.745023,15.952347
Indian Journal of Otolaryngology and Head & Neck Surgery,202,3.0,0.0,202.0,3.0,0.0,0.0,1.5,0.0,3.0,,,1.5,,
IJC Heart & Vasculature,262,4.0,3.0,0.0,0.0,262.0,4.0,1.5,1.1,41.52283414361999,41.25196155832545,41.79514860309205,15.8,15.745023,15.952347
Vaccine X,135,2.0,2.0,0.0,0.0,135.0,2.0,1.5,1.5,21.39535347094923,21.255781718984487,21.53566817334896,15.8,15.745023,15.952347
British journal of surgery,131,2.0,0.0,67.0,2.0,64.0,0.0,1.5,0.0,3.91044776119403,2.52636943023705,8.557920026805139,3.0,1.928526,6.532763
Risk Management and Healthcare Policy,407,6.0,3.0,166.0,5.0,241.0,1.0,1.5,0.7,12.259036144578314,8.116779683534546,21.52402445396769,3.0,1.994295,5.288458
Journal of Ayub Medical College Abbottabad,131,2.0,1.0,131.0,2.0,0.0,0.0,1.5,0.8,2.0,,,1.5,,
Journal of Personalized Medicine,985,15.0,11.0,612.0,15.0,373.0,0.0,1.5,1.1,24.142156862745097,20.560836668089333,29.93618204581372,2.5,2.087395,3.039206
Journal of Ethnobiology and Ethnomedicine,134,2.0,1.0,134.0,2.0,0.0,0.0,1.5,0.7,2.0,,,1.5,,
Psychology Research and Behavior Management,392,6.0,2.0,147.0,3.0,245.0,3.0,1.5,0.5,8.0,6.0,17.278652372438607,2.0,1.530612,4.407819
Biosensors,735,10.0,2.0,461.0,9.0,274.0,1.0,1.4,0.3,14.467849223946786,11.886160476942468,19.27138359994056,2.0,1.617165,2.621957
CPT Pharmacometrics & Systems Pharmacology,209,3.0,22.0,105.0,3.0,104.0,0.0,1.4,10.5,6.0,4.0252324463411835,11.46578400742063,2.9,1.925949,5.486021
Contemporary Clinical Trials Communications,219,3.0,6.0,0.0,0.0,219.0,3.0,1.4,2.7,34.7080178528732,34.4816014552415,34.93563948121053,15.8,15.745023,15.952347
RöFo - Fortschritte auf dem Gebiet der Röntgenstrahlen und der bildgebenden Verfahren,144,2.0,1.0,142.0,2.0,2.0,0.0,1.4,0.7,2.3169681995696183,2.3149004699108815,2.319046935901466,1.6,1.60757,1.610449
Advanced Biomedical Research,144,2.0,0.0,0.0,0.0,144.0,2.0,1.4,0.0,22.821710369012514,22.672833833583454,22.971379384905553,15.8,15.745023,15.952347
Revista da Escola de Enfermagem da USP,139,2.0,0.0,57.0,2.0,82.0,0.0,1.4,0.0,4.87719298245614,2.793387830966973,11.775223119435383,3.5,2.009632,8.471384
Rheumatology International,142,2.0,53.0,142.0,2.0,0.0,0.0,1.4,37.3,2.0,,,1.4,,
Asia-Pacific Journal of Oncology Nursing,145,2.0,1.0,0.0,0.0,145.0,2.0,1.4,0.7,22.980194468797322,22.83028406853889,23.130902852856288,15.8,15.745023,15.952347
Kidney International Reports,434,6.0,6.0,2.0,1.0,432.0,5.0,1.4,1.4,69.46513110703754,69.01850150075036,69.91413815471667,16.0,15.902881,16.109248
Journal of Dental Sciences,346,5.0,2.0,0.0,0.0,346.0,5.0,1.4,0.6,54.835498525543954,54.47778129458246,55.19511991095363,15.8,15.745023,15.952347
Annals of Surgical Oncology,511,7.0,3.0,511.0,7.0,0.0,0.0,1.4,0.6,7.0,,,1.4,,
Acta Orthopaedica,146,2.0,2.0,36.0,2.0,110.0,0.0,1.4,1.4,19.433250976329003,19.31952584509847,19.547581474580632,13.3,13.232552,13.388754
American Heart Journal Plus Cardiology Research and Practice,147,2.0,1.0,0.0,0.0,147.0,2.0,1.4,0.7,23.29716266836694,23.145184538449772,23.449949788757753,15.8,15.745023,15.952347
The Anatolian Journal of Cardiology,150,2.0,0.0,0.0,0.0,150.0,2.0,1.3,0.0,23.772614967721367,23.617535243316095,23.928520192609952,15.8,15.745023,15.952347
Food Chemistry X,1384,18.0,5.0,0.0,0.0,1384.0,18.0,1.3,0.4,219.34199410217582,217.91112517832985,220.78047964381452,15.8,15.745023,15.952347
Frontiers in Surgery,753,10.0,2.0,474.0,9.0,279.0,1.0,1.3,0.3,14.297468354430379,11.795778621211365,18.95699635694039,1.9,1.566504,2.517529
Clinical Interventions in Aging,233,3.0,2.0,83.0,2.0,150.0,1.0,1.3,0.9,5.614457831325302,3.0,14.549706561511462,2.4,1.287554,6.244509
Insights into Imaging,379,5.0,31.0,379.0,5.0,0.0,0.0,1.3,8.2,5.0,,,1.3,,
BMJ Open Ophthalmology,158,2.0,1.0,0.0,0.0,158.0,2.0,1.3,0.6,25.040487765999842,24.87713712295962,25.20470793621582,15.8,15.745023,15.952347
Small,607,8.0,2.0,279.0,6.0,328.0,2.0,1.3,0.3,14.338983050847459,8.848141127956197,29.645640962889622,2.4,1.457684,4.883961
Clinical and Experimental Dental Research,229,3.0,2.0,91.0,2.0,138.0,1.0,1.3,0.9,5.032967032967033,3.0,12.575373086145698,2.2,1.310044,5.491429
Pediatric Pulmonology,153,2.0,1.0,79.0,2.0,74.0,0.0,1.3,0.7,4.387096774193548,2.6579476897836534,10.155301076953485,2.9,1.737221,6.637452
JTO Clinical and Research Reports,152,2.0,1.0,0.0,0.0,152.0,2.0,1.3,0.7,24.089583167290986,23.932435713226976,24.24756712851142,15.8,15.745023,15.952347
The Scientific World JOURNAL,159,2.0,0.0,25.0,1.0,134.0,1.0,1.3,0.0,22.236869371164424,22.098331484029046,22.376144705398225,14.0,13.898322,14.073047
BJS Open,224,3.0,3.0,113.0,3.0,111.0,0.0,1.3,1.3,5.946902654867257,4.006693360251631,11.342867070279961,2.7,1.788702,5.06378
Health Promotion International,162,2.0,3.0,69.0,1.0,93.0,1.0,1.2,1.9,2.3478260869565215,2.0,8.219875821603349,1.4,1.234568,5.073997
Annals of Surgery Open,171,2.0,3.0,0.0,0.0,171.0,2.0,1.2,1.8,27.10078106320236,26.92399017738035,27.278513019575346,15.8,15.745023,15.952347
Blood Advances,755,9.0,7.0,15.0,0.0,740.0,9.0,1.2,0.9,117.27823384075874,116.51317386702607,118.04736628354243,15.5,15.432208,15.635413
Journal of Ayurveda and Integrative Medicine,167,2.0,2.0,0.0,0.0,167.0,2.0,1.2,1.2,26.466844664063125,26.294189237558587,26.640419147772416,15.8,15.745023,15.952347
The Breast,168,2.0,6.0,0.0,0.0,168.0,2.0,1.2,3.6,26.625328763847932,26.451639472514028,26.799942615723147,15.8,15.745023,15.952347
Clinical and Applied Thrombosis/Hemostasis,161,2.0,0.0,36.0,0.0,125.0,2.0,1.2,0.0,19.81051247310114,19.68127936943008,19.940433493841628,12.3,12.224397,12.385362
Journal of Asthma and Allergy,169,2.0,2.0,67.0,2.0,102.0,0.0,1.2,1.2,5.044776119402985,2.8389012794402984,12.45168504272069,3.0,1.679823,7.367861
European Heart Journal,160,2.0,8.0,101.0,2.0,59.0,0.0,1.2,5.0,3.1683168316831685,2.321385289270579,6.091504250759333,2.0,1.450866,3.80719
Health Affairs Scholar,252,3.0,6.0,148.0,2.0,104.0,1.0,1.2,2.4,3.4054054054054053,3.0,6.984680439334539,1.4,1.190476,2.771699
Beilstein Journal of Nanotechnology,164,2.0,3.0,48.0,1.0,116.0,1.0,1.2,1.8,19.38415557503786,19.264227254831113,19.50472228228503,11.8,11.74648,11.893123
Biomaterials Research,173,2.0,2.0,25.0,1.0,148.0,1.0,1.2,1.2,24.45564676815175,24.302634773405213,24.609473256708487,14.1,14.047766,14.225129
Exploratory Research in Clinical and Social Pharmacy,173,2.0,6.0,0.0,0.0,173.0,2.0,1.2,3.5,27.417749262771977,27.23889064729123,27.597559955476815,15.8,15.745023,15.952347
Asian Pacific Journal of Cancer Prevention,564,7.0,1.0,0.0,0.0,564.0,7.0,1.2,0.2,89.38503227863235,88.80193251486853,89.97123592421343,15.8,15.745023,15.952347
Tobacco Induced Diseases,245,3.0,0.0,0.0,0.0,245.0,3.0,1.2,0.0,38.82860444727824,38.575307564082955,39.08324964792959,15.8,15.745023,15.952347
Journal of Cardiovascular Development and Disease,419,5.0,5.0,240.0,5.0,179.0,0.0,1.2,1.2,8.729166666666666,6.598588925569606,13.562295845527695,2.1,1.574842,3.236825
Diagnostics,3400,41.0,48.0,1962.0,34.0,1438.0,7.0,1.2,1.4,58.91946992864424,51.87032015124075,68.68133039883409,1.7,1.525598,2.020039
INQUIRY The Journal of Health Care Organization Provision and Financing,277,3.0,3.0,70.0,3.0,207.0,0.0,1.1,1.1,11.871428571428572,6.03902389418672,27.549912423552875,4.3,2.180153,9.945817
European Urology Open Science,187,2.0,3.0,1.0,0.0,186.0,2.0,1.1,1.6,29.478042559974497,29.285743701711958,29.671365038836342,15.8,15.660826,15.86704
Revista Panamericana de Salud Pública,183,2.0,3.0,0.0,0.0,183.0,2.0,1.1,1.6,29.00259026062007,28.813392996845636,29.192794634984143,15.8,15.745023,15.952347
Archives of Gynecology and Obstetrics,274,3.0,2.0,273.0,3.0,1.0,0.0,1.1,0.7,3.0121457489878543,3.0041390144921363,3.0350953070876976,1.1,1.096401,1.107699
Atención Primaria,184,2.0,0.0,0.0,0.0,184.0,2.0,1.1,0.0,29.16107436040488,28.970843231801076,29.352318102934877,15.8,15.745023,15.952347
JCEM Case Reports,350,4.0,0.0,175.0,1.0,175.0,3.0,1.1,0.0,4.0,4.0,6.633913317902942,1.1,1.142857,1.895404
Maternal and Child Nutrition,183,2.0,3.0,67.0,1.0,116.0,1.0,1.1,1.6,2.7846153846153845,2.0,10.52763612000469,1.5,1.092896,5.752807
Acta Obstetricia Et Gynecologica Scandinavica,261,3.0,4.0,143.0,3.0,118.0,0.0,1.1,1.5,5.51063829787234,3.856893856621918,10.16089108913952,2.1,1.477737,3.893062
Psychiatry and Clinical Neurosciences Reports,175,2.0,0.0,92.0,2.0,83.0,0.0,1.1,0.0,3.8043478260869565,2.4964990145266857,8.294422672924275,2.2,1.426571,4.73967
World Journal of Hepatology,177,2.0,2.0,0.0,0.0,177.0,2.0,1.1,1.1,28.051685661911215,27.86869158711299,28.235653827279744,15.8,15.745023,15.952347
Geriatrics,188,2.0,3.0,104.0,2.0,84.0,0.0,1.1,1.6,3.6153846153846154,2.4443264608207524,7.663654132938984,1.9,1.300174,4.076412
JAAD International,180,2.0,1.0,0.0,0.0,180.0,2.0,1.1,0.6,28.52713796126564,28.341042291979313,28.714224231131944,15.8,15.745023,15.952347
Journal of Cosmetic Dermatology,470,5.0,2.0,192.0,5.0,278.0,0.0,1.1,0.4,12.364238410596027,7.876872671409113,23.38333647135355,2.6,1.67593,4.975178
Diseases,361,4.0,3.0,186.0,3.0,175.0,1.0,1.1,0.8,5.82258064516129,4.0,11.109672236841716,1.6,1.108033,3.077472
International Wound Journal,590,6.0,3.0,434.0,6.0,156.0,0.0,1.0,0.5,8.161662817551964,6.993045549144463,10.664129957950102,1.4,1.185262,1.80748
ESC Heart Failure,495,5.0,9.0,248.0,2.0,247.0,3.0,1.0,1.8,5.0,5.0,7.71208904978489,1.0,1.010101,1.557998
Internal and Emergency Medicine,102,1.0,1.0,102.0,1.0,0.0,0.0,1.0,1.0,1.0,,,1.0,,
Bulletin of the World Health Organization,193,2.0,3.0,0.0,0.0,193.0,2.0,1.0,1.6,30.58743125846816,30.387895346400043,30.788029314491475,15.8,15.745023,15.952347
Entropy,1509,15.0,55.0,838.0,13.0,671.0,2.0,1.0,3.6,23.42174432497013,19.105321060565327,30.708573970318017,1.6,1.266092,2.035028
Journal of Medical Physics,101,1.0,3.0,0.0,0.0,101.0,1.0,1.0,3.0,16.00689407826572,15.902473730499505,16.111870263024034,15.8,15.745023,15.952347
Kidney Research and Clinical Practice,101,1.0,1.0,34.0,1.0,67.0,0.0,1.0,1.0,11.618434685582212,11.549165742014523,11.688072352699113,11.5,11.434818,11.572349
Advances in Dermatology and Allergology,104,1.0,1.0,41.0,0.0,63.0,1.0,1.0,1.0,9.984498286442975,9.91936480219276,10.049978480896181,9.6,9.537851,9.663441
Cancer Management and Research,198,2.0,3.0,88.0,1.0,110.0,1.0,1.0,1.5,2.25,2.0,7.775607307994385,1.1,1.010101,3.927074
Palliative Care and Social Practice,101,1.0,1.0,16.0,1.0,85.0,0.0,1.0,1.0,14.471148481708775,14.383269971212455,14.559494775812308,14.3,14.240861,14.415341
Reports of Practical Oncology & Radiotherapy,101,1.0,1.0,39.0,1.0,62.0,0.0,1.0,1.0,10.826014186658165,10.76191456723732,10.890455012945447,10.7,10.655361,10.782629
Nursing Reports,385,4.0,1.0,213.0,4.0,172.0,0.0,1.0,0.3,7.230046948356808,5.260146598123402,12.132678394866872,1.9,1.366272,3.151345
Head & Face Medicine,102,1.0,4.0,102.0,1.0,0.0,0.0,1.0,3.9,1.0,,,1.0,,
Journal of Nutritional Science,101,1.0,1.0,27.0,1.0,74.0,0.0,1.0,1.0,12.727823384075876,12.651317386702607,12.804736628354243,12.6,12.526057,12.677957
The Journal of Dermatology,105,1.0,1.0,58.0,1.0,47.0,0.0,1.0,1.0,1.8703703703703702,1.153990955821543,5.592682718488987,1.8,1.099039,5.326364
Microchimica Acta,103,1.0,0.0,103.0,1.0,0.0,0.0,1.0,0.0,1.0,,,1.0,,
Nano Letters,521,5.0,6.0,85.0,3.0,436.0,2.0,1.0,1.2,72.09906750617678,71.64830244057212,72.5522320265196,13.8,13.752073,13.925572
International Journal of Food Science,105,1.0,0.0,22.0,1.0,83.0,0.0,1.0,0.0,14.154180282139157,14.068369501301573,14.240447839910841,13.5,13.398447,13.562331
Revista Brasileira Ginecologia e Obstetrícia,105,1.0,0.0,0.0,0.0,105.0,1.0,1.0,0.0,16.640830477404958,16.532274670321268,16.749964134826968,15.8,15.745023,15.952347
Sports,419,4.0,3.0,247.0,3.0,172.0,1.0,1.0,0.7,5.089068825910932,4.0,9.036392819083948,1.2,0.954654,2.156657
British Journal of General Practice,105,1.0,3.0,0.0,0.0,105.0,1.0,1.0,2.9,16.640830477404958,16.532274670321268,16.749964134826968,15.8,15.745023,15.952347
Neurotrauma Reports,102,1.0,2.0,0.0,0.0,102.0,1.0,1.0,2.0,16.16537817805053,16.059923965454946,16.27139373097477,15.8,15.745023,15.952347
BMJ Open Gastroenterology,102,1.0,0.0,0.0,0.0,102.0,1.0,1.0,0.0,16.16537817805053,16.059923965454946,16.27139373097477,15.8,15.745023,15.952347
Journal of Korean Medical Science,313,3.0,8.0,305.0,3.0,8.0,0.0,1.0,2.6,3.078688524590164,3.0268049526217364,3.2281244351291365,1.0,0.96703,1.03135
Health Promotion Journal of Australia,112,1.0,2.0,58.0,1.0,54.0,0.0,0.9,1.8,2.08,1.191115076804729,6.667670694791955,1.9,1.063496,5.953277
Integrative Cancer Therapies,112,1.0,1.0,32.0,1.0,80.0,0.0,0.9,0.9,13.67872798278473,13.596018796435251,13.761877436058642,12.2,12.139302,12.287391
Strahlentherapie und Onkologie,113,1.0,1.0,112.0,1.0,1.0,0.0,0.9,0.9,1.0140845070422535,1.0024905391347783,1.0755623084793828,0.9,0.88716,0.951825
BMJ Open Respiratory Research,214,2.0,4.0,0.0,0.0,214.0,2.0,0.9,1.9,33.91559735394915,33.6943502804643,34.138022141456865,15.8,15.745023,15.952347
Clinical Endoscopy,106,1.0,0.0,66.0,1.0,40.0,0.0,0.9,0.0,1.6451612903225805,1.1141117476896159,4.434769202955568,1.6,1.051049,4.183745
Journal of Materials Science Materials in Medicine,116,1.0,1.0,116.0,1.0,0.0,0.0,0.9,0.9,1.0,,,0.9,,
NMC Case Report Journal,108,1.0,0.0,13.0,1.0,95.0,0.0,0.9,0.0,16.055989479556867,15.95777232076686,16.15472945531964,14.9,14.775715,14.958083
International Journal of Neonatal Screening,106,1.0,0.0,67.0,1.0,39.0,0.0,0.9,0.0,1.582089552238806,1.1029406465493945,4.113000269522518,1.5,1.04051,3.880189
Journal of Medical Case Reports,809,7.0,0.0,809.0,7.0,0.0,0.0,0.9,0.0,7.0,,,0.9,,
JMIR Pediatrics and Parenting,116,1.0,0.0,10.0,1.0,106.0,0.0,0.9,0.0,17.79931457718977,17.68972490527671,17.909487602777702,15.3,15.249763,15.439213
Open Heart,220,2.0,5.0,0.0,0.0,220.0,2.0,0.9,2.3,34.866501952658005,34.63905169019694,35.095162949161264,15.8,15.745023,15.952347
BMJ,222,2.0,12.0,0.0,0.0,222.0,2.0,0.9,5.4,35.18347015222763,34.953952160107825,35.41420988506273,15.8,15.745023,15.952347
World Neurosurgery X,112,1.0,0.0,0.0,0.0,112.0,1.0,0.9,0.0,17.75021917589862,17.63442631500935,17.8666284104821,15.8,15.745023,15.952347
Acute Medicine & Surgery,114,1.0,0.0,50.0,1.0,64.0,0.0,0.9,0.0,2.2800000000000002,1.2265067576944935,7.71723934197565,2.0,1.075883,6.769508
Advances in Medical Education and Practice,215,2.0,0.0,113.0,2.0,102.0,0.0,0.9,0.0,3.8053097345132745,2.4964472420354507,8.349087225140625,1.8,1.161138,3.883296
Japanese Journal of Radiology,117,1.0,2.0,117.0,1.0,0.0,0.0,0.9,1.7,1.0,,,0.9,,
Nursing Open,325,3.0,0.0,127.0,2.0,198.0,1.0,0.9,0.0,5.118110236220472,3.0,13.009343333643516,1.6,0.923077,4.002875
Annals of Medicine and Surgery,1087,10.0,4.0,0.0,0.0,1087.0,10.0,0.9,0.4,172.2722164660875,171.148405396564,173.4020096624468,15.8,15.745023,15.952347
Neurology Genetics,110,1.0,0.0,1.0,0.0,109.0,1.0,0.9,0.0,17.274766876544195,17.16207561014303,17.3880580066299,15.7,15.601887,15.807325
Updates in Surgery,110,1.0,0.0,110.0,1.0,0.0,0.0,0.9,0.0,1.0,,,0.9,,
Acta Crystallographica Section E Crystallographic Communications,347,3.0,1.0,0.0,0.0,347.0,3.0,0.9,0.3,54.99398262532877,54.635231529537904,55.354643378904356,15.8,15.745023,15.952347
Philosophical Transactions of the Royal Society A Mathematical Physical and Engineering Sciences,215,2.0,12.0,11.0,0.0,204.0,2.0,0.9,5.6,32.33075635610106,32.11984793090989,32.54278746194954,15.0,14.939464,15.13618
International Orthopaedics,110,1.0,2.0,110.0,1.0,0.0,0.0,0.9,1.8,1.0,,,0.9,,
Epilepsy & Behavior Reports,117,1.0,0.0,0.0,0.0,117.0,1.0,0.9,0.0,18.542639674822667,18.421677489786553,18.664245750235764,15.8,15.745023,15.952347
Clinical and Translational Radiation Oncology,218,2.0,3.0,0.0,0.0,218.0,2.0,0.9,1.4,34.54953375308839,34.32415122028606,34.7761160132598,15.8,15.745023,15.952347
Journal of Medical Education and Curricular Development,235,2.0,0.0,51.0,1.0,184.0,1.0,0.9,0.0,4.607843137254902,2.0,19.960846123084444,2.0,0.851064,8.493977
Research Involvement and Engagement,115,1.0,0.0,115.0,1.0,0.0,0.0,0.9,0.0,1.0,,,0.9,,
Environmental Epidemiology,109,1.0,4.0,3.0,1.0,106.0,0.0,0.9,3.7,17.79931457718977,17.68972490527671,17.909487602777702,16.3,16.229105,16.430723
BJGP Open,111,1.0,5.0,0.0,0.0,111.0,1.0,0.9,4.5,17.591735076113814,17.476976080053912,17.707104942531366,15.8,15.745023,15.952347
Physics and Imaging in Radiation Oncology,230,2.0,10.0,0.0,0.0,230.0,2.0,0.9,4.3,36.451342950506096,36.213554039751344,36.69039762866859,15.8,15.745023,15.952347
Annals of Gastroenterological Surgery,114,1.0,0.0,52.0,1.0,62.0,0.0,0.9,0.0,2.1923076923076925,1.2109686653620624,7.274862686175141,1.9,1.062253,6.381458
Joint Diseases and Related Surgery,111,1.0,2.0,55.0,1.0,56.0,0.0,0.9,1.8,2.018181818181818,1.180135065166156,6.379360257870607,1.8,1.063185,5.747171
Clinical ophthalmology,510,4.0,2.0,241.0,4.0,269.0,0.0,0.8,0.4,8.464730290456432,5.741179966770234,15.268824869009306,1.7,1.125722,2.993887
Practical Laboratory Medicine,124,1.0,0.0,0.0,0.0,124.0,1.0,0.8,0.0,19.65202837331633,19.52382913447464,19.780910025890893,15.8,15.745023,15.952347
Journal of Pharmaceutical Health Care and Sciences,121,1.0,2.0,121.0,1.0,0.0,0.0,0.8,1.7,1.0,,,0.8,,
Journal of Alzheimer s Disease,120,1.0,2.0,1.0,0.0,119.0,1.0,0.8,1.7,18.859607874392285,18.736577959697435,18.98329268613723,15.7,15.613815,15.819411
ACS Sensors,129,1.0,2.0,11.0,0.0,118.0,1.0,0.8,1.6,18.701123774607478,18.579127724741994,18.823769218186495,14.5,14.402425,14.592069
Neuropsychopharmacology Reports,122,1.0,0.0,56.0,1.0,66.0,0.0,0.8,0.0,2.178571428571429,1.2085025116546229,7.234266398267571,1.8,0.990576,5.929727
Macromolecules,118,1.0,3.0,18.0,1.0,100.0,0.0,0.8,2.5,16.848409978480912,16.745023495544064,16.952346795073304,14.3,14.190698,14.366396
BMJ Mental Health,121,1.0,6.0,0.0,0.0,121.0,1.0,0.8,5.0,19.176576073961904,19.051478429608316,19.302339622038694,15.8,15.745023,15.952347
South African Family Practice,127,1.0,0.0,0.0,0.0,127.0,1.0,0.8,0.0,20.12748067267076,19.99617983934096,20.259480429743093,15.8,15.745023,15.952347
Journal of Taibah University Medical Sciences,120,1.0,1.0,0.0,0.0,120.0,1.0,0.8,0.8,19.018091974177096,18.894028194652876,19.142816154087964,15.8,15.745023,15.952347
Actas Españolas de Psiquiatría,123,1.0,1.0,0.0,0.0,123.0,1.0,0.8,0.8,19.493544273531523,19.366378899519198,19.621386557940163,15.8,15.745023,15.952347
Journal of Oral and Maxillofacial Pathology,126,1.0,0.0,0.0,0.0,126.0,1.0,0.8,0.0,19.96899657288595,19.83872960438552,20.099956961792362,15.8,15.745023,15.952347
Science and Technology of Advanced Materials,122,1.0,0.0,58.0,1.0,64.0,0.0,0.8,0.0,2.103448275862069,1.1951974326106733,6.850286513470928,1.7,0.97967,5.614989
Journal of Human Kinetics,120,1.0,2.0,0.0,0.0,120.0,1.0,0.8,1.7,19.018091974177096,18.894028194652876,19.142816154087964,15.8,15.745023,15.952347
Sensors,10333,79.0,267.0,5891.0,71.0,4442.0,8.0,0.8,2.6,124.61815708942537,113.55976728473834,138.5057817439681,1.2,1.099001,1.340422
Children,1695,13.0,2.0,956.0,13.0,739.0,0.0,0.8,0.1,23.04916317991632,18.88529331912789,30.090312655857982,1.4,1.114177,1.77524
Acta Dermato Venereologica,375,3.0,3.0,373.0,3.0,2.0,0.0,0.8,0.8,3.016216216216216,3.0055223874095924,3.0471287889174934,0.8,0.801473,0.812568
Current Oncology,645,5.0,4.0,359.0,5.0,286.0,0.0,0.8,0.6,9.144927536231883,6.77486296023315,14.573260658050906,1.4,1.050366,2.25942
Kidney360,262,2.0,2.0,0.0,0.0,262.0,2.0,0.8,0.8,41.52283414361999,41.25196155832545,41.79514860309205,15.8,15.745023,15.952347
CVIR Endovascular,132,1.0,1.0,132.0,1.0,0.0,0.0,0.8,0.8,1.0,,,0.8,,
Indian Journal of Plastic Surgery,132,1.0,0.0,82.0,1.0,50.0,0.0,0.8,0.0,1.6097560975609757,1.1077968285482576,4.294749256333665,1.2,0.83924,3.253598
Laryngoscope Investigative Otolaryngology,256,2.0,2.0,142.0,1.0,114.0,1.0,0.8,0.8,2.0,2.0,5.424366561616562,0.8,0.78125,2.118893
American Journal of Men s Health,132,1.0,0.0,28.0,0.0,104.0,1.0,0.8,0.0,16.48234637762015,16.374824435365827,16.590440666876233,12.5,12.40517,12.568516
Neurophotonics,131,1.0,11.0,1.0,0.0,130.0,1.0,0.8,8.4,20.602932972025187,20.468530544207283,20.738050833595292,15.7,15.624832,15.830573
United European Gastroenterology Journal,131,1.0,1.0,70.0,1.0,61.0,0.0,0.8,0.8,1.9104477611940298,1.1610097292182837,5.869051703612143,1.5,0.886267,4.480192
Medicina,2321,18.0,13.0,1341.0,17.0,980.0,1.0,0.8,0.6,29.423564504101414,24.7712311155333,36.80433466113512,1.3,1.067265,1.58571
Perioperative Medicine,152,1.0,2.0,152.0,1.0,0.0,0.0,0.7,1.3,1.0,,,0.7,,
VideoGIE,150,1.0,0.0,0.0,0.0,150.0,1.0,0.7,0.0,23.772614967721367,23.617535243316095,23.928520192609952,15.8,15.745023,15.952347
Rheumatology Advances in Practice,151,1.0,4.0,89.0,0.0,62.0,1.0,0.7,2.6,1.0,1.0,2.565436183779685,0.7,0.662252,1.698964
BMC Surgery,576,4.0,4.0,576.0,4.0,0.0,0.0,0.7,0.7,4.0,,,0.7,,
SAGE Open Medicine,297,2.0,2.0,92.0,1.0,205.0,1.0,0.7,0.7,3.2282608695652173,2.0,13.10100421661999,1.1,0.673401,4.411113
Journal of Applied Clinical Medical Physics,442,3.0,24.0,232.0,3.0,210.0,0.0,0.7,5.4,5.751091703056769,3.937664840925027,10.938481002429425,1.3,0.890874,2.474769
African Journal of Primary Health Care & Family Medicine,152,1.0,0.0,0.0,0.0,152.0,1.0,0.7,0.0,24.089583167290986,23.932435713226976,24.24756712851142,15.8,15.745023,15.952347
World Journal of Psychiatry,291,2.0,3.0,0.0,0.0,291.0,2.0,0.7,1.0,46.11887303737946,45.81801837203322,46.42132917366331,15.8,15.745023,15.952347
Journal of Vascular Surgery Venous and Lymphatic Disorders,153,1.0,3.0,0.0,0.0,153.0,1.0,0.7,2.0,24.248067267075797,24.089885948182417,24.40709059646215,15.8,15.745023,15.952347
Journal of Primary Care & Community Health,286,2.0,2.0,63.0,2.0,223.0,0.0,0.7,0.7,9.079365079365079,3.9511037209862274,26.210400491959,3.2,1.381505,9.164476
Neurology International,146,1.0,3.0,79.0,1.0,67.0,0.0,0.7,2.1,1.8481012658227849,1.1499417274615369,5.574583148929068,1.3,0.787631,3.818208
International Journal of Public Health,274,2.0,2.0,0.0,0.0,274.0,2.0,0.7,0.7,43.4246433410377,43.14136437779074,43.70943021850085,15.8,15.745023,15.952347
Future Science OA,147,1.0,1.0,30.0,1.0,117.0,0.0,0.7,0.7,19.542639674822667,19.421677489786553,19.664245750235764,13.3,13.212026,13.377038
Polymers,4477,32.0,23.0,2631.0,29.0,1846.0,3.0,0.7,0.5,49.36287561810575,43.19812485081406,58.161716318514166,1.1,0.96489,1.299123
World Journal of Orthopedics,142,1.0,0.0,0.0,0.0,142.0,1.0,0.7,0.0,22.504742169442896,22.357933363672572,22.65233244900409,15.8,15.745023,15.952347
Einstein (São Paulo),138,1.0,0.0,0.0,0.0,138.0,1.0,0.7,0.0,21.870805770303658,21.72813242385081,22.01423857720116,15.8,15.745023,15.952347
Journal of Evaluation in Clinical Practice,144,1.0,4.0,56.0,0.0,88.0,1.0,0.7,2.8,13.946600781063204,13.855620676078775,14.038065179664507,9.7,9.621959,9.748656
Journal of Global Health,422,3.0,6.0,0.0,0.0,422.0,3.0,0.7,1.4,66.88029010918945,66.44399915119595,67.31890347520934,15.8,15.745023,15.952347
Cambridge Prisms Global Mental Health,144,1.0,0.0,59.0,1.0,85.0,0.0,0.7,0.0,2.4406779661016946,1.2548433189034294,8.64654684302752,1.7,0.871419,6.004546
IJTLD OPEN,135,1.0,1.0,0.0,0.0,135.0,1.0,0.7,0.7,21.39535347094923,21.255781718984487,21.53566817334896,15.8,15.745023,15.952347
Epidemiologia e Serviços de Saúde,135,1.0,2.0,34.0,1.0,101.0,0.0,0.7,1.5,17.00689407826572,16.902473730499505,17.111870263024034,12.6,12.520351,12.675459
Neurosurgical Review,137,1.0,3.0,137.0,1.0,0.0,0.0,0.7,2.2,1.0,,,0.7,,
Medical Science Monitor,447,3.0,1.0,0.0,0.0,447.0,3.0,0.7,0.2,70.84239260380969,70.38025502508196,71.30699017397767,15.8,15.745023,15.952347
Therapeutics and Clinical Risk Management,143,1.0,3.0,55.0,1.0,88.0,0.0,0.7,2.1,2.5999999999999996,1.2830693881182453,9.45328040522524,1.8,0.897251,6.610686
Langmuir,413,3.0,4.0,48.0,1.0,365.0,2.0,0.7,1.0,58.84669642145533,58.46933575873583,59.22606580201755,14.2,14.157224,14.340452
Journal of Robotic Surgery,142,1.0,0.0,142.0,1.0,0.0,0.0,0.7,0.0,1.0,,,0.7,,
PEC Innovation,138,1.0,0.0,0.0,0.0,138.0,1.0,0.7,0.0,21.870805770303658,21.72813242385081,22.01423857720116,15.8,15.745023,15.952347
Acta Paediatrica,139,1.0,1.0,39.0,1.0,100.0,0.0,0.7,0.7,16.848409978480912,16.745023495544064,16.952346795073304,12.1,12.046779,12.195933
Journal of Physical Therapy Science,172,1.0,0.0,21.0,0.0,151.0,1.0,0.6,0.0,23.931099067506178,23.774985478271535,24.088043660560686,13.9,13.822666,14.004677
World Journal of Clinical Cases,860,5.0,3.0,0.0,0.0,860.0,5.0,0.6,0.3,136.29632581493584,135.40720206167896,137.1901824376304,15.8,15.745023,15.952347
Case Reports in Ophthalmology,173,1.0,0.0,0.0,0.0,173.0,1.0,0.6,0.0,27.417749262771977,27.23889064729123,27.597559955476815,15.8,15.745023,15.952347
Journal of Pharmaceutical Policy and Practice,165,1.0,5.0,68.0,1.0,97.0,0.0,0.6,3.0,2.4264705882352944,1.2522598104280258,8.635025550699787,1.5,0.758945,5.233349
Journal of Investigative Medicine High Impact Case Reports,179,1.0,0.0,42.0,0.0,137.0,1.0,0.6,0.0,21.71232167051885,21.57068218889537,21.854715109250424,12.1,12.05066,12.209338
JACC Advances,519,3.0,3.0,1.0,0.0,518.0,3.0,0.6,0.6,82.09476368853113,81.55922170691825,82.6331563984797,15.8,15.714686,15.92161
CJC Open,180,1.0,4.0,0.0,0.0,180.0,1.0,0.6,2.2,28.52713796126564,28.341042291979313,28.714224231131944,15.8,15.745023,15.952347
Journal of Clinical Oncology,181,1.0,3.0,4.0,0.0,177.0,1.0,0.6,1.7,28.051685661911215,27.86869158711299,28.235653827279744,15.5,15.397067,15.599809
International Journal of Dentistry,167,1.0,0.0,29.0,0.0,138.0,1.0,0.6,0.0,21.870805770303658,21.72813242385081,22.01423857720116,13.1,13.010858,13.182179
ACS Applied Bio Materials,158,1.0,2.0,13.0,0.0,145.0,1.0,0.6,1.3,22.980194468797322,22.83028406853889,23.130902852856288,14.5,14.449547,14.639812
European Heart Journal - Imaging Methods and Practice,164,1.0,4.0,110.0,1.0,54.0,0.0,0.6,2.4,1.490909090909091,1.0867528332783374,3.6841709766470325,0.9,0.662654,2.246446
Biomedical Optics Express,508,3.0,13.0,1.0,0.0,507.0,3.0,0.6,2.6,80.35143859089823,79.82726912240841,80.87839825102164,15.8,15.714029,15.920945
World Journal of Clinical Oncology,163,1.0,2.0,0.0,0.0,163.0,1.0,0.6,1.2,25.832908264923887,25.664388297736824,26.002325275969483,15.8,15.745023,15.952347
World Journal of Gastroenterology,464,3.0,11.0,0.0,0.0,464.0,3.0,0.6,2.4,73.53662230015144,73.05690901932445,74.01888912914012,15.8,15.745023,15.952347
European Journal of Dentistry,158,1.0,0.0,119.0,1.0,39.0,0.0,0.6,0.0,1.402061855670103,1.0710625980833728,3.1881478864785535,0.9,0.677888,2.017815
European Journal of Case Reports in Internal Medicine,359,2.0,0.0,127.0,2.0,232.0,0.0,0.6,0.0,5.653543307086614,3.0043895454698966,14.89983663336008,1.6,0.836877,4.150372
Dentistry Journal,481,3.0,1.0,281.0,3.0,200.0,0.0,0.6,0.2,5.135231316725979,3.7274615075445556,9.18276508857062,1.1,0.77494,1.909099
The Oncologist,352,2.0,9.0,179.0,2.0,173.0,0.0,0.6,2.6,3.9438202247191008,2.533993401397239,8.926328109192198,1.1,0.719884,2.535889
Research and Practice in Thrombosis and Haemostasis,352,2.0,1.0,1.0,0.0,351.0,2.0,0.6,0.3,55.627919024468,55.26503246935967,55.99273725070729,15.8,15.700293,15.907028
Biomimetics,979,6.0,18.0,559.0,5.0,420.0,1.0,0.6,1.8,8.81125226860254,6.630456756352687,13.847257964389234,0.9,0.677268,1.414429
Journal of Clinical Medicine,8679,50.0,41.0,5131.0,46.0,3548.0,4.0,0.6,0.5,77.80822451763788,69.87182185000913,88.35144719883554,0.9,0.805068,1.017991
Patient Preference and Adherence,329,2.0,1.0,134.0,2.0,195.0,0.0,0.6,0.3,4.91044776119403,2.8000027899764377,12.293252076478973,1.5,0.851065,3.736551
BMJ Global Health,470,3.0,10.0,0.0,0.0,470.0,3.0,0.6,2.1,74.48752689886028,74.0016104290571,74.97602993684453,15.8,15.745023,15.952347
Gels,983,5.0,3.0,583.0,4.0,400.0,1.0,0.5,0.3,6.772963604852686,5.079616399761369,11.075171411579966,0.7,0.516746,1.126671
Journal of Surgical Case Reports,1181,6.0,0.0,610.0,6.0,571.0,0.0,0.5,0.0,11.61639344262295,8.578334942585897,18.157638637568986,1.0,0.726362,1.53748
TURKISH JOURNAL OF MEDICAL SCIENCES,209,1.0,0.0,0.0,0.0,209.0,1.0,0.5,0.0,33.12317685502511,32.907099105687095,33.3404048017032,15.8,15.745023,15.952347
International Journal of Sports Physical Therapy,206,1.0,1.0,0.0,0.0,206.0,1.0,0.5,0.5,32.64772455567068,32.43474840082077,32.861834397851005,15.8,15.745023,15.952347
Bioinformation,377,2.0,0.0,0.0,0.0,377.0,2.0,0.5,0.0,59.74850561887304,59.35873857820112,60.14034741742635,15.8,15.745023,15.952347
Surgical Case Reports,411,2.0,0.0,333.0,2.0,78.0,0.0,0.5,0.0,2.4698795180722892,2.1289766967864585,3.6922533116460885,0.6,0.517999,0.898358
Transplant International,197,1.0,1.0,0.0,0.0,197.0,1.0,0.5,0.5,31.2213676576074,31.017696286221806,31.426123186294404,15.8,15.745023,15.952347
Future Oncology,218,1.0,3.0,40.0,1.0,178.0,0.0,0.5,1.4,29.210169761696022,29.026141822068432,29.39517729523048,13.4,13.314744,13.484026
Global Spine Journal,201,1.0,2.0,79.0,1.0,122.0,0.0,0.5,1.0,2.5443037974683547,1.2730282201538434,9.329837972676811,1.3,0.633347,4.64171
Transplantation Direct,222,1.0,1.0,0.0,0.0,222.0,1.0,0.5,0.5,35.18347015222763,34.953952160107825,35.41420988506273,15.8,15.745023,15.952347
Critical Care Explorations,202,1.0,7.0,0.0,0.0,202.0,1.0,0.5,3.5,32.01378815653144,31.80494746099901,32.22374052604807,15.8,15.745023,15.952347
Journal of Functional Biomaterials,430,2.0,1.0,232.0,2.0,198.0,0.0,0.5,0.2,3.7142857142857144,2.470746676107599,8.140674809693895,0.9,0.574592,1.89318
Revista da Associação Médica Brasileira,417,2.0,0.0,199.0,1.0,218.0,1.0,0.5,0.0,2.0954773869346734,2.0,7.084650234277837,0.5,0.479616,1.698957
Arquivos Brasileiros de Cardiologia,200,1.0,2.0,0.0,0.0,200.0,1.0,0.5,1.0,31.696819956961825,31.49004699108813,31.904693590146604,15.8,15.745023,15.952347
Journal of Oral Biology and Craniofacial Research,204,1.0,2.0,0.0,0.0,204.0,1.0,0.5,1.0,32.33075635610106,32.11984793090989,32.54278746194954,15.8,15.745023,15.952347
OTO Open,191,1.0,2.0,84.0,1.0,107.0,0.0,0.5,1.0,2.2738095238095237,1.2251845924699025,7.890478145913731,1.2,0.641458,4.13114
Respirology Case Reports,399,2.0,1.0,204.0,2.0,195.0,0.0,0.5,0.3,3.911764705882353,2.5250692492120947,8.832033467472149,1.0,0.632849,2.213542
JMIR Aging,184,1.0,3.0,14.0,1.0,170.0,0.0,0.5,1.6,27.94229696341755,27.76653994242491,28.118989551624615,15.2,15.090511,15.28206
JAAOS Global Research and Reviews,218,1.0,0.0,0.0,0.0,218.0,1.0,0.5,0.0,34.54953375308839,34.32415122028606,34.7761160132598,15.8,15.745023,15.952347
Journal of Clinical and Experimental Dentistry,228,1.0,0.0,1.0,0.0,227.0,1.0,0.4,0.0,35.97589065115167,35.74120333488502,36.211827224816396,15.8,15.675966,15.88238
Clinical Case Reports,1787,8.0,5.0,698.0,7.0,1089.0,1.0,0.4,0.3,17.921203438395416,12.29922452398307,29.384375878158952,1.0,0.688261,1.644341
Translational Pediatrics,254,1.0,6.0,0.0,0.0,254.0,1.0,0.4,2.4,40.25496134534152,39.99235967868192,40.518960859486185,15.8,15.745023,15.952347
Clinics and Practice,234,1.0,1.0,128.0,1.0,106.0,0.0,0.4,0.4,1.828125,1.1463220144651618,5.5502957450280475,0.8,0.489881,2.371921
Therapeutic Advances in Medical Oncology,259,1.0,4.0,55.0,1.0,204.0,0.0,0.4,1.5,4.709090909090909,1.6562063088195684,20.59624093938578,1.8,0.639462,7.952217
Journal of Biomedical Optics,259,1.0,7.0,0.0,0.0,259.0,1.0,0.4,2.7,41.047381844265566,40.779610853459126,41.31657819923985,15.8,15.745023,15.952347
Indian Journal of Psychiatry,253,1.0,0.0,0.0,0.0,253.0,1.0,0.4,0.0,40.096477245556706,39.83490944372648,40.35943739153546,15.8,15.745023,15.952347
Archives of Orthopaedic and Trauma Surgery,240,1.0,0.0,240.0,1.0,0.0,0.0,0.4,0.0,1.0,,,0.4,,
Indian Journal of Community Medicine,248,1.0,0.0,0.0,0.0,248.0,1.0,0.4,0.0,39.30405674663266,39.04765826894928,39.56182005178179,15.8,15.745023,15.952347
DEN Open,225,1.0,0.0,128.0,0.0,97.0,1.0,0.4,0.0,1.0,1.0,2.847987184504011,0.4,0.444444,1.265772
BDJ,564,2.0,0.0,563.0,2.0,1.0,0.0,0.4,0.0,2.017857142857143,2.003159128964464,2.094458581791933,0.4,0.35517,0.371358
Nanophotonics,483,2.0,7.0,316.0,2.0,167.0,0.0,0.4,1.4,3.056962025316456,2.2901381741311404,5.804223534914838,0.6,0.474149,1.201703
Materials,8035,29.0,27.0,4606.0,26.0,3429.0,3.0,0.4,0.3,45.385518590998046,39.239385115675915,54.361187539268364,0.6,0.488356,0.676555
World Journal of Gastrointestinal Surgery,537,2.0,1.0,0.0,0.0,537.0,2.0,0.4,0.2,85.1059615844425,84.55077617107162,85.66410228954364,15.8,15.745023,15.952347
Cadernos de Saúde Pública,264,1.0,7.0,107.0,0.0,157.0,1.0,0.4,2.7,1.0,1.0,5.541366536324346,0.4,0.378788,2.099002
Case Reports in Oncology,267,1.0,0.0,0.0,0.0,267.0,1.0,0.4,0.0,42.31525464254403,42.03921273310265,42.592765942845716,15.8,15.745023,15.952347
Oxford Medical Case Reports,275,1.0,0.0,116.0,1.0,159.0,0.0,0.4,0.0,2.3706896551724137,1.2422124217866943,8.508138040823951,0.9,0.451714,3.093868
Journal of Experimental Orthopaedics,323,1.0,4.0,123.0,1.0,200.0,0.0,0.3,1.2,2.6260162601626016,1.2873133146380047,9.923544952681233,0.8,0.398549,3.072305
Pakistan Journal of Medical Sciences,616,2.0,1.0,221.0,1.0,395.0,1.0,0.3,0.2,2.7873303167420813,2.0,10.946801962244953,0.5,0.324675,1.777078
Journal of Conservative Dentistry and Endodontics,289,1.0,0.0,0.0,0.0,289.0,1.0,0.3,0.0,45.801904837809836,45.50311790212234,46.10228223776184,15.8,15.745023,15.952347
BMJ Paediatrics Open,356,1.0,2.0,0.0,0.0,356.0,1.0,0.3,0.6,56.420339523392045,56.052283644136864,56.79035459046096,15.8,15.745023,15.952347
Micromachines,1765,5.0,12.0,1060.0,5.0,705.0,0.0,0.3,0.7,8.328611898016998,6.42291608830911,12.758440757339383,0.5,0.363905,0.722858
Nanomaterials,2402,8.0,5.0,1453.0,7.0,949.0,1.0,0.3,0.2,11.571920165175499,9.216450079396227,16.40573204390393,0.5,0.383699,0.683003
SAGE Open Nursing,291,1.0,1.0,56.0,0.0,235.0,1.0,0.3,0.3,1.0,1.0,15.08609395470709,0.3,0.343643,5.184225
American Journal of Ophthalmology Case Reports,358,1.0,0.0,0.0,0.0,358.0,1.0,0.3,0.0,56.73730772296167,56.367184114047745,57.10940152636242,15.8,15.745023,15.952347
Journal of the American College of Emergency Physicians Open,289,1.0,1.0,102.0,0.0,187.0,1.0,0.3,0.3,1.0,1.0,6.787304802648485,0.3,0.346021,2.348548
Microsystems & Nanoengineering,302,1.0,5.0,302.0,1.0,0.0,0.0,0.3,1.7,1.0,,,0.3,,
Orthopaedic Surgery,387,1.0,2.0,184.0,1.0,203.0,0.0,0.3,0.5,2.1153846153846154,1.1970215509289963,7.183922220540901,0.5,0.309308,1.856311
RMD Open,348,1.0,6.0,0.0,0.0,348.0,1.0,0.3,1.7,55.15246672511358,54.792681764493345,55.51416684685509,15.8,15.745023,15.952347
Nano-Micro Letters,359,1.0,4.0,359.0,1.0,0.0,0.0,0.3,1.1,1.0,,,0.3,,
Journal of Education and Health Promotion,610,2.0,0.0,0.0,0.0,610.0,2.0,0.3,0.0,96.67530086873357,96.04464332281879,97.30931544994715,15.8,15.745023,15.952347
International Journal of Surgery Case Reports,2131,6.0,0.0,74.0,5.0,2057.0,1.0,0.3,0.0,143.98648648648648,65.07191946339212,310.6987121783007,6.8,3.053586,14.579949
Surgical Endoscopy,308,1.0,8.0,307.0,1.0,1.0,0.0,0.3,2.6,1.0034602076124568,1.0006110572477793,1.019336928284331,0.3,0.324874,0.330954
Interdisciplinary CardioVascular and Thoracic Surgery,311,1.0,3.0,213.0,1.0,98.0,0.0,0.3,1.0,1.460093896713615,1.081262946334526,3.55880611790407,0.5,0.347673,1.144311
Cureus,28751,46.0,71.0,18859.0,34.0,9892.0,12.0,0.2,0.2,51.85749177020283,46.78231841053855,58.942656790442,0.2,0.162715,0.205011
Pan African Medical Journal,560,1.0,0.0,0.0,0.0,560.0,1.0,0.2,0.0,88.7510958794931,88.17213157504676,89.3331420524105,15.8,15.745023,15.952347
Plastic & Reconstructive Surgery Global Open,1245,2.0,8.0,0.0,0.0,1245.0,2.0,0.2,0.6,197.31270423208736,196.02554251952358,198.6067175986626,15.8,15.745023,15.952347
Internal Medicine,532,1.0,0.0,46.0,1.0,486.0,0.0,0.2,0.0,78.02327249541723,77.52081418834415,78.52840542405625,14.7,14.571582,14.760978
JAMA Network Open,2805,6.0,24.0,91.0,0.0,2714.0,6.0,0.2,0.9,6.0,6.0,109.93174303259329,0.2,0.213904,3.919135
SAGE Open Medical Case Reports,569,1.0,0.0,139.0,1.0,430.0,0.0,0.2,0.0,4.093525179856115,1.5465553661271119,18.0385738959366,0.7,0.271802,3.170224
Urology Case Reports,423,1.0,0.0,0.0,0.0,423.0,1.0,0.2,0.0,67.03877420897426,66.60144938615139,67.47842694316007,15.8,15.745023,15.952347
Canadian Medical Association Journal,465,1.0,2.0,0.0,0.0,465.0,1.0,0.2,0.4,73.69510639993624,73.2143592542799,74.17841259709085,15.8,15.745023,15.952347
Ultrasonics Sonochemistry,599,1.0,1.0,0.0,0.0,599.0,1.0,0.2,0.2,94.93197577110067,94.31269073830894,95.55455730248909,15.8,15.745023,15.952347
Orthopaedic Journal of Sports Medicine,683,1.0,5.0,154.0,0.0,529.0,1.0,0.1,0.7,1.0,1.0,12.874973391045197,0.1,0.146413,1.885062
Radiology Case Reports,1875,2.0,0.0,74.0,1.0,1801.0,1.0,0.1,0.0,25.33783783783784,5.303312776765728,131.8522030399698,1.4,0.282843,7.032117
Journal of Pharmacy And Bioallied Sciences,1452,2.0,1.0,0.0,0.0,1452.0,2.0,0.1,0.1,230.11891288754285,228.6177411552998,231.62807546446436,15.8,15.745023,15.952347
Quantitative Imaging in Medicine and Surgery,988,1.0,27.0,0.0,0.0,988.0,1.0,0.1,2.7,156.5822905873914,155.56083213597535,157.60918633532424,15.8,15.745023,15.952347
Arthroscopy Sports Medicine and Rehabilitation,180,0.0,2.0,0.0,0.0,180.0,0.0,0.0,1.1,28.52713796126564,28.341042291979313,28.714224231131944,15.8,15.745023,15.952347
Indian Dermatology Online Journal,252,0.0,0.0,0.0,0.0,252.0,0.0,0.0,0.0,39.9379931457719,39.67745920877104,40.199913923584724,15.8,15.745023,15.952347
Kidney Medicine,180,0.0,2.0,0.0,0.0,180.0,0.0,0.0,1.1,28.52713796126564,28.341042291979313,28.714224231131944,15.8,15.745023,15.952347
Annals of African Medicine,180,0.0,0.0,0.0,0.0,180.0,0.0,0.0,0.0,28.52713796126564,28.341042291979313,28.714224231131944,15.8,15.745023,15.952347
Acta Cirúrgica Brasileira,107,0.0,0.0,42.0,0.0,65.0,0.0,0.0,0.0,10.301466486012593,10.234265272103642,10.369025416797646,9.6,9.564734,9.690678
JSES International,253,0.0,0.0,0.0,0.0,253.0,0.0,0.0,0.0,40.096477245556706,39.83490944372648,40.35943739153546,15.8,15.745023,15.952347
Turkish Journal of Trauma and Emergency Surgery,169,0.0,0.0,0.0,0.0,169.0,0.0,0.0,0.0,26.783812863632743,26.60908970746947,26.95946608367388,15.8,15.745023,15.952347
Saudi Journal of Anaesthesia,171,0.0,0.0,0.0,0.0,171.0,0.0,0.0,0.0,27.10078106320236,26.92399017738035,27.278513019575346,15.8,15.745023,15.952347
Journal of Medicine and Life,171,0.0,1.0,0.0,0.0,171.0,0.0,0.0,0.6,27.10078106320236,26.92399017738035,27.278513019575346,15.8,15.745023,15.952347
Endocrinology Diabetes and Metabolism Case Reports,106,0.0,0.0,0.0,0.0,106.0,0.0,0.0,0.0,16.79931457718977,16.68972490527671,16.909487602777702,15.8,15.745023,15.952347
Endoscopy International Open,261,0.0,2.0,160.0,0.0,101.0,0.0,0.0,0.8,0.0,0.0,2.3681507016533034,0.0,0.0,0.907337
Journal of the Pediatric Orthopaedic Society of North America,106,0.0,0.0,0.0,0.0,106.0,0.0,0.0,0.0,16.79931457718977,16.68972490527671,16.909487602777702,15.8,15.745023,15.952347
Health Services Insights,106,0.0,0.0,23.0,0.0,83.0,0.0,0.0,0.0,13.154180282139157,13.068369501301573,13.240447839910841,12.4,12.32865,12.490989
Chinese Journal of Chromatography,172,0.0,0.0,52.0,0.0,120.0,0.0,0.0,0.0,0.0,0.0,8.405881666472167,0.0,0.0,4.887141
International Archives of Otorhinolaryngology,107,0.0,0.0,80.0,0.0,27.0,0.0,0.0,0.0,0.0,0.0,1.2371328791435277,0.0,0.0,1.156199
AJOG Global Reports,169,0.0,0.0,0.0,0.0,169.0,0.0,0.0,0.0,26.783812863632743,26.60908970746947,26.95946608367388,15.8,15.745023,15.952347
Global Pediatric Health,104,0.0,0.0,26.0,0.0,78.0,0.0,0.0,0.0,12.361759783215112,12.28111832652437,12.442830500157175,11.9,11.808768,11.96426
Therapeutic Advances in Gastroenterology,174,0.0,1.0,33.0,0.0,141.0,0.0,0.0,0.6,22.346258069658088,22.20048312871713,22.492808981053358,12.8,12.758898,12.926902
International Medical Case Reports Journal,256,0.0,0.0,98.0,0.0,158.0,0.0,0.0,0.0,0.0,0.0,5.959969207082371,0.0,0.0,2.328113
JMA Journal,176,0.0,0.0,0.0,0.0,176.0,0.0,0.0,0.0,27.893201562126407,27.71124135215755,28.076130359329014,15.8,15.745023,15.952347
JSES Reviews Reports and Techniques,108,0.0,0.0,0.0,0.0,108.0,0.0,0.0,0.0,17.116282776759384,17.00462537518759,17.228534538679167,15.8,15.745023,15.952347
Advances in Radiation Oncology,262,0.0,2.0,0.0,0.0,262.0,0.0,0.0,0.8,41.52283414361999,41.25196155832545,41.79514860309205,15.8,15.745023,15.952347
International Journal of Qualitative Studies on Health and Well-Being,177,0.0,1.0,75.0,0.0,102.0,0.0,0.0,0.6,0.0,0.0,4.970005682279405,0.0,0.0,2.807913
Knee Surgery Sports Traumatology Arthroscopy,120,0.0,1.0,60.0,0.0,60.0,0.0,0.0,0.8,9.509045987088548,9.447014097326438,9.571408077043982,7.9,7.872512,7.976173
AME Case Reports,180,0.0,0.0,0.0,0.0,180.0,0.0,0.0,0.0,28.52713796126564,28.341042291979313,28.714224231131944,15.8,15.745023,15.952347
Noise and Health,101,0.0,0.0,0.0,0.0,101.0,0.0,0.0,0.0,16.00689407826572,15.902473730499505,16.111870263024034,15.8,15.745023,15.952347
Indian Journal of Endocrinology and Metabolism,102,0.0,0.0,0.0,0.0,102.0,0.0,0.0,0.0,16.16537817805053,16.059923965454946,16.27139373097477,15.8,15.745023,15.952347
Women s Health,222,0.0,3.0,44.0,0.0,178.0,0.0,0.0,1.4,28.210169761696022,28.026141822068432,28.39517729523048,12.7,12.624388,12.79062
Annals of Indian Academy of Neurology,220,0.0,0.0,0.0,0.0,220.0,0.0,0.0,0.0,34.866501952658005,34.63905169019694,35.095162949161264,15.8,15.745023,15.952347
JHLT Open,199,0.0,0.0,0.0,0.0,199.0,0.0,0.0,0.0,31.538335857177017,31.332596756132688,31.745170122195873,15.8,15.745023,15.952347
JPRAS Open,219,0.0,1.0,0.0,0.0,219.0,0.0,0.0,0.5,34.7080178528732,34.4816014552415,34.93563948121053,15.8,15.745023,15.952347
Journal of Indian Association of Pediatric Surgeons,199,0.0,1.0,0.0,0.0,199.0,0.0,0.0,0.5,31.538335857177017,31.332596756132688,31.745170122195873,15.8,15.745023,15.952347
Cardiovascular Diagnosis and Therapy,101,0.0,1.0,0.0,0.0,101.0,0.0,0.0,1.0,16.00689407826572,15.902473730499505,16.111870263024034,15.8,15.745023,15.952347
The Kaohsiung Journal of Medical Sciences,101,0.0,1.0,45.0,0.0,56.0,0.0,0.0,1.0,8.87510958794931,8.817213157504675,8.93331420524105,8.8,8.729914,8.844866
Journal of Nursing Management,218,0.0,2.0,59.0,0.0,159.0,0.0,0.0,0.9,0.0,0.0,9.719905285670638,0.0,0.0,4.458672
Indian Journal of Critical Care Medicine,248,0.0,0.0,1.0,0.0,247.0,0.0,0.0,0.0,39.14557264684785,38.89020803399384,39.40229658383106,15.8,15.681535,15.888023
Accounts of Chemical Research,101,0.0,0.0,16.0,0.0,85.0,0.0,0.0,0.0,13.471148481708775,13.383269971212455,13.559494775812308,13.3,13.250762,13.425242
Bone & Joint Open,216,0.0,0.0,1.0,0.0,215.0,0.0,0.0,0.0,34.07408145373396,33.85180051541974,34.2975456094076,15.8,15.67213,15.878493
Revista Brasileira de Ortopedia,202,0.0,1.0,125.0,0.0,77.0,0.0,0.0,0.5,0.0,0.0,2.29586717333532,0.0,0.0,1.136568
Indian Journal of Dermatology,202,0.0,1.0,0.0,0.0,202.0,0.0,0.0,0.5,32.01378815653144,31.80494746099901,32.22374052604807,15.8,15.745023,15.952347
Journal of Hand Surgery Global Online,212,0.0,0.0,0.0,0.0,212.0,0.0,0.0,0.0,33.59862915437954,33.37944981055342,33.818975205555404,15.8,15.745023,15.952347
Revista Brasileira de Epidemiologia,100,0.0,2.0,39.0,0.0,61.0,0.0,0.0,2.0,9.667530086873356,9.604464332281879,9.730931544994714,9.7,9.604464,9.730932
CASE,100,0.0,0.0,0.0,0.0,100.0,0.0,0.0,0.0,15.848409978480912,15.745023495544064,15.952346795073302,15.8,15.745023,15.952347
BMJ Case Reports,208,0.0,0.0,0.0,0.0,208.0,0.0,0.0,0.0,32.9646927552403,32.749648870731654,33.18088133375247,15.8,15.745023,15.952347
Child s Nervous System,102,0.0,0.0,102.0,0.0,0.0,0.0,0.0,0.0,0.0,,,0.0,,
Open Respiratory Archives,102,0.0,0.0,0.0,0.0,102.0,0.0,0.0,0.0,16.16537817805053,16.059923965454946,16.27139373097477,15.8,15.745023,15.952347
World Journal of Gastrointestinal Endoscopy,102,0.0,0.0,0.0,0.0,102.0,0.0,0.0,0.0,16.16537817805053,16.059923965454946,16.27139373097477,15.8,15.745023,15.952347
Trauma Case Reports,194,0.0,0.0,0.0,0.0,194.0,0.0,0.0,0.0,30.74591535825297,30.545345581355484,30.947552782442205,15.8,15.745023,15.952347
National Journal of Maxillofacial Surgery,104,0.0,0.0,0.0,0.0,104.0,0.0,0.0,0.0,16.48234637762015,16.374824435365827,16.590440666876233,15.8,15.745023,15.952347
Advances in Interventional Cardiology,104,0.0,1.0,31.0,0.0,73.0,0.0,0.0,1.0,11.569339284291067,11.493867151747166,11.645213160403511,11.1,11.051795,11.19732
European Journal of Radiology Open,104,0.0,5.0,1.0,0.0,103.0,0.0,0.0,4.8,16.32386227783534,16.217374200410386,16.430917198925503,15.7,15.593629,15.798959
Respiratory Medicine Case Reports,246,0.0,0.0,0.0,0.0,246.0,0.0,0.0,0.0,38.987088547063045,38.732757799038396,39.242773115880325,15.8,15.745023,15.952347
JAMA Health Forum,242,0.0,2.0,1.0,0.0,241.0,0.0,0.0,0.8,38.194668048139,37.94550662426119,38.44515577612666,15.8,15.679961,15.886428
Brain and Spine,238,0.0,8.0,0.0,0.0,238.0,0.0,0.0,3.4,37.71921574878457,37.47315591939487,37.96658537227446,15.8,15.745023,15.952347
Heart Rhythm O2,183,0.0,0.0,0.0,0.0,183.0,0.0,0.0,0.0,29.00259026062007,28.813392996845636,29.192794634984143,15.8,15.745023,15.952347
Indian Journal of Anaesthesia,237,0.0,0.0,0.0,0.0,237.0,0.0,0.0,0.0,37.56073164899976,37.31570568443943,37.807061904323724,15.8,15.745023,15.952347
JCO Global Oncology,103,0.0,0.0,0.0,0.0,103.0,0.0,0.0,0.0,16.32386227783534,16.217374200410386,16.430917198925503,15.8,15.745023,15.952347
Turkish Journal of Thoracic and Cardiovascular Surgery,184,0.0,0.0,0.0,0.0,184.0,0.0,0.0,0.0,29.16107436040488,28.970843231801076,29.352318102934877,15.8,15.745023,15.952347
Journal of the Korean Society of Radiology,103,0.0,0.0,98.0,0.0,5.0,0.0,0.0,0.0,0.0,0.0,0.1886066204772902,0.0,0.0,0.183113
Trauma Surgery & Acute Care Open,233,0.0,2.0,0.0,0.0,233.0,0.0,0.0,0.9,36.926795249860525,36.685904744617666,37.168968032520795,15.8,15.745023,15.952347
Gland Surgery,231,0.0,3.0,0.0,0.0,231.0,0.0,0.0,1.3,36.60982705029091,36.371004274706785,36.849921096619326,15.8,15.745023,15.952347
JMIR Medical Education,190,0.0,3.0,19.0,0.0,171.0,0.0,0.0,1.6,27.10078106320236,26.92399017738035,27.278513019575346,14.3,14.170521,14.357112
Kardiologia Polska,190,0.0,0.0,190.0,0.0,0.0,0.0,0.0,0.0,0.0,,,0.0,,
Journal of the Society for Cardiovascular Angiography & Interventions,193,0.0,0.0,0.0,0.0,193.0,0.0,0.0,0.0,30.58743125846816,30.387895346400043,30.788029314491475,15.8,15.745023,15.952347
Journal of Patient Experience,194,0.0,0.0,29.0,0.0,165.0,0.0,0.0,0.0,26.149876464493506,25.979288767647706,26.321372211870948,13.5,13.391386,13.567718
Journal of Cardiovascular Magnetic Resonance,168,0.0,7.0,2.0,0.0,166.0,0.0,0.0,4.2,26.308360564278313,26.136739002603147,26.480895679821682,15.7,15.557583,15.762438
Indian Journal of Nephrology,159,0.0,0.0,0.0,0.0,159.0,0.0,0.0,0.0,25.19897186578465,25.03458735791506,25.36423140416655,15.8,15.745023,15.952347
BMJ Open Sport & Exercise Medicine,268,0.0,2.0,0.0,0.0,268.0,0.0,0.0,0.7,42.47373874232885,42.19666296805809,42.75228941079645,15.8,15.745023,15.952347
Journal of Genetic Counseling,114,0.0,2.0,78.0,0.0,36.0,0.0,0.0,1.8,0.0,0.0,1.7766541283837947,0.0,0.0,1.558469
Hematology Transfusion and Cell Therapy,128,0.0,0.0,0.0,0.0,128.0,0.0,0.0,0.0,20.285964772455568,20.1536300742964,20.419003897693827,15.8,15.745023,15.952347
Therapeutic Advances in Neurological Disorders,128,0.0,1.0,37.0,0.0,91.0,0.0,0.0,0.8,14.42205308041763,14.327971380945097,14.516635583516704,11.3,11.193728,11.341122
Archivos de cardiología de México,117,0.0,0.0,1.0,0.0,116.0,0.0,0.0,0.0,18.38415557503786,18.264227254831113,18.50472228228503,15.7,15.610451,15.816002
Indian Journal of Nuclear Medicine,117,0.0,0.0,0.0,0.0,117.0,0.0,0.0,0.0,18.542639674822667,18.421677489786553,18.664245750235764,15.8,15.745023,15.952347
Health Services Research,129,0.0,3.0,62.0,0.0,67.0,0.0,0.0,2.3,10.618434685582212,10.549165742014523,10.688072352699113,8.2,8.177648,8.285327
JAAD Case Reports,634,0.0,0.0,0.0,0.0,634.0,0.0,0.0,0.0,100.47891926356898,99.82344896174936,101.13787868076474,15.8,15.745023,15.952347
CytoJournal,130,0.0,2.0,0.0,0.0,130.0,0.0,0.0,1.5,20.602932972025187,20.468530544207283,20.738050833595292,15.8,15.745023,15.952347
Neurospine,130,0.0,1.0,72.0,0.0,58.0,0.0,0.0,0.8,0.0,0.0,2.93787050906099,0.0,0.0,2.2599
Journal of Food Science,130,0.0,0.0,73.0,0.0,57.0,0.0,0.0,0.0,9.03359368773412,8.974663392460116,9.092837673191783,6.9,6.903587,6.994491
BMJ Open Quality,415,0.0,2.0,0.0,0.0,415.0,0.0,0.0,0.5,65.77090141069579,65.34184750650786,66.2022391995542,15.8,15.745023,15.952347
Journal of Nepal Medical Association,132,0.0,0.0,48.0,0.0,84.0,0.0,0.0,0.0,13.312664381923966,13.225819736257014,13.399971307861573,10.1,10.01956,10.151493
The International Journal of Cardiovascular Imaging,132,0.0,4.0,132.0,0.0,0.0,0.0,0.0,3.0,0.0,,,0.0,,
Western Journal of Emergency Medicine,115,0.0,1.0,0.0,0.0,115.0,0.0,0.0,0.9,18.225671475253048,18.106777019875672,18.345198814334296,15.8,15.745023,15.952347
Health Policy and Planning,133,0.0,0.0,80.0,0.0,53.0,0.0,0.0,0.0,0.0,0.0,2.4284460220224804,0.0,0.0,1.825899
Bundesgesundheitsblatt - Gesundheitsforschung - Gesundheitsschutz,135,0.0,2.0,135.0,0.0,0.0,0.0,0.0,1.5,0.0,,,0.0,,
Journal of Orthopaedic Case Reports,740,0.0,0.0,0.0,0.0,740.0,0.0,0.0,0.0,117.27823384075874,116.51317386702607,118.04736628354243,15.8,15.745023,15.952347
International Journal of Gynecology & Obstetrics,135,0.0,0.0,51.0,0.0,84.0,0.0,0.0,0.0,13.312664381923966,13.225819736257014,13.399971307861573,9.9,9.796904,9.925905
Indian journal of radiology and imaging - new series/Indian journal of radiology and imaging/Indian Journal of Radiology & Imaging,135,0.0,2.0,102.0,0.0,33.0,0.0,0.0,1.5,0.0,0.0,1.2091841406464607,0.0,0.0,0.895692
Qatar medical journal,135,0.0,0.0,0.0,0.0,135.0,0.0,0.0,0.0,21.39535347094923,21.255781718984487,21.53566817334896,15.8,15.745023,15.952347
JPGN Reports,136,0.0,0.0,72.0,0.0,64.0,0.0,0.0,0.0,0.0,0.0,3.2851034718659142,0.0,0.0,2.415517
Turkish Archives of Pediatrics,137,0.0,0.0,0.0,0.0,137.0,0.0,0.0,0.0,21.71232167051885,21.57068218889537,21.854715109250424,15.8,15.745023,15.952347
Annals of Cardiac Anaesthesia,117,0.0,0.0,0.0,0.0,117.0,0.0,0.0,0.0,18.542639674822667,18.421677489786553,18.664245750235764,15.8,15.745023,15.952347
Indian Journal of Ophthalmology,615,0.0,1.0,0.0,0.0,615.0,0.0,0.0,0.2,97.46772136765762,96.831894497596,98.1069327897008,15.8,15.745023,15.952347
International Journal of Retina and Vitreous,128,0.0,0.0,128.0,0.0,0.0,0.0,0.0,0.0,0.0,,,0.0,,
American Journal of Case Reports,595,0.0,0.0,0.0,0.0,595.0,0.0,0.0,0.0,94.29803937196142,93.68288979848718,94.91646343068615,15.8,15.745023,15.952347
Journal of Neurosurgery Case Lessons,544,0.0,1.0,0.0,0.0,544.0,0.0,0.0,0.2,86.21535028293616,85.65292781575971,86.78076656519876,15.8,15.745023,15.952347
Canadian Medical Education Journal,120,0.0,0.0,53.0,0.0,67.0,0.0,0.0,0.0,0.0,0.0,4.69328393044696,0.0,0.0,3.91107
Aesthetic Plastic Surgery,120,0.0,2.0,120.0,0.0,0.0,0.0,0.0,1.7,0.0,,,0.0,,
Annals of Surgical Treatment and Research,119,0.0,0.0,95.0,0.0,24.0,0.0,0.0,0.0,0.0,0.0,0.9327894327894328,0.0,0.0,0.783857
Pediatric Surgery International,119,0.0,0.0,119.0,0.0,0.0,0.0,0.0,0.0,0.0,,,0.0,,
Clinical Practice and Cases in Emergency Medicine,121,0.0,0.0,0.0,0.0,121.0,0.0,0.0,0.0,19.176576073961904,19.051478429608316,19.302339622038694,15.8,15.745023,15.952347
The Laryngoscope,123,0.0,1.0,46.0,0.0,77.0,0.0,0.0,0.8,12.203275683430302,12.123668091568929,12.283307032206443,9.9,9.856641,9.986428
Arthroscopy Techniques,586,0.0,0.0,0.0,0.0,586.0,0.0,0.0,0.0,92.87168247389815,92.26583768388821,93.48075221912956,15.8,15.745023,15.952347
CoDAS,119,0.0,1.0,46.0,0.0,73.0,0.0,0.0,0.8,11.569339284291067,11.493867151747166,11.645213160403511,9.7,9.658712,9.785893
Aesthetic Surgery Journal Open Forum,124,0.0,0.0,67.0,0.0,57.0,0.0,0.0,0.0,0.0,0.0,3.0909973800704664,0.0,0.0,2.49274
Case Reports in Dentistry,126,0.0,0.0,27.0,0.0,99.0,0.0,0.0,0.0,15.689925878696103,15.587573260588623,15.79282332712257,12.5,12.37109,12.533987
Surgical Neurology International,598,0.0,2.0,0.0,0.0,598.0,0.0,0.0,0.3,94.77349167131585,94.1552405033535,95.39503383453835,15.8,15.745023,15.952347
Brazilian Journal of Cardiovascular Surgery,124,0.0,0.0,0.0,0.0,124.0,0.0,0.0,0.0,19.65202837331633,19.52382913447464,19.780910025890893,15.8,15.745023,15.952347
Environmental Health Insights,125,0.0,0.0,32.0,0.0,93.0,0.0,0.0,0.0,14.739021279987249,14.642871850855979,14.835682519418171,11.8,11.714297,11.868546
Interventional Pain Medicine,118,0.0,0.0,0.0,0.0,118.0,0.0,0.0,0.0,18.701123774607478,18.579127724741994,18.823769218186495,15.8,15.745023,15.952347
ACG Case Reports Journal,456,0.0,0.0,1.0,0.0,455.0,0.0,0.0,0.0,72.11026540208815,71.63985690472549,72.58317791758353,15.8,15.710495,15.917364
Journal of Migration and Health,118,0.0,1.0,0.0,0.0,118.0,0.0,0.0,0.8,18.701123774607478,18.579127724741994,18.823769218186495,15.8,15.745023,15.952347
Case Reports in Women s Health,118,0.0,0.0,1.0,0.0,117.0,0.0,0.0,0.0,18.542639674822667,18.421677489786553,18.664245750235764,15.7,15.611591,15.817157
ACS Biomaterials Science & Engineering,125,0.0,3.0,12.0,0.0,113.0,0.0,0.0,2.4,17.908703275683433,17.79187654996479,18.02615187843283,14.3,14.233501,14.420922
Lasers in Medical Science,126,0.0,1.0,126.0,0.0,0.0,0.0,0.0,0.8,0.0,,,0.0,,
Arthroplasty Today,361,0.0,2.0,0.0,0.0,361.0,0.0,0.0,0.6,57.2127600223161,56.83953481891407,57.58797193021462,15.8,15.745023,15.952347
Video Journal of Sports Medicine,114,0.0,0.0,37.0,0.0,77.0,0.0,0.0,0.0,12.203275683430302,12.123668091568929,12.283307032206443,10.7,10.634797,10.774831
Asian Journal of Neurosurgery,167,0.0,0.0,116.0,0.0,51.0,0.0,0.0,0.0,0.0,0.0,1.648594431579514,0.0,0.0,0.987182
Future Healthcare Journal,114,0.0,1.0,0.0,0.0,114.0,0.0,0.0,0.9,18.06718737546824,17.94932678492023,18.185675346383565,15.8,15.745023,15.952347
Health SA Gesondheid,157,0.0,1.0,0.0,0.0,157.0,0.0,0.0,0.6,24.88200366621503,24.71968688800418,25.045184468265084,15.8,15.745023,15.952347
Gynecologic Oncology Reports,287,0.0,0.0,0.0,0.0,287.0,0.0,0.0,0.0,45.48493663824022,45.18821743221147,45.78323530186038,15.8,15.745023,15.952347
Medical Journal of the Islamic Republic of Iran,157,0.0,1.0,0.0,0.0,157.0,0.0,0.0,0.6,24.88200366621503,24.71968688800418,25.045184468265084,15.8,15.745023,15.952347
Lupus Science & Medicine,158,0.0,2.0,0.0,0.0,158.0,0.0,0.0,1.3,25.040487765999842,24.87713712295962,25.20470793621582,15.8,15.745023,15.952347
BJUI Compass,158,0.0,0.0,72.0,0.0,86.0,0.0,0.0,0.0,0.0,0.0,4.356152823780088,0.0,0.0,2.757059
Journal of Advanced Nursing,159,0.0,0.0,64.0,0.0,95.0,0.0,0.0,0.0,15.055989479556867,14.95777232076686,15.154729455319638,9.5,9.407404,9.531276
Case Reports in Gastroenterology,110,0.0,0.0,1.0,0.0,109.0,0.0,0.0,0.0,17.274766876544195,17.16207561014303,17.3880580066299,15.7,15.601887,15.807325
Oman Journal of Ophthalmology,110,0.0,0.0,0.0,0.0,110.0,0.0,0.0,0.0,17.433250976329003,17.31952584509847,17.547581474580632,15.8,15.745023,15.952347
Journal of the Belgian Society of Radiology,120,0.0,0.0,2.0,0.0,118.0,0.0,0.0,0.0,18.701123774607478,18.579127724741994,18.823769218186495,15.6,15.482606,15.686474
Oncology Research Featuring Preclinical and Clinical Cancer Therapeutics,160,0.0,3.0,0.0,0.0,160.0,0.0,0.0,1.9,25.35745596556946,25.192037592870502,25.523754872117284,15.8,15.745023,15.952347
Regenerative Biomaterials,161,0.0,1.0,103.0,0.0,58.0,0.0,0.0,0.6,0.0,0.0,2.0854498622259494,0.0,0.0,1.29531
Annals of Thoracic Surgery Short Reports,277,0.0,1.0,0.0,0.0,277.0,0.0,0.0,0.4,43.90009564039213,43.61371508265706,44.188000622353044,15.8,15.745023,15.952347
Surgery Open Science,161,0.0,1.0,0.0,0.0,161.0,0.0,0.0,0.6,25.51594006535427,25.349487827825943,25.683278340068018,15.8,15.745023,15.952347
Belitung Nursing Journal,109,0.0,0.0,0.0,0.0,109.0,0.0,0.0,0.0,17.274766876544195,17.16207561014303,17.3880580066299,15.8,15.745023,15.952347
European Journal of Orthopaedic Surgery & Traumatology,109,0.0,0.0,109.0,0.0,0.0,0.0,0.0,0.0,0.0,,,0.0,,
HeartRhythm Case Reports,276,0.0,0.0,0.0,0.0,276.0,0.0,0.0,0.0,43.741611540607316,43.45626484770162,44.02847715440232,15.8,15.745023,15.952347
JBJS Open Access,109,0.0,1.0,0.0,0.0,109.0,0.0,0.0,0.9,17.274766876544195,17.16207561014303,17.3880580066299,15.8,15.745023,15.952347
Journal of Community Hospital Internal Medicine Perspectives,165,0.0,0.0,0.0,0.0,165.0,0.0,0.0,0.0,26.149876464493506,25.979288767647706,26.321372211870948,15.8,15.745023,15.952347
JTCVS Open,272,0.0,2.0,0.0,0.0,272.0,0.0,0.0,0.7,43.10767514146808,42.826463907879855,43.39038328259938,15.8,15.745023,15.952347
Journal of Family Medicine and Primary Care,1228,0.0,0.0,0.0,0.0,1228.0,0.0,0.0,0.0,194.6184745357456,193.3488885252811,195.89481864350014,15.8,15.745023,15.952347
IUCrData,167,0.0,0.0,0.0,0.0,167.0,0.0,0.0,0.0,26.466844664063125,26.294189237558587,26.640419147772416,15.8,15.745023,15.952347
Lung India,156,0.0,0.0,0.0,0.0,156.0,0.0,0.0,0.0,24.723519566430223,24.56223665304874,24.88566100031435,15.8,15.745023,15.952347
MedEdPORTAL,155,0.0,0.0,0.0,0.0,155.0,0.0,0.0,0.0,24.565035466645416,24.4047864180933,24.72613753236362,15.8,15.745023,15.952347
JTCVS Techniques,289,0.0,0.0,0.0,0.0,289.0,0.0,0.0,0.0,45.801904837809836,45.50311790212234,46.10228223776184,15.8,15.745023,15.952347
Palliative & Supportive Care,113,0.0,0.0,109.0,0.0,4.0,0.0,0.0,0.0,0.6339363991392365,0.6298009398217626,0.6380938718029321,0.6,0.557346,0.564685
Photoacoustics,143,0.0,4.0,0.0,0.0,143.0,0.0,0.0,2.8,22.663226269227703,22.515383598628013,22.811855916954823,15.8,15.745023,15.952347
JACC Case Reports,816,0.0,0.0,1.0,0.0,815.0,0.0,0.0,0.0,129.16454132461945,128.32194148868413,130.0116263798474,15.8,15.725728,15.932797
European Spine Journal,144,0.0,3.0,144.0,0.0,0.0,0.0,0.0,2.1,0.0,,,0.0,,
Foot & Ankle Orthopaedics,144,0.0,1.0,43.0,0.0,101.0,0.0,0.0,0.7,16.00689407826572,15.902473730499505,16.111870263024034,11.1,11.043385,11.188799
La Tunisie Médicale,145,0.0,0.0,0.0,0.0,145.0,0.0,0.0,0.0,22.980194468797322,22.83028406853889,23.130902852856288,15.8,15.745023,15.952347
Resuscitation Plus,347,0.0,1.0,0.0,0.0,347.0,0.0,0.0,0.3,54.99398262532877,54.635231529537904,55.354643378904356,15.8,15.745023,15.952347
International Journal of Clinical Pediatric Dentistry,342,0.0,0.0,1.0,0.0,341.0,0.0,0.0,0.0,54.04307802661991,53.69053011980526,54.39750257119996,15.8,15.698985,15.905703
Bone and Joint Research,113,0.0,1.0,1.0,0.0,112.0,0.0,0.0,0.9,17.75021917589862,17.63442631500935,17.8666284104821,15.7,15.605687,15.811176
Endoscopy,887,0.0,0.0,607.0,0.0,280.0,0.0,0.0,0.0,0.0,0.0,1.808293165777242,0.0,0.0,0.203866
Journal of Vascular Surgery Cases and Innovative Techniques,335,0.0,0.0,0.0,0.0,335.0,0.0,0.0,0.0,53.09217342791106,52.745828710072615,53.44036176349556,15.8,15.745023,15.952347
IJU Case Reports,154,0.0,0.0,72.0,0.0,82.0,0.0,0.0,0.0,0.0,0.0,4.153541064534504,0.0,0.0,2.697105
European Heart Journal - Case Reports,909,0.0,0.0,542.0,0.0,367.0,0.0,0.0,0.0,0.0,0.0,2.582923690682425,0.0,0.0,0.28415
Circulation Reports,150,0.0,2.0,34.0,0.0,116.0,0.0,0.0,1.3,18.38415557503786,18.264227254831113,18.50472228228503,12.3,12.176152,12.336482
Skin Health and Disease,150,0.0,1.0,92.0,0.0,58.0,0.0,0.0,0.7,0.0,0.0,2.32480259094172,0.0,0.0,1.549868
European Heart Journal Supplements,151,0.0,0.0,70.0,0.0,81.0,0.0,0.0,0.0,0.0,0.0,4.214014864249962,0.0,0.0,2.790738
Iranian Journal of Nursing and Midwifery Research,151,0.0,0.0,0.0,0.0,151.0,0.0,0.0,0.0,23.931099067506178,23.774985478271535,24.088043660560686,15.8,15.745023,15.952347
JMIR Human Factors,299,0.0,4.0,29.0,0.0,270.0,0.0,0.0,1.3,42.79070694189846,42.511563437968974,43.07133634669792,14.3,14.217914,14.405129
Women s Health Reports,151,0.0,3.0,0.0,0.0,151.0,0.0,0.0,2.0,23.931099067506178,23.774985478271535,24.088043660560686,15.8,15.745023,15.952347
JACC Asia,111,0.0,2.0,0.0,0.0,111.0,0.0,0.0,1.8,17.591735076113814,17.476976080053912,17.707104942531366,15.8,15.745023,15.952347
Journal of Anaesthesiology Clinical Pharmacology,153,0.0,0.0,0.0,0.0,153.0,0.0,0.0,0.0,24.248067267075797,24.089885948182417,24.40709059646215,15.8,15.745023,15.952347
Industrial Psychiatry Journal,137,0.0,0.0,0.0,0.0,137.0,0.0,0.0,0.0,21.71232167051885,21.57068218889537,21.854715109250424,15.8,15.745023,15.952347
