pmid,label,access,data_location,accession_or_link,repository_family,evidence_quote,rationale
40425160,false_negative,open,University of Groningen Dataverse,,Dataverse,Data accessibility Data and code are available on University of Groningen Dataverse [ 78 ].,"The Data Accessibility statement explicitly says the newly generated study data (and code) were deposited and are available in a named institutional repository (University of Groningen Dataverse) via a cited reference, with no indication of restricted or on-request access, meeting the open-data criteria even though the specific DOI/accession is only visible in the (unextracted) reference list."
39386150,non_open_data,none,,,,"Here we present a plan for observing the Galactic Plane and circumstellar environments to quantify the physical structure, the magnetic fields, the dynamics, chemistry, star formation, and planetary system evolution of the galaxy in which we live with AtLAST; a concept for a new, 50m single dish sub-mm telescope","This is a forward-looking science-case/concept paper proposing future surveys with a not-yet-built telescope (AtLAST), citing only prior literature and simulations with no new data generated or deposited, so the detector's negative call is correct."
39247544,non_open_data,supplement_only,,,,The raw data are available in the Supplementary File.,"The authors state raw morphological data are provided only as a supplementary file attached to the article, with no deposit in a data repository or accession number, so this does not meet the open data definition."
40419541,false_negative,open,Science Data Bank,https://doi.org/10.57760/sciencedb.24372,Institutional/domain,"The MTDDH dataset16, designed for pelvic X-ray quality assessment and developmental dysplasia of the hip (DDH) diagnosis, is illustrated in Fig. 4 and publicly available via Science Data Bank.","The article is a data descriptor whose newly generated MTDDH pelvic X-ray dataset (1,250 + 906 annotated images) was deposited in the Science Data Bank repository with a resolvable DOI (10.57760/sciencedb.24372) and is explicitly described as publicly available, meeting all three open-data criteria."
39709504,false_negative,open,Arctic Data Center (Norwegian Meteorological Institute),https://doi.org/10.21343/w2se-b681,Institutional/domain,Te data for each deployment included in the present dataset are made available with a doi53 as netCDF-CF fles on the Arctic Data Center hosted by the Norwegian Meteorological Institute at the following URL: https://adc.met.no/datasets/10.21343/w2se-b681.,"This is a Scientific Data descriptor for 79 newly collected OpenMetBuoy GNSS/wave-spectra trajectories, deposited as netCDF files with a DOI (and per-deployment DOIs in Table 3) on the Arctic Data Center with no access restriction stated, so it meets all three open-data criteria and the detector's negative call is a miss."
39933591,unclear,unclear,,,,Data accessibility All data and code used in this publication are available at [ 21 ].,"The article states data and code are available but only cites a numbered reference [21] whose actual URL/DOI/repository identity is not present in the extracted text, so openness and accession cannot be verified from the provided text; also this is a purely computational/modelling paper with no described wet-lab data generation, only simulation code and outputs."
39360126,false_negative,open,Dryad Digital Repository,https://doi.org/10.5061/dryad.59zw3r2h6,Dryad,The data and code used in this study are available on the Dryad Digital Repository (https://doi.org/10.5061/dryad.59zw3r2h6).,"The authors deposited their newly generated data (sex ratio, GSI, clutch/egg size measurements) in the Dryad repository with a resolvable DOI and no stated access restriction, meeting all three open-data criteria, so the detector's negative call is a false negative."
39678357,false_negative,open,Zenodo,"Zenodo repository, cited as Rajšić (2024) in the Data Availability Statement (no DOI/URL string printed in the extracted text, but a specific Zenodo deposit is identified via citation)",Zenodo,Input files used in simulations presented in this work are available at the Zenodo repository: Raj i ( 2024 ).,"The authors deposited the input files needed to reproduce their simulations (data they generated for this study) in a named, citable Zenodo repository presented as openly accessible, distinct from the separately-restricted iSALE code itself, so this meets the open-data criteria the detector missed."
39043234,non_open_data,code_only,,,,Data accessibility R code is available on Zenodo [58]. Supplementary material is available online [59].,"This is a theoretical/modeling study with no newly generated empirical dataset; only the R code implementing the model is deposited on Zenodo, with supplementary material hosted alongside the article, so no open data deposit qualifies."
39700085,false_negative,open,4TU.ResearchData,doi.org/10.4121/77363d00-f68c-4da7-b32e-3aabe957ef98,Institutional/domain,Data Availability Statement: The corresponding CAD files and PCB schematic for this publication can be found here: doi.org/10.4121/77363d00-f68c-4da7-b32e-3aabe957ef98.,"The authors deposited their newly generated CAD design files and PCB schematic in the 4TU.ResearchData institutional repository with a resolvable DOI, presented without any access restriction, so this meets the open-data deposit+accession+open-access criteria that the detector missed."
38502689,unclear,unclear,,https://bit.ly/3TwJ5nO,,"All study data are included in the article, and/or publicly available ( 33 ). ... Supplementary materials including the Appendices and Background Notes are available at https://bit.ly/3TwJ5nO .","This is an integrated-assessment-model (simulation) paper whose data-availability statement claims data are publicly available only via an unresolved reference citation (33) with no accession/DOI given in the visible text, and the only concrete link provided (bit.ly) points to supplementary appendices/background notes rather than a repository deposit with an accession number, so open-data status cannot be confirmed from the text alone."
38353893,non_open_data,upon_request_or_restricted,,,,"Participants did not agree for their data to be shared publicly. The data are available on request, for reproducibility purposes.","The Data Availability statement explicitly restricts data to request-only access due to participant consent limitations, with no repository deposit or accession number, so this is a legitimate detector negative."
40184465,false_negative,open,NCBI Sequence Read Archive (SRA),"PRJNA1088528, PRJNA1090042, PRJNA1090086, PRJNA1090467, PRJNA1090899, PRJNA1091352, PRJNA492143, PRJNA816919; also Zenodo https://doi.org/10.5281/zenodo.12210994",NCBI,"The sequences reported have been deposited in the NCBI Sequence Read Archive under the following BioProject accession numbers: PRJNA1088528, PRJNA1090042, PRJNA1090086, PRJNA1090467, PRJNA1090899, PRJNA1091352, PRJNA492143, and PRJNA816919.","The authors deposited their newly generated metatranscriptome sequencing data in NCBI SRA under eight BioProject accession numbers (plus supplementary data files in a Zenodo repository), presented as openly accessible with no access restriction stated, so this is a missed open-data detection."
39467133,false_negative,open,NCBI Sequence Read Archive (SRA); Figshare,refs 73 (Figshare) and 74 (SRA) cited in text; specific accession numbers not shown in extracted body text but repository deposits are explicitly named,NCBI,"The results obtained from PPG Finder ( SI Appendix , Table S4 ) have been deposited to Figshare ( 73 ). The sequencing data have been deposited in the NCBI Sequence Read Archive (SRA) ( 74 ).","The authors generated new whole-genome sequencing data (WGS of five C57BL/6 mice) and explicitly state it was deposited in NCBI SRA, plus derived results deposited to Figshare, both presented as openly accessible deposits rather than restricted or supplement-only, meeting the open-data definition despite the detector's negative call."
39872902,false_negative,open,Dryad,https://doi.org/10.5061/dryad.r2280gbn5,Dryad,"Demultiplexed, unfiltered reads (fastq), ASV haplotype sequences, sample metadata, and bioinformatic code that supports the findings of this study have been uploaded to Dryad (https://doi.org/10.5061/dryad.r2280gbn5).","The authors deposited their newly generated DNA metabarcoding sequence reads and associated metadata in Dryad with a resolvable DOI and no stated access restriction, meeting all three open-data criteria, so this is a detector miss."
38820049,false_negative,open,Zenodo,10.5281/zenodo.10618876,Zenodo,SDF files of all minimized conformers and the raw thermodynamic data for each conformer. Gaussian16 input and output files (ASCII text) are available on Zenodo (10.5281/zenodo.10618876) (ZIP),"The authors deposited newly generated computational chemistry data (minimized conformer SDF files, thermodynamic data, and Gaussian16 input/output files) in the Zenodo repository with a citable DOI, presented as freely accessible, meeting all three open-data criteria despite the detector scoring it negative."
38617802,non_open_data,upon_request_or_restricted,,,,Research raw data supporting is available upon reasonable request from rdm-enquiries@imperial.ac.uk.,"The Data Availability Statement explicitly gates the raw data behind a reasonable-request process rather than depositing it in an open repository with an accession number, so this is a legitimate detector negative, not open data."
40352463,non_open_data,upon_request_or_restricted,,https://doi.org/10.5281/zenodo.12686958,,All data reported in this paper will be shared by the lead contact upon request. All original code has been deposited at Zenodo under https://doi.org/10.5281/zenodo.12686958 and is publicly available as of the date of publication.,"The underlying experimental data are explicitly restricted to upon-request sharing (not deposited with an open accession), while only the analysis code was openly deposited at Zenodo, so the article does not meet the open-data criteria."
39951531,false_negative,open,Zenodo,10.5281/zenodo.14249689,Zenodo,"Additional measurement data for the smFRET experiments, COMSOL simulations, and QCM control experiments, along with the code for analyzing the experimental data, are publicly available at the publicly accessible online repository Zenodo with identifier: 10.5281/zenodo.14249689","The authors deposited newly generated experimental data (smFRET, COMSOL simulation, QCM control data) in Zenodo with a resolvable DOI and explicitly state it is publicly accessible, meeting all three open-data criteria, so this is a detector miss."
39355106,non_open_data,supplement_only,,,,The authors confirm that the data supporting the findings of this study are available within the article and in Data S1.,"The data availability statement points only to in-article supporting information (Data S1) with no repository deposit or accession number, so this does not meet the open-data criteria despite being correctly flagged as non-open by the detector."
40241380,false_negative,open,Dryad (datadryad.org),http://datadryad.org/stash/share/u83UGcbOwFLOV_YjZJ8TDfJ3hh3lspo36he34wURNMU,Dryad,All data and R code are available for review at http://datadryad.org/stash/share/u83UGcbOwFLOV_YjZJ8TDfJ3hh3lspo36he34wURNMU,"The authors deposited their newly generated exon-capture/SNP/morphometric data (and analysis code) in the Dryad repository and provided a direct, unauthenticated link in the Data Availability Statement, satisfying repository deposit plus persistent link with no stated access gate, which oddpub likely missed because the URL uses a nonstandard 'stash/share' path rather than a typical Dryad DOI/accession pattern."
39451785,false_negative,open,"4TU.ResearchData (institutional repository, Delft University of Technology)",https://doi.org/10.4121/3c4fa57d-3fc6-4e27-933c-00a02a6e5a33,Institutional/domain,The CAD design of the dummy arm can be downloaded at https://doi.org/10.4121/3c4fa57d-3fc6-4e27-933c-00a02a6e5a33.,"The authors deposited the newly generated CAD design of their dummy arm device in the 4TU.ResearchData institutional repository with a resolvable DOI and describe it as openly downloadable, meeting all three open-data criteria even though the boilerplate Data Availability Statement (pointing only to article/supplement) obscures this and likely caused the detector miss."
39456921,non_open_data,none,,,,Data Availability Statement: All the data is available in this manuscript.,"The article states data are contained within the manuscript itself with no repository deposit, accession number, or persistent link, so it does not meet the open-data criteria despite the CC-BY open-access license."
39595784,false_negative,open,figshare,https://doi.org/10.6084/m9.figshare.26885596.v1,Figshare,All experimental data files are available from the figshare database. https://doi.org/10.6084/m9.figshare.26885596.v1 (accessed on 2 September 2024).,"The authors deposited their newly generated experimental data (from the deep squatting test/medical checkup study) in the Figshare repository with a resolvable DOI and no stated access restriction, meeting all three open-data criteria, so the detector's negative call is a miss."
39475597,false_negative,open,Zenodo,10.5281/zenodo.12683782,Zenodo,All data necessary to generate the results presented in the figures within this manuscript and the Supplementary Materials are available in the Zenodo repository (10.5281/zenodo.12683782).,"The authors deposited their newly generated behavioral and fMRI-derived data in Zenodo with a resolvable DOI and describe it as openly available, meeting all three criteria for open data that the detector missed."
39450155,non_open_data,supplement_only,,,,Supporting information Appendix S1 S7.,"The article reports original field and phylogenetic data (voucher numbers, phenology, beta diversity tables) but includes no data availability statement or repository deposit with an accession number/DOI; the only data provided are supplementary appendices attached to the article itself."
40359974,unclear,unclear,,,,"Raw data are publicly available in the URLs provided in electronic supplementary material, table S3 [81]. The process data are available at [82]. The code used to analyse these data is at [83]. Any additional information required to reanalyse the data reported in this paper is available from the lead contact upon request.","The Data accessibility statement points to a numbered reference [82] for the processed/derived data, but the reference list (with any DOI, accession, or repository name) is not present in the provided article text, so it cannot be determined whether that deposit carries a persistent identifier or is openly accessible; the raw data reference [81] is third-party reused climate/chlorophyll data, not newly generated by the authors."
38605106,non_open_data,supplement_only,,,,All included guidelines are publicly available. The list of guideline items included in published guidelines regulating medical AI research that was generated in this systematic review is published along with this work (Supplementary Table 1).,"This is a systematic review whose only generated data product (the extracted guideline-items list) is provided as a supplementary table attached to the article rather than deposited in a repository with an accession number; the OSF registration cited is a study protocol registration, not a data deposit."
38919853,non_open_data,supplement_only,,,,Files available: The Supporting Information is available free of charge at https://pubs.acs.org/doi/10.1021/acsearthspacechem.3c00345. Tables of regression model results and the input water model properties for each MD simulation run needed to reproduce the presented results (PDF) Code for the computation of the noise-equivalent increment of conductivity for Europa (ZIP),"The article only offers article-attached Supporting Information (regression tables as PDF and analysis code as ZIP) hosted on the publisher site, with no deposit of the underlying MD simulation output data in a data repository accompanied by an accession number."
39691819,non_open_data,upon_request_or_restricted,,,,"The raw data supporting the conclusions of this article will be made available by the authors, without undue reservation.","The pilot study's newly generated EEG data are offered only upon author request with no repository deposit or accession, and the other dataset used is a pre-existing third-party dataset (Farabbi et al., 2022) rather than data the authors generated and deposited themselves."
40299703,false_negative,open,Zenodo,,Zenodo,Source data and analysis scripts included in the article have been deposited in the Zenodo repository ( 68 ). All other data are included in the manuscript and/or supporting information.,"The Data, Materials, and Software Availability statement explicitly reports that newly generated source data and analysis scripts were deposited in the Zenodo repository (cited as reference 68) with no indication of restricted access, satisfying the open-data deposit criteria even though the reference list containing the actual DOI was not included in the extracted text."
38560558,false_negative,open,Dryad,https://doi.org/10.5061/dryad.4mw6m90h7; https://doi.org/10.5061/dryad.9p8cz8wqd,Dryad,The smoke designations for each monitor and the monitor locations are available at Sablan et al. (2023). The PurpleAir data from the field deployment can be downloaded from Sablan et al. (2024).,"The authors deposited their own newly generated field-deployment data (38 PurpleAir sensor measurements and smoke-designation/monitor-location data from their 2022 Kansas campaign) in Dryad with two distinct DOI accessions, and these are openly downloadable, so this is a missed open-data case."
38280188,false_negative,open,GigaDB (code and supporting data); Zenodo (trained models and sample data),,Zenodo,"Snapshots of our code and other data further supporting this work are openly available in the GigaScience repository, GigaDB [55]. In addition, we deposited all the trained models and sample data at Zenodo [56] to ensure the reproducibility of our work.","Beyond the reused public imaging datasets, the authors explicitly state they deposited author-generated trained models and sample data in Zenodo and additional supporting data/code in GigaDB, both named open repositories presented as openly available, meeting the open-data criteria even though the specific DOI/accession text is not included in this extracted body (only reference-list citation numbers [55],[56])."
39650626,false_negative,open,Dryad,doi:10.5061/dryad.34tmpg4v3,Dryad,"Sample raw genetic data, and location and sex metadata are publicly available on DataDryad, at doi: 10.5061/dryad.34tmpg4v3 .","The authors deposited their newly generated DArTseq raw genetic data (plus location/sex metadata) from 137 bandicoot samples in Dryad with a resolvable DOI and state it is publicly available, meeting all three open-data criteria, so the detector's negative call is a miss."
40370026,non_open_data,supplement_only,,,,Data accessibility All data are available in the manuscript or the electronic supplementary material [166].,"The DArTSeq SNP data and analysis code generated in this study are only made available as electronic supplementary material attached to the article, with no deposit in a data repository and no accession number or persistent identifier for the dataset itself."
40532016,false_negative,open,Biological Magnetic Resonance Data Bank (BMRB); Zenodo,"BMRB 51553, 51554, 51555, 51556; Zenodo DOI: 10.5281/zenodo.13836208",NCBI,"NMR resonance assignments for H N , N, C , C , and CO were deposited in the Biological Magnetic Resonance Data Bank (BMRB) with the following accession codes for PXN LD1-2 (51553), LD2-4 (51554), N-domain (51555), and FAT (51556). The PRE profiles, initial PXN/FAT models, downsampled MD trajectories, and analysis/figure scripts are deposited at Zenodo with DOI: 10.5281/zenodo.13836208","The authors deposited newly generated NMR resonance assignments in BMRB with explicit accession codes and additionally deposited PRE profiles/models/MD trajectories in Zenodo with a resolvable DOI, both presented as openly accessible, so this is a missed open-data case."
38617999,non_open_data,none,,,,Funding Open Access funding enabled and organized by CAUL and its Member Institutions... Declarations Conflict of interest The authors have no competing interests to declare.,The article has no data availability statement and does not describe depositing the 600 DALL-E-mini generated images or coding/rating data in any repository with an accession number; only a general Open Access license for the article/figures is mentioned.
39316055,false_negative,open,Zenodo,10.5281/zenodo.10517792,Zenodo,All data and code (Neural recordings and analysis script) for analyses are available in the main text or in the depository (10.5281/zenodo.10517792) (69).,"The authors deposited their newly generated single-cell electrophysiological recordings and analysis scripts in a Zenodo repository with a resolvable DOI, presented as openly accessible, satisfying all three open-data criteria that the detector missed."
39548275,false_negative,open,Oak Ridge National Laboratory Distributed Active Archive Center (ORNL DAAC),https://doi.org/10.3334/ORNLDAAC/2188,Institutional/domain,Snow pit data have been archived at the Oak Ridge National Laboratory Distributed Active Archive Center70... Snow pit data (Fig. 3) are available in Supplementary Data S2 and here: https://doi.org/10.3334/ ORNLDAAC/2188.,"The authors deposited their newly collected field snow pit data at the ORNL DAAC domain repository with a resolvable DOI accession, satisfying all three open-data criteria, so the detector's non-open-data call is a false negative."
40256447,non_open_data,upon_request_or_restricted,,https://github.com/nathan-cheetham/CSSBiobank_COVIDRecovery,,Data are available on reasonable request. Access to data in the CSS Biobank is available to bona fide health researchers on application to the CSS Biobank Management Group... Original TwinsUK data are available to researchers on application.,"The study's own generated CSSB and TwinsUK questionnaire/cohort data are only available on application/reasonable request (controlled access), and only the analysis code (not the data) is openly deposited on GitHub, so no newly generated data are openly shared with an accession/link."
38263408,non_open_data,code_only,,,,All data supporting the findings of this study are available within the paper and its accompanying custom MATLAB code (version 2021a). ... All simulations were run via custom code in MATLAB 2021a. The code is available at https://github.com/ianconehed/latent_reps_hpc,"This is a purely computational/simulation study with no experimentally generated dataset deposited in a repository; the Data Availability statement points only to the paper itself and the simulation code, and the Code Availability statement/Zenodo archive (ref. 44) covers the code, not a data deposit, so this is a legitimate code-only detector negative."
40270794,unclear,unclear,,,,[... middle truncated ...],"The provided text is missing the section between the Conclusions and References (marked '[... middle truncated ...]'), which is exactly where a Wiley journal typically places its Data Availability Statement, so no data-sharing statement is visible anywhere in the supplied text to confirm or rule out a repository deposit."
40099213,non_open_data,upon_request_or_restricted,,,,"Because of this, data used for these analyses are not being publicly released as they would provide detailed localities of sensitive locations such as shelter sites.","The Data Availability Statement explicitly states that locality/telemetry data are withheld from public release due to poaching risk, so no open deposit with accession is provided."
38712033,false_negative,open,Zenodo,https://doi.org/10.5281/zenodo.10998463,Zenodo,The feature vectors extracted from the histopathological WSI and the corresponding clinical endpoints analyzed in this work are available at https://doi.org/10.5281/zenodo.10998463 .,"The authors deposited newly generated feature-vector and clinical endpoint data derived from their own experiments in Zenodo with a resolvable DOI presented as openly accessible, meeting all three open-data criteria even though the raw WSI images themselves are restricted due to privacy regulations."
40492204,false_negative,open,figshare,https://doi.org/10.6084/m9.figshare.27961557.v1,Figshare,"The data and code are available at figshare: Ram rez Torres, Carlos Eduardo (2024). Database and code Salivary response of spider monkeys. figshare. Dataset. https://doi.org/10.6084/m9.figshare.27961557.v1 .","The authors deposited their newly generated behavioral/salivary dataset and code in a figshare repository with a resolvable DOI, presented without any access restriction, meeting all three criteria for open data despite the detector's negative score."
40046429,non_open_data,reuse_only,,,,Data Availability No datasets were generated or analysed during the current study.,"The explicit Data Availability statement disclaims any generated/analysed datasets, and all inputs used (X-TRACK altimetry SLAs, FES2022b, DAC, and tide gauge records from an internal Deltares database with pointers to national data services) are pre-existing third-party sources rather than a new deposit of the authors' own along-track tidal product with an accession number."
40124622,false_negative,open,figshare; MorphoSource,https://doi.org/10.6084/m9.figshare.26925031.v3; https://doi.org/10.17602/M2/M706874 (and many additional MorphoSource DOIs listed),Figshare,"The raw data are available at figshare: Mai, Zhihui (2024)... figshare. Dataset. https://doi.org/10.6084/m9.figshare.26925031.v3 The 3D data are available at Morphosource: - Media 000705106: Right Maxillary Second Molar Pre Treatment Teeth, https://doi.org/10.17602/M2/M706874","The authors deposited their newly generated raw study data and 3D CBCT reconstruction models in Figshare and MorphoSource, providing explicit DOIs for each, with no indication of access restriction, meeting all three open-data criteria."
40517157,false_negative,open,figshare collection,https://doi.org/10.6084/m9.figshare.c.7588178.v4,Figshare,the data are divided into diferent repositories and are stored in a fgshare collection67 (https://doi.org/10.6084/m9.fgshare.c.7588178.v4),"The authors deposited their newly generated serially-complete precipitation dataset (metadata, per-station daily series, and gap-filling metrics) in a figshare collection with a DOI, described as openly accessible, so this is an open-data deposit the detector missed."
39899712,false_negative,open,Dryad,10.5061/dryad.8gtht76xb,Dryad,"Head, eye, and body locomotion data and related code, GUI, STL designs data have been deposited in Dryad and Github (10.5061/dryad.8gtht76xb (61), https://github.com/Vickey17/UNET_implementation_V2 (62), and https://github.com/Vickey17/CEREBRO_HeadPiece (63)).","The authors deposited newly generated head/eye/body locomotion data and STL designs in Dryad with a resolvable DOI, presented as openly accessible, so this is a missed open-data case (data alongside code sharing, not code-only)."
38436005,false_negative,open,Zenodo,https://doi.org/10.5281/zenodo.7416222,Zenodo,"The data and scripts are available at Zenodo: Amanda Clark, Tanner Myers, Laurie Stevison, steu4718, Julio Alejandro Yanes. (2022). AUCompBio/OA_2021_AU: v1.0 updated (v1.1). Zenodo. https://doi.org/10.5281/zenodo.7416222","The authors deposited their compiled bibliographic dataset and analysis scripts in Zenodo with a resolvable DOI presented as openly available, meeting all three open-data criteria, so the detector's negative call is a miss."
39467116,non_open_data,supplement_only,,,,"All data used in the analysis are now included in the supporting information. The data used in the fisheries modeling was included as the last table in this document, which has been uploaded here.","The data availability statement points only to data embedded in the article's own supporting information/appendix rather than a deposit in an external data repository with an accession number or persistent link, so this is supplement-only and does not meet the open-data definition."
39705308,non_open_data,none,,,,Code and tables data will be deposited in Figshare (100).,"The scRNA-seq data analyzed were reused from a prior study (GEO accessions GSM3318005/6/7), and the only availability statement for the newly generated study materials merely states code and tables 'will be deposited in Figshare' without providing any accession number, DOI, or link, so no verifiable open data deposit is present in the text."
38628122,false_negative,open,Dryad,,Dryad,The data and code that support the findings of this study are openly available in Dryad [74].,"The authors explicitly deposited the newly generated experimental data (and code) in the Dryad repository and state it is openly available, satisfying repository deposit and open access criteria even though the specific DOI/accession is only in the reference list not captured in this extracted text."
38235960,false_negative,open,Zenodo,10.5281/zenodo.10054617,Zenodo,"All structures generated in this study are available via zenodo.org (10.5281/zenodo.10054617), together with input parameters and specifications for the compilation of the CP2K package.","The authors deposited the DFT-generated atomic structures and input parameters from this study in Zenodo with a resolvable DOI and no stated access restriction, meeting all three open-data criteria, so the detector's negative call is a miss."
39270011,false_negative,open,NCBI Gene Expression Omnibus (GEO),GSE234396,NCBI,Source data have been deposited in NCBI s Gene Expression Omnibus and are accessible through the GEO series accession number GSE234396.,"The authors deposited newly generated sequencing data (RNA-seq, ChIP-seq, Cut&Tag, Hi-C, EM-seq, scRNA-seq) in GEO with a specific accession number (GSE234396) presented as openly accessible, meeting all three criteria for open data that the detector missed."
39360125,false_negative,open,Zenodo,https://doi.org/10.5281/zenodo.7649989,Zenodo,All data are available from the Zenodo repository: https://doi.org/10.5281/zenodo.7649989 .,"The authors deposited their newly generated experimental data (queen survival, weight loss, abdominal fat measurements) in Zenodo with a resolvable DOI and no stated access restriction, meeting all three open-data criteria that the detector missed."
38249051,false_negative,open,FigShare,https://doi.org/10.6084/m9.figshare.24511504.v1,Figshare,The data presented in this study are openly available in FigShare at https://doi.org/10.6084/m9.figshare.24511504.v1 accessed on 7 November 2023.,"The authors deposited their newly generated mosquito survey/study data in Figshare with a resolvable DOI and explicitly state it is openly available, meeting all criteria for open data that the detector missed."
38719891,false_negative,open,figshare,https://doi.org/10.6084/m9.figshare.c.6849522.v1,Figshare,"All data generated were accessible on the figshare repository (ref. 77), as listed below: 1. Data 1: DEGs identified in the VEGFA-HUVEC angiogenic model. 2. Data 2: angiogenic open chromatin regions. 3. Data 3: angiogenic cis-regulatory elements. 4. Data 4: exome-wide associated SNPs for TAPVC. 5. Data 5: TAPVC-associated SNPs.","The authors deposited newly generated derived datasets (DEGs, angiogenic open chromatin regions/cis-regulatory elements, and TAPVC-associated SNP results) on figshare with a resolvable DOI under an open Creative Commons license, which the detector missed."
39576351,false_negative,open,Zenodo,"ref (19) in Data, Materials, and Software Availability statement (full DOI/URL not captured in extracted text but explicitly cited as reference 19)",Zenodo,"Isotopic, culture, and nitrate concentration data have been deposited in Zenodo (19). ... All data and source code used to analyze and produce the figures for this paper are available at (19).","The authors explicitly state in the Data, Materials, and Software Availability section that newly generated isotopic, culture, and nitrate concentration data were deposited in Zenodo with a specific citation pointer, presented as openly available with no restriction, satisfying the open-data criteria that the detector missed."
38553544,false_negative,open,NERC EDS Centre for Environmental Data Analysis (CEDA),"https://doi.org/10.5285/4a9654136a7148e39b7feb56f8bb02d2 (Level 4 Analysis product v3.0); additional DOIs for L2P/L3U/L3C products e.g. 10.5285/f4151599eb7b491c9f4ce75489eb8b1e, 10.5285/ec659b31a8ca40918e58ec6d03af07a6, 10.5285/62800d3d2227449085b430b503d36b01",Institutional/domain,"Good, S. & Embury, O. ESA Sea Surface Temperature Climate Change Initiative (SST_cci): Level 4 Analysis product, version 3.0. NERC EDS Centre for Environmental Data Analysis https://doi.org/10.5285/4a9654136a7148e39b7feb56f8bb02d2 (2024).","This is a Data Descriptor paper presenting a newly generated 42-year satellite SST climate data record (CCI SST v3.0), with each data product (L2P/L3U/L3C/L4/climatology, per sensor) deposited at the NERC EDS Centre for Environmental Data Analysis under its own DOI and openly accessible, satisfying deposit+accession+open-access criteria that the detector missed."
39905016,false_negative,open,USDA ARS National Agricultural Library Ag Data Commons,https://doi.org/10.15482/USDA.ADC/1526317,Institutional/domain,"All data records are stored on the USDA ARS National Agricultural Library Ag Data Commons (https://agdatacommons.nal.usda.gov/) in the dataset collection named, ""The Bushland, Texas Maize for Grain Datasets"" (https://doi.org/10.15482/USDA.ADC/1526317). There are six datasets, each containing multiple files.","This is a Data Descriptor article whose entire purpose is to describe newly generated multi-year lysimeter, weather, soil water, and crop growth/yield datasets that were deposited with individual DOIs in the USDA ARS Ag Data Commons repository and presented as openly accessible, meeting all three open-data criteria and making the detector's negative call a false negative."
39880948,false_negative,open,Zenodo,10.5281/zenodo.13903787,Zenodo,Data availability All datasets associated with this paper are available on Zenodo: 10.5281/zenodo.13903787 (ref. 66 ).,"The authors deposited the full meta-analysis dataset they compiled/generated (genetic diversity effect sizes and metadata) in Zenodo with a resolvable DOI accession and describe it as openly available, meeting all three criteria for open data despite the detector scoring it negative."
39336645,unclear,unclear,,,,"All specimens are stored in the Dalberto Teixeira Pombo (DTP) Collection at the University of the Azores (Terceira Island), with data accessible in [ 18 ] through a specified URL.","The article states the underlying data are accessible via a cited reference and a URL, but the reference list, the actual URL, and any repository name/accession number are not present in the extracted text (no Data Availability Statement or reference list section is included), so it cannot be confirmed whether this is a genuine repository deposit with an accession versus a citation to another paper."
39713280,non_open_data,supplement_only,,,,"Supporting Information Available The Supporting Information is available free of charge at https://pubs.acs.org/doi/10.1021/acs.cgd.4c00909. Additional visualizations of crystal structure models and the SED technique, supporting electron microscopy and atomic force microscopy analyses, and diffraction pattern simulations (PDF) Structural Models (ZIP) Supplementary Material cg4c00909_si_001.pdf cg4c00909_si_002.zip","The article has no data availability statement and no repository deposit with an accession number; the only shared materials are supplementary files (PDF/ZIP of structural models and additional figures) attached directly to the journal article, which does not meet the repository-deposit-plus-accession criterion for open data."
38259104,false_negative,open,European Nucleotide Archive (ENA); ProteomeXchange/PRIDE,PRJEB63998; PXD043478,ENA/EBI,The metagenomic raw sequences have been deposited in the European Nucleotide Archive (ENA) at EMBL-EBI under Project accession number PRJEB63998. The mass spectrometry proteomics data have been deposited to the ProteomeXchange Consortium (63) via the PRIDE (64) partner repository with the dataset identifier PXD043478.,"The authors deposited newly generated metagenomic sequencing data in ENA (PRJEB63998) and newly generated mass spectrometry proteomics data in PRIDE (PXD043478), both with accession numbers and presented as openly accessible, meeting all three open-data criteria, so the detector's negative call is a miss."
40330104,false_negative,open,Dryad,https://doi.org/10.5061/dryad.qz612jmrj,Dryad,"Code,raw sequence data and metadata for the l6S and 12S reads (fastq.gz files) on Dryad: ... https://doi.org/10.5061/dryad.qz612jmrj.","The authors deposited their newly generated 16S and 12S rRNA amplicon sequencing reads (fastq.gz) and metadata in the Dryad repository with a resolvable DOI, presented as openly accessible, meeting all three open-data criteria that the detector missed."
39726752,false_negative,open,Zenodo (mirrored on GitHub),https://doi.org/10.5281/zenodo.13841191,Zenodo,The experimental raw data is available at GitHub and Zenodo: - https://github.com/JingpingWu637/Experimental-raw-data.git . - JingpingWu637. (2024). JingpingWu637/Experimental-raw-data: Experimental raw data (v.1.1.0). Zenodo. https://doi.org/10.5281/zenodo.13841191 .,"The authors deposited their newly generated experimental raw data in Zenodo with a resolvable DOI, presented as openly accessible without restriction, satisfying all three open-data criteria."
38549781,false_negative,open,FigShare,https://doi.org/10.6084/m9.figshare.21957002.v1,Figshare,"The SIG data is available at FigShare: Bezerra Barbosa de Oliveira, Yedda Christina (2023). Participatory GIS data. figshare. Dataset. https://doi.org/10.6084/m9.figshare.21957002.v1.","The Data Availability statement deposits the authors' newly generated participatory GIS (sightings, habitat/fishing area) data in FigShare with a resolvable DOI and no stated access restriction, meeting all three open-data criteria, so the detector's negative call is a miss."
38388522,false_negative,open,UCL research data repository,https://doi.org/10.5522/04/23717376,Institutional/domain,"The segmented 3D surface meshes are however unidentifable and are available, with corresponding diagnoses, on the UCL research data repository under the DOI 10.5522/04/23717376.","The authors deposited their newly generated 3D facial surface mesh data (derived from their own ultrasound acquisitions, with corresponding diagnoses) in the UCL institutional research data repository under a persistent DOI, which is openly accessible, satisfying all three open-data criteria even though the raw ultrasound images themselves were withheld for privacy."
39976449,false_negative,open,Mendeley Data,doi: 10.17632/sknp5pwj5y.1,Mendeley,"Raw lipidomics data used to generate and support the conclusions of Fig. S2A are available in a public repository (Mendeley Data, doi: 10.17632/sknp5pwj5y.1).","The authors deposited their newly generated raw lipidomics data in Mendeley Data with a resolvable DOI and describe it as available in a public repository, meeting all three open-data criteria that the detector missed."
39099295,false_negative,open,Biodiversity Exploratories Information System (BEXIS),accession no. 21969 (https://www.bexis.uni-jena.de/ddm/data/Showdata/21969); accession no. 31488 (https://www.bexis.uni-jena.de/ddm/data/Showdata/31488); accession no. 17018 (https://www.bexis.uni-jena.de/ddm/data/Showdata/17018),Institutional/domain,"This work is based on raw data available in the Biodiversity Exploratories Information System as follows: arthropod species (accession no.21969) Weisser, Gossner, et al. (2023) at https://www.bexis.uni-jena.de/ddm/data/Showdata/21969; arthropod orders (accession no.31488) from Staab et al. (2023) at https://www.bexis.uni-jena.de/ddm/data/Showdata/31488; sampling dates (accession no.17018) from Gossner and Weisser (2023) at https://www.bexis.uni-jena.de/ddm/data/Showdata/17018.","The authors deposited their own newly generated arthropod abundance/species-richness and sampling-date data in the BEXIS institutional repository with distinct accession numbers and openly accessible URLs, meeting all three open-data criteria, so the detector's negative call is a false negative."
39876793,false_negative,open,GitHub repository (code fork) plus a separate permanently-archived repository version,,Other,The software code of the simulator is available at [27]. The repository also contains spectrophotometer measurements of the Chlorella vulgaris samples used in this study. A permanently stored version of the code can be found at [28]. It also contains the simulated hyperspectral image cubes that are not stored in the GitHub repository.,"The authors deposited newly generated data (their spectrophotometer measurements of Chlorella vulgaris and the simulated hyperspectral image cubes) in a GitHub repository plus a separately cited permanently-stored archival version, describing both as openly available with no access restriction, which meets the open-data definition even though the plain-text extraction stripped the actual reference URLs/DOIs (shown only as bracketed citation numbers [27]/[28])."
39742494,false_negative,open,Zenodo,https://doi.org/10.5281/zenodo.11386493,Zenodo,The data underlying the results presented in this paper are available from https://doi.org/10.5281/zenodo.11386493.,"The authors deposited the data underlying their results (separately from code, which has its own DOI) in Zenodo with a persistent DOI and no stated access restriction, meeting all three open-data criteria, so the detector's negative call is a miss."
40267205,non_open_data,supplement_only,,,,Data and materials availability: All data needed to evaluate the conclusions in the paper are present in the paper and/or the Supplementary Materials.,"The article's data availability statement is generic boilerplate pointing only to the paper and its Supplementary Materials, with no deposit of newly generated data in a repository and no accession number or persistent link provided."
39661682,false_negative,open,Figshare,10.6084/m9.figshare.25393516,Figshare,Raw data and code are available in Figshare (DOI: 10.6084/m9.figshare.25393516),"The authors deposited their raw data (and code) in Figshare with a resolvable DOI and present it as openly accessible, satisfying all three open-data criteria, so the detector's negative call is a miss."
38287368,non_open_data,upon_request_or_restricted,,,,All data are available upon request to the corresponding author.,"The article's data availability statement offers data only upon request to the corresponding author, with no repository deposit or accession number, so it does not meet the open data definition."
38396146,false_negative,open,EnviDat,https://doi.org/10.16904/envidat.458,Institutional/domain,"We deposited our LULC maps25 on EnviDat (https://doi.org/10.16904/envidat.458). Te dataset is composed of a compressed (.zip) fle containing three georeferenced raster fles in the GeoTIFF format with embedded coordinate reference system; a table (comma separated values,.csv) encoding a colour palette for plotting; and the code used to generate the LULC forecasts.","The authors deposited their newly generated 100-m land-use/land-cover forecast maps for Switzerland in the EnviDat domain repository with a resolvable DOI and no stated access restriction, meeting all three open-data criteria that the detector missed."
40310107,false_negative,open,OSF,https://osf.io/cnr84/?view_only=cc0c4dd052bc41b58e8641815e7578d5 ; DOI https://www.doi.org/10.17605/OSF.IO/CNR84,OSF,The data presented in this study is freely available at the OSF repository at https://osf.io/cnr84/?view_only=cc0c4dd052bc41b58e8641815e7578d5 with the following DOI: https://www.doi.org/10.17605/OSF.IO/CNR84 .,"The authors deposited their newly generated cognitive-testing data (D2, Corsi Blocks, BPR, Go/No-Go, VAS measures) in the OSF repository with a resolvable DOI and state it is freely available, meeting all three open-data criteria, so this is a detector false negative."
38248526,non_open_data,reuse_only,Interuniversity Consortium for Political and Social Research (ICPSR),https://doi.org/10.3886/ICPSR29961.v2,Other,"The data presented in this study are openly available in the Interuniversity Consortium for Political and Social Research [distributor], 14 March 2016. https://doi.org/10.3886/ICPSR29961.v2.","The authors reused a pre-existing, third-party dataset (Pathways to Desistance Study, deposited in ICPSR before this study) rather than depositing newly generated data of their own, so this is a legitimate reuse-only negative."
40127271,false_negative,open,figshare,,Figshare,"Behavioral videos, visual stimulus information, segmented neuron information, and neuronal delta F/F traces are available on figshare ( 58 ).","The Data, Materials, and Software Availability statement describes newly generated behavioral videos, stimulus info, segmented neuron data, and calcium imaging traces deposited in the figshare repository (cited as ref. 58) with no indication of restricted access, meeting all three open-data criteria despite the detector scoring it negative."
39391720,false_negative,open,Mendeley Data,https://doi.org/10.17632/vtky42nggm.1,Mendeley,Data from the text-mining methodology have been deposited at Mendeley and are publicly available as of the date of publication. The DOI is listed in the key resources table.,"The authors deposited their newly generated/curated data (text-mining-derived PGx variant dataset and processed population sequencing data) at Mendeley Data with a resolvable DOI (10.17632/vtky42nggm.1) explicitly stated as publicly available, meeting all three open-data criteria, so the detector's negative call is a miss."
39717369,false_negative,open,ESS-DIVE repository (AGAGE atmospheric measurement dataset),https://doi.org/10.15485/2216951,Institutional/domain,"Atmospheric measurement data from the AGAGE network are available at https://www-air.larc.nasa.gov/missions/agage/, last accessed 15 November 2024) and at https://doi.org/10.15485/2216951 ref. 50.","The authors deposited their own newly collected/updated AGAGE atmospheric measurement data (through 2023) in the ESS-DIVE repository with a persistent DOI, presented as openly accessible, satisfying all three open-data criteria that the detector apparently missed."
39224162,false_negative,open,Zenodo,https://doi.org/10.5281/zenodo.10685196,Zenodo,The data that support the findings of this study are openly available in Zenodo at https://doi.org/10.5281/zenodo.10685196.,"The authors deposited their newly collected vegetation plot resurvey data in Zenodo with a resolvable DOI and explicitly state it is openly available, meeting all three criteria for open data that the detector missed."
40371097,unclear,unclear,,,,[... middle truncated ...],"The article is a methods/perspective paper (guide to demo-genetic simulation modelling) whose middle section - covering Results, Discussion, Acknowledgments, and any Data/Code Availability Statement - is missing from the supplied text (marked '[... middle truncated ...]' between the Model Development section and the reference list), so no data-availability language could be located; only a generic 'Supporting Information' pointer to article-attached files is visible, which is insufficient to determine whether newly generated data (e.g., SLiM simulation outputs/scripts) were deposited in a repository with an accession."
39553868,false_negative,open,Figshare,https://doi.org/10.6084/m9.figshare.26264657; https://doi.org/10.6084/m9.figshare.26264660; https://doi.org/10.6084/m9.figshare.26264651; https://doi.org/10.6084/m9.figshare.26264654; https://doi.org/10.6084/m9.figshare.26264648; https://doi.org/10.6084/m9.figshare.26264663; https://doi.org/10.6084/m9.figshare.26264666,Figshare,Visualization 1 Output of full-frame registration for a single IVCM video focused at the corneal epithelium. https://doi.org/10.6084/m9.figshare.26264657,"Although the formal Data Availability Statement claims underlying data are available only upon reasonable request, the article separately deposits seven newly generated IVCM/AOSLO video datasets (registered image sequences and time-lapsed cell-dynamics videos from human participants) on Figshare, each with its own DOI, presented without access restriction, satisfying deposit+accession+open-access criteria that the detector appears to have missed by focusing only on the restrictive DAS text."
38264928,non_open_data,code_only,Zenodo; GitHub,https://doi.org/10.5281/zenodo.10391662; https://github.com/Bevelynn/viral-reproduction-number,Zenodo,Computer codes (in Python) for reproducing the results in figures 3–9 are available from the Zenodo repository: https://doi.org/10.5281/zenodo.10391662 [45] and from the GitHub repository: https://github.com/Bevelynn/viral-reproduction-number [46].,"This is a purely theoretical/mathematical modeling paper with no newly generated empirical data; the Data accessibility statement shares only the Python computer code (via Zenodo and GitHub), not a data deposit, so it is a legitimate detector negative (code-only)."
39829557,false_negative,open,Figshare,10.6084/m9.figshare.25975828; 10.6084/m9.figshare.25975366,Figshare,The NMR data has been deposited in the Figshare with the accession number 10.6084/m9.figshare.25975828 and 10.6084/m9.figshare.25975366.,"The authors deposited their newly generated NMR data in Figshare with two explicit DOI accession numbers, presented as freely accessible, meeting all three criteria for open data despite the detector scoring it negative."
40547194,false_negative,open,4TU.ResearchData,https://doi.org/10.4121/38fa4b11-2854-4e76-ae57-e7463a049933,Institutional/domain,The measurement data obtained and presented in this work is made publicly available at https://doi.org/10.4121/38fa4b11-2854-4e76-ae57-e7463a049933.,"The authors deposited their newly generated near-runway aircraft particle measurement data in the 4TU.ResearchData institutional repository (DOI prefix 10.4121) with a persistent DOI, stated as publicly available with no access restriction, meeting all three open-data criteria despite the detector's negative score."
38464752,false_negative,open,European Nucleotide Archive (ENA),PRJEB37886,ENA/EBI,Sequence read data and consensus genomes from COGUK are available at the European Nucleotide Archive: PRJEB37886.,"The authors deposited newly generated SARS-CoV-2 sequence read data and consensus genomes (including their own 6,000-sequence QIB test dataset generated as part of COG-UK) in the ENA under project accession PRJEB37886, presented as openly available, satisfying all three open-data criteria."
39338043,false_negative,open,Open Science Framework (OSF),https://doi.org/10.17605/OSF.IO/E4XNZ,OSF,"Data supporting the reported results can be found at the repository Open Science Framework, at https://osf.io/e4xnz/ (accessed on 1 August 2024) with the identifier https://doi.org/10.17605/OSF.IO/E4XNZ.","The authors deposited their own newly collected study data (SF-36, BSI, IPAQ, anthropometric measures) in the OSF repository under a CC-BY license with a resolvable DOI/identifier and no stated access restrictions, meeting all three open-data criteria, so this is a detector miss."
38719869,false_negative,open,UPCommons (Universitat Politècnica de Catalunya institutional repository),https://doi.org/10.5821/data-2117-367811-1 (Germany); https://doi.org/10.5821/data-2117-370588-1 (Italy); https://doi.org/10.5821/data-2117-370641-1 (Barcelona); https://doi.org/10.5821/data-2117-370807-1 (Flanders); https://doi.org/10.5821/data-2117-370858-1 (Netherlands),Institutional/domain,"Te datasets and associated fles from all the surveys are stored on the UPCommons repository, with one repository entry for each region's survey17-21.","This Scientific Data descriptor paper reports five newly-collected European survey datasets (n=3,454) that were deposited with distinct DOIs in the UPCommons institutional repository and are openly accessible, so the detector's negative call is a false negative."
40053589,non_open_data,code_only,,,,All data needed to evaluate the conclusions in the paper are present in the paper and/or the Supplementary Materials. A GitHub repository was published using Zenodo (https://doi.org/10.5281/zenodo.14041545) containing instructions for setting up simulations using this modeling framework.,"The Zenodo-archived GitHub repository contains simulation setup code/instructions (software), not a deposit of newly generated data with an accession, and the authors state all data are only within the paper/supplementary materials rather than an open repository."
40261973,non_open_data,none,,,,The Supporting Information is available free of charge at https://pubs.acs.org/doi/10.1021/acs.jpca.4c08240. Reactions put into the kinetic models; the conditions for each trial; and additional details about the instrument (PDF),"This is a physical chemistry kinetics study whose only shared material is a supplementary PDF attached to the article itself, with no deposit of raw data in a data repository and no accession number or persistent dataset link."
38820146,non_open_data,supplement_only,,,,Data and materials availability: All data needed to evaluate the conclusions in the paper are present in the paper and/or the Supplementary Materials.,"The article's data availability statement points only to the paper and its Supplementary Materials, with no deposit in a data repository or accession number/persistent link, so this is a legitimate detector negative rather than a false negative."
39794879,false_negative,open,Zenodo,https://doi.org/10.5281/zenodo.14497379,Zenodo,"Data (de Jonge, 2024 ) are available in Zenodo at https://doi.org/10.5281/zenodo.14497379 .","The authors deposited their compiled dataset (lichen occurrence/trait/solubility data underlying the analysis) in Zenodo with a resolvable DOI and no stated access restriction, meeting all three open-data criteria, so the detector's negative call is a miss."
38541375,false_negative,open,figshare,http://doi.org/10.6084/m9.figshare.21339072,Figshare,Data Availability Statement: The data sets that support the findings of this study are openly available in “figshare” at http://doi.org/10.6084/m9.figshare.21339072 (accessed on 1 March 2024).,"The authors deposited the real-life case study data (patient locations, service times, time windows) they collected/used in figshare with a resolvable DOI stated to be openly available, meeting all three open-data criteria, so the detector's negative call is a miss."
39122772,non_open_data,upon_request_or_restricted,,,,The datasets used and/or analysed during the current study are available from the corresponding author upon reasonable request.,"The newly generated CTD, pCO2, and wind measurements are only offered upon reasonable request from the corresponding author, with no repository deposit or accession number provided."
39264861,false_negative,open,4TU.ResearchData repository,https://doi.org/10.4121/82afa4e1-bdf1-4bf4-8682-32e62f6c3d68,Institutional/domain,All relevant measurement data and MATLAB simulation code are publicly available on the 4TU.ResearchData repository (https://doi.org/10.4121/82afa4e1-bdf1-4bf4-8682-32e62f6c3d68). This repository includes experimental data from the castor wheel on the treadmill and MATLAB code for calculating reaction forces,"The authors deposited newly generated experimental measurement data (not just code) in the 4TU.ResearchData institutional repository with a resolvable DOI, and describe it as publicly available, satisfying all three open-data criteria."
39187534,non_open_data,supplement_only,,,,The data supporting the findings of this study are available within the main body of the manuscript and the supplementary material.,"The Data availability statement points only to the manuscript and its supplementary files with no repository deposit or accession number for the newly generated HTS/metabarcoding sequence data, so this does not meet the open-data definition."
38510986,non_open_data,upon_request_or_restricted,4TU.ResearchData repository,http://doi.org/10.4121/71912bfe-81ad-4e9f-ad92-30a430594f69,Institutional/domain,"The data and materials allowing users to understand, verify, and replicate the findings are published under restricted access on the 4TU. ResearchData repository: http://doi.org/10.4121/71912bfe-81ad-4e9f-ad92-30a430594f69, and can be accessed upon request.","The data have a DOI and are deposited in a named repository, but the authors explicitly state access is restricted and available only upon request, so this is a legitimate detector negative rather than a missed open-data disclosure."
39723171,false_negative,open,4TU.ResearchData,https://doi.org/10.4121/fcb46e92-06cd-4241-a97b-3390d6dc1f70,Institutional/domain,The data that support the findings of this study and the code to reproduce the results shown in the paper are openly available in 4TU. ResearchData at https://doi.org/10.4121/fcb46e92-06cd-4241-a97b-3390d6dc1f70,"The authors deposited newly generated experimental and simulation data supporting the study in the 4TU.ResearchData institutional repository with a resolvable DOI, explicitly stated as openly available, satisfying all three open-data criteria that the detector missed."
39145042,false_negative,open,Dryad,https://doi.org/10.5061/dryad.brv15dvhd,Dryad,All data and codes are publicly available on Dryad (https://doi.org/10.5061/dryad.brv15dvhd).,"The authors deposited their newly generated host-plant morphological/chemical and density data in the Dryad repository with a resolvable DOI, stated as publicly available with no access restriction, which the detector missed."
39161623,false_negative,open,Dryad,doi: 10.5061/dryad.41ns1rnks,Dryad,"The data and supporting code are available at the Dryad repository, doi: 10.5061/dryad.41ns1rnks .","The authors deposited their newly generated phytochemistry and bioassay data in the Dryad repository with a resolvable DOI and no stated access restriction, meeting all three open-data criteria that the detector missed."
40520645,false_negative,open,Zenodo,https://doi.org/10.5281/zenodo.14984017,Zenodo,"The data is available at Zenodo: Anonymous, A. (2025). Data for Storeria dekayi morphology study [Data set]. Zenodo. https://doi.org/10.5281/zenodo.14984017.","The authors deposited their newly generated morphometric measurement data for Storeria dekayi in Zenodo with a resolvable DOI and no stated access restriction, meeting all three open-data criteria, so the detector's negative call is a false negative."
39911270,false_negative,open,Figshare,10.6084/m9.figshare.28001450,Figshare,Data source location Figshare. Data accessibility Repository name: Figshare [1] Data Identification Number: 10.6084/m9.figshare.28001450,"The article is a Data Brief describing the newly generated GBM-Reservoir dataset (23,049 registration-augmented MRI samples with segmentation masks), deposited on Figshare with an explicit DOI accession and stated as open data, meeting all three open-data criteria."
40280936,false_negative,open,U.S. Geological Survey ScienceBase data release,https://doi.org/10.5066/P1UQYBDV,Institutional/domain,"this dataset17, which can be accessed online at https://doi.org/10.5066/P1UQYBDV and used without restriction under a CC0 license.","The author generated a new polygon shapefile dataset (mine disturbance and waste footprints in Alaska) via visual interpretation of satellite imagery and deposited it with an explicit DOI at a USGS data repository under an open CC0 license, meeting all three open-data criteria, so the detector's negative call is a miss."
39734916,false_negative,open,project-specific repository and NoMaD (NOMAD) repository,,Institutional/domain,"Calculation input and output files (including the relaxed geometries, total energies, and phonon data) are available in both project-specific and NoMaD repositories.","The authors deposited their newly generated DFT calculation outputs (geometries, total energies, phonon data) in the domain-specific NOMAD repository plus a project-specific repository, cited via reference numbers, and present them as openly available with no access restriction stated, satisfying all three open-data criteria even though the detector scored this article as not sharing data."
38588432,false_negative,open,Zenodo,10.5281/zenodo.10810331,Zenodo,Anonymized csv data and scripts have been deposited in Zenodo (10.5281/zenodo.10810331) (90).,"The authors deposited their generated csv data and analysis scripts in Zenodo with a resolvable DOI in the Data, Materials, and Software Availability statement, presented as openly accessible, which the detector missed."
39659755,false_negative,open,OSF,https://dx.doi.org/10.17605/OSF.IO/Q3GHJ,OSF,Data and MATLAB scripts to reproduce experimental figures and statistics are available in OSF at https://dx.doi.org/10.17605/OSF.IO/Q3GHJ.,"The authors deposited their newly generated behavioral/experimental data (b-CFS suppression times) and analysis scripts in the OSF repository with a resolvable DOI, presented as openly accessible, so this is a false negative."
38442166,non_open_data,code_only,,DOI: 10.17605/OSF.IO/XWDVN,OSF,"The underlying data that support these findings are publicly available from the Climatic Research Unit (36), GADM (40), and the Demographic and Health Surveys (DHS) Program (35). The terms of use of the DHS data prohibit redistribution, including of the linked dataset that we analyze here. The complete Stata code that supports our findings is deposited at DOI: 10.17605/OSF.IO/XWDVN.","The study relies entirely on pre-existing third-party data (CRU climate data, GADM boundaries, DHS surveys) with no newly generated dataset deposited, and the authors explicitly state the linked DHS dataset they actually analyze cannot be redistributed; only the analysis code is deposited (with a DOI) at OSF."
39703692,false_negative,open,Figshare,"Grindrod, 2024 (accompanying Figshare Archive)",Figshare,"Our derived CTX DTM and orthoimages, shapefiles and tables of the low albedo spots and new impact crater, and python code for our ballistic ejecta models are available at the accompanying Figshare Archive (Grindrod, 2024).","The authors deposited newly generated data products (derived CTX DTM/orthoimages, shapefiles and tables of the mapped low albedo spots and new impact crater) in a named repository (Figshare) with a specific citation reference, presented as openly available with no access restriction stated, so this is open data the detector missed."
40367186,false_negative,open,Gene Expression Omnibus (GEO); Zenodo,GSE289722; GSE289723; https://doi.org/10.5281/zenodo.14873386,NCBI,Bulk RNA-seq and scRNA-seq files are publicly available in the Gene Expression Omnibus repository (accession numbers GSE289722 and GSE289723). Additional files and scripts are available from the Zenodo repository: https://doi.org/10.5281/zenodo.14873386.,"The authors deposited newly generated bulk RNA-seq and single-cell RNA-seq data in GEO with explicit accession numbers (GSE289722, GSE289723) and additional files/scripts in Zenodo with a DOI, both stated as publicly available with no access restriction, so this is a genuine open-data article missed by the detector."
39042691,false_negative,open,Figshare,10.6084/m9.figshare.26139370.v1,Figshare,Study data have been deposited in Figshare (10.6084/m9.figshare.26139370.v1) (62).,"The authors deposited their newly generated structural/mechanical cortex measurement data in Figshare with a resolvable DOI and no stated access restriction, meeting all three open-data criteria, so the detector's negative call is a miss."
40235699,false_negative,open,Zenodo,https://doi.org/10.5281/zenodo.14974973,Zenodo,Data accessibility Repository Name: Zenodo DOI or Identifier: 10.5281/zenodo.14974973 Direct URL: https://doi.org/10.5281/zenodo.14974973,"This Data in Brief article reports a newly generated Kenyan Sign Language pose dataset (20,000+ stickman videos and .npy pose coordinate files) deposited in Zenodo with an explicit DOI/URL and no access restriction stated, meeting all three open-data criteria, so the detector's negative call is a miss."
40352462,false_negative,open,Rossendorf Data Repository (RODARE),https://doi.org/10.14278/rodare.3654,Institutional/domain,"Data for this article, including raw data as well as processed Origin les and Python scripts for modeling and tting, are available at the Rossendorf Data Repository (RODARE) at https://doi.org/10.14278/rodare.3654.","The authors deposited their newly generated raw experimental data, processed data files, and analysis scripts in the RODARE institutional repository with a resolvable DOI and no stated access restriction, meeting all criteria for open data that the detector missed."
38635353,false_negative,open,CSIRO Data Access Portal,https://doi.org/10.25919/ypsj-4d27,Institutional/domain,The data sets presented in this study can be found in online repositories: CSIRO Data Access Portal Accession id: https://doi.org/10.25919/ypsj-4d27.,"The authors deposited their newly generated quantitative proteomics data in the CSIRO Data Access Portal repository with a resolvable DOI accession, presented as openly accessible, satisfying all three open-data criteria."
39659730,false_negative,open,Zenodo,https://doi.org/10.5281/zenodo.13996552,Zenodo,The original confocal and micro CT data are available in the Zenodo repository (https://doi.org/10.5281/zenodo.13996552).,"The authors deposited their newly generated confocal microscopy and micro-CT imaging data of the fossil specimen in Zenodo with a resolvable DOI and describe it as openly available, meeting all criteria for open data despite being missed by the automated detector."
38966246,false_negative,open,Harvard Dataverse,https://doi.org/10.7910/DVN/VECWVX,Dataverse,"All fSPI images and their corresponding extracted luminophore profiles are available from Harvard Dataverse at https://doi.org/10.7910/DVN/VECWVX. This archive also includes the derived data used for statistical analysis, which are also provided in the Supporting Information, Table S2.","The authors deposited newly generated experimental data (sediment profile images, luminophore profiles, derived statistical data) in Harvard Dataverse with a resolvable DOI, presented as openly accessible, and the article even carries an Open Data badge confirming this."
40321412,false_negative,open,"GBIF (via IPT - Integrated Publishing Toolkit, ipt.gbif.pt)",https://doi.org/10.15468/vv9xnb ; https://doi.org/10.15468/dwectn,Institutional/domain,Resource link https://doi.org/10.15468/vv9xnb ; https://doi.org/10.15468/dwectn ... Download URL http://ipt.gbif.pt/ipt/archive.do?r=gw_herpetol_dataset,"This is a GBIF data paper describing two newly generated Darwin Core Archive datasets (standardised and opportunistic herpetofauna survey records) deposited on GBIF's IPT repository with resolvable DOIs and download URLs, published under CC-BY with no access restriction, meeting all three open-data criteria."
39536077,false_negative,open,Harvard Dataverse,https://doi.org/10.7910/DVN/POGPP2,Dataverse,"Outputs from the Natural Environment Valuation (NEV) tool quantifying different aspects of market and non-market value for each of the decision-making approaches (Flat-Rate payment, Land Use Scenario and Natural Capital targeted) are available for download at the Harvard Dataverse (https://doi.org/10.7910/DVN/POGPP2) (83).","The authors deposited newly generated model output data (NEV tool outputs) in Harvard Dataverse with a resolvable DOI and describe it as available for download, meeting all three open-data criteria, so this is a detector miss."
38267450,false_negative,open,Zenodo,https://doi.org/10.5281/zenodo.7920303,Zenodo,"Bensaf, M. & Stanley, H. B. COVID-19 - Symptoms - Impact on quality of life and needs of afected people. zenodo https://doi.org/10.5281/zenodo.7920303 (2023).","This Scientific Data descriptor reports newly collected survey data (639 COVID-19 patients) that the authors deposited on Zenodo with a resolvable DOI, containing the raw CSV dataset plus metadata and configuration files, meeting all three open-data criteria."
38380701,non_open_data,reuse_only,,,,All the data used in this article are already freely available (see Section 2; Text S1).,"The data availability statement and Methods describe only reuse of pre-existing third-party datasets (CPR survey abundance data, Copernicus ORAS5/ERA5 reanalysis, GEBCO bathymetry, NCEI NAO index, NOAA AMO index, NASA GISS NHT anomalies) downloaded from their original sources, with no new deposit of authors' own generated data accompanied by an accession number."
40057500,false_negative,open,Centre for Environmental Data Analysis (CEDA) archive,10.5285/397b2da3a0d04bde8e5ele34lc829422; 10.5285/f18f81e6fe014e5ab7b847f282f9de7b; 10.5285/f677ad3b44c24d5e8701153f14ab39e4; 10.5285/a89007aa668d4e2f940dbb3d3dfcc3dc,Institutional/domain,"data record32 can be retrieved from the Centre for Data Analysis archive (https://archive.ceda.ac.uk/) ... The data are released under the Creative Commons Attribution 4.0 International License (CC BY 4.0, http://creativecommons.org/licenses/by/4.0/).","The authors deposited their newly generated 24-year aerosol optical depth data record in the CEDA domain repository with explicit DOIs for each of the four dataset products and state it is released under an open CC BY 4.0 license, satisfying all three open-data criteria that the detector missed."
38951502,false_negative,open,figshare,https://doi.org/10.6084/m9.figshare.24645747,Figshare,"Te “Spatial Nitrogen Yield” Dataset is accessible through Wang et al.21. ... 21. Wang, Y., Zhang, X. & Zhao, K. A dataset of riverine nitrogen yield across watersheds in the Conterminous United States. fgshare https://doi.org/10.6084/m9.fgshare.24645747 (2024).","This is a Scientific Data descriptor for a newly generated dataset (nitrogen loads/yields derived by the authors) deposited on Figshare with a resolvable DOI and no access restriction, meeting all three open-data criteria despite the detector's negative call."
39872028,false_negative,open,Zenodo,https://doi.org/10.5281/zenodo.13709923; https://doi.org/10.5281/zenodo.13710021; https://doi.org/10.5281/zenodo.13710101,Zenodo,"The flow cytometry data is available in Zenodo: Raimbekova, A. (2024). Figure 3 Effect of N:P ratios on the H2B-mScarlet expression in transfected HEK293 cells. [Data set]. Zenodo. https://doi.org/10.5281/zenodo.13709923","The authors deposited their own newly generated flow cytometry data in Zenodo with resolvable DOIs and describe it as openly available, satisfying all three open-data criteria even though the detector scored this as no open data."
38680894,non_open_data,supplement_only,,,,The behavior measurements and more detailed analysis are available in the Supplemental Files. ... Supplemental Information 2 The ACC and ASSR data.,"The data availability statement points only to supplementary files attached to the article (behavioral measurements and ACC/ASSR data), with no deposit in an external data repository or accession number/persistent link provided, so this does not meet the open data definition."
40386242,false_negative,open,Zenodo,https://doi.org/10.5281/zenodo.12566091,Zenodo,"The data is available at Zenodo: widwa, J. (2024). Gaze behavior and decision-making processes of handball referees: Insights from gender differences and expertise levels [Data set]. Zenodo. https://doi.org/10.5281/zenodo.12566091 .","The Data Availability statement explicitly deposits the study's own eye-tracking and decision-making dataset in Zenodo with a resolvable DOI and no stated access restriction, meeting all three open-data criteria, so this is a detector false negative."
38181731,non_open_data,code_only,"GitHub / Zenodo (code only); Google Drive and Streamlit app (analysis outputs, not a recognized data repository)",https://doi.org/10.5281/zenodo.8425910,Zenodo,"This paper analyzes existing, publicly available data. All original code has been deposited at GitHub, which can be found on the Center for Alzheimer's and Dementia GitHub (https://github.com/NIH-CARD/NDD_SMR) and Zenodo: https://doi.org/10.5281/zenodo.8425910. Results of SMR analyses can be browsed and downloaded from the Streamlit application (https://nih-card-ndd-smr-home-syboky.streamlit.app/) and csv versions are located at (https://drive.google.com/drive/folders/16lB70BgRKA8yjXuAdW3OntHIrR8gqADO).","The article explicitly states it analyzes existing, publicly available third-party GWAS/QTL data; the Zenodo DOI archives only the analysis code, and the derived SMR result CSVs are hosted on a Streamlit app and a generic Google Drive folder rather than deposited in a recognized data repository with an accession number, so the open-data criteria are not met."
39372908,non_open_data,upon_request_or_restricted,,,,Data availability The data associated with the manuscript is available upon request.,"The article is a methodological/statistical paper (meta-analytic approximations for relational event models) that only used simulated data and previously published/third-party empirical datasets (Enron email corpus, ICEWS political events), and its data availability statement explicitly restricts access to 'upon request' rather than depositing data in an open repository with an accession or persistent link."
40045026,non_open_data,code_only,,https://github.com/AmarisOrmond,,Data availability All data and code for reproduction of plots and data analysis are available on Github: https://github.com/AmarisOrmond.,"The data availability statement only points to a GitHub repository for code/analysis-reproduction (not a data repository deposit with an accession), and no dataset accession number, DOI, or repository deposit for the newly generated physiological/gas-exchange data is given anywhere in the article."
40305618,false_negative,open,4TU.ResearchData,https://doi.org/10.4121/68ece8a1-8931-4411-bb2a-690d7eadee26,Institutional/domain,Data and materials availability: All data needed to evaluate the conclusions in the paper are present in the paper and/or the Supplementary Materials and are available at https://doi.org/10.4121/68ece8a1-8931-4411-bb2a-690d7eadee26.,"The authors deposited their experimental data in the 4TU.ResearchData institutional repository (DOI prefix 10.4121) with a resolvable DOI and no stated access restrictions, meeting all three open-data criteria, so the detector's negative call is a miss."
39630904,false_negative,open,Harvard Dataverse,https://doi.org/10.7910/DVN/6QX3RU,Dataverse,Anonymized replication data and all data processing and analysis code are publicly available on Harvard Dataverse at https://doi.org/10.7910/DVN/6QX3RU.,"The authors deposited anonymized replication data from their own longitudinal PHDCN+ survey in Harvard Dataverse with a resolvable DOI and describe it as publicly available, meeting all three open-data criteria, so the detector's negative call is a miss."
40372439,false_negative,open,Edmond (Max Planck Society open research data repository),,Institutional/domain,"All code and data used to analyze behavioral sequences, perform simulations, or infer behavior for meerkats and coatis are publicly available (85) on the open research data library, Edmond.","The authors state that the newly generated meerkat and coati accelerometer-derived behavioral sequence data (and code) were deposited and are publicly available in the Edmond repository, meeting the open-data criteria even though the specific DOI/accession is only given as a citation number in the reference list not captured in this text extract."
39626871,false_negative,open,Zenodo,10.5281/zenodo.10791088,Zenodo,Data of measured MP particles per sample and participant with statistical analysis and raw version of the figures created thereof are provided as a Microsoft Office Excel spreadsheet in the data and code deposit at 10.5281/zenodo.10791088.,"The authors deposited their newly generated interlaboratory comparison particle-count data (Excel spreadsheet with raw data and analysis code) at Zenodo with a DOI, presented as openly accessible, meeting all three open-data criteria despite the detector scoring it negative."
39068189,false_negative,open,e-cienciaDatos,https://doi.org/10.21950/LBNLGA,Institutional/domain,"The database is available at e-cienciaDatos repository22... D'Haro Enríquez, L. F. et al. Art-GenEvalGPT, e-cienciaDatos, https://doi.org/10.21950/LBNLGA (2024).","The authors deposited their newly generated synthetic dialogue dataset (Art_GenEvalGPT) in the e-cienciaDatos institutional repository with a resolvable DOI, satisfying deposit, accession, and open-access criteria, so the detector's negative call is a false negative."
39103380,false_negative,open,CEDA (Centre for Environmental Data Analysis) / NERC British Oceanographic Data Centre,https://doi.org/10.5285/2c6f3201f01d4346a97f8f08a8c15c9 (parent); https://doi.org/10.5285/b8cf940850164ebeb4cba343384f88b8; https://doi.org/10.5285/11e55bd0-782d-5013-e063-6c86abc043bb; https://doi.org/10.5285/14dd5580eab9410f3696340711b1d67; https://doi.org/10.5285/1159923a-e983-2bb1-e063-6c86abc061b9,Institutional/domain,These datasets are available on a public data server at the Centre for Environmental Data Analysis (CEDA) repository... accessible: https://doi.org/10.5285/2c6f3201f01d4346a97f8f08a8c15c9 ... Released under a Creative Commons Attribution 4.0 International (CC BY 4.0) licence.,"This is a Scientific Data Descriptor whose Data Records section deposits the newly generated LiDAR, orthophoto, and MetOcean datasets in the CEDA/BODC domain repository with multiple resolvable DOIs and explicit CC BY 4.0 open licensing, meeting all three open-data criteria, so the detector's negative call is a false negative."
38277447,non_open_data,reuse_only,,,,All data needed to evaluate the conclusions in the paper are present in the paper. CCI SST v2.1 data are available via https://surftemp.net (39). Model outputs are available via https://doi.org/10.24381/cds.c866074c.,"The authors did not generate or deposit new data themselves; they only reused pre-existing third-party satellite SST data (ESA CCI) and pre-existing CMIP6 model output archives (ESGF/Copernicus CDS), so this is reuse of external data rather than a new deposit by the authors."
38170768,false_negative,open,Dryad,https://doi.org/10.5061/dryad.cvdncjt9o,Dryad,Data and materials availability: TnSeq raw datasets and select LTTL-ATM datasets are available at: https://doi.org/10.5061/dryad.cvdncjt9o.,"The authors deposited newly generated TnSeq and LTTL-AFM datasets in Dryad with a resolvable DOI, satisfying deposit, accession, and open-access criteria, so this is a missed open-data case."
38701516,false_negative,open,Mendeley Data (additional data); Cambridge Crystallographic Data Centre (X-ray structures for complexes 1 and 2),"https://doi.org/10.17632/p4zwk5yg9z.1; CCDC 2323924, CCDC 2323923",Mendeley,Additional data available at https://doi.org/10.17632/p4zwk5yg9z.1 . ... Crystallographic data for 1 ... CCDC: 2323924 . Crystallographic data for 2 ... CCDC: 2323923 .,"The authors deposited newly generated data (raw/additional data via a Mendeley Data DOI, plus X-ray crystal structures via CCDC deposition numbers) in recognized repositories with explicit accession numbers/DOI and no stated access restriction, so this qualifies as open data that the detector missed."
38632480,false_negative,open,MAST (Mikulski Archive for Space Telescopes),archive.stsci.edu/ (JWST GO programme 2124),Institutional/domain,The JWST data in this paper are part of GO programme 2124 (principal investigator: J.K.F.) and are publicly available from MAST (archive.stsci.edu/) under that programme ID.,"The authors deposited their newly obtained JWST NIRSpec/MIRI observations in the MAST domain repository under a specific programme ID accession, and the data are stated to be publicly available, satisfying all three open-data criteria."
40215316,false_negative,open,Zenodo; European Genome-phenome Archive (EGA),https://zenodo.org/records/10608267; https://doi.org/10.5281/zenodo.14242993; EGA Study ID: EGAS50000000751; https://zenodo.org/records/10630845,Zenodo,Data and code availability: The data that support the findings of this study are available at https://zenodo.org/records/10608267 and https://doi.org/10.5281/zenodo.14242993 . Bulk-tissue and single-cell RNA sequencing data can be accessed through the European Genome phenome Archive (Study ID: EGAS50000000751). The RNA editing results are available at https://zenodo.org/records/10630845 .,"The authors deposited newly generated bulk and single-cell RNA-seq data (EGA study EGAS50000000751), imaging/functional data (Zenodo records 10608267 and 14242993), and RNA editing results (Zenodo record 10630845), presenting all as openly accessible with explicit accession numbers/DOIs, so this is a clear open-data share that the detector missed."
38864842,non_open_data,supplement_only,,,,All source data is included in the manuscript and supporting files.,"The data availability statement points only to source data files attached to the manuscript itself, with no deposit in a data repository or accession number, so this is not open data sharing under the detector's definition."
38177140,false_negative,open,NPS DataStore (Integrated Resource Management Applications Portal),https://doi.org/10.57830/2301647,Institutional/domain,The final verified dataset has been deposited as a publicly available NPS DataStore Project under the Integrated Resource Management Applications Portal (https://doi.org/10.57830/2301647).,"The authors compiled and expert-verified a new synthesized dataset of amphibian occurrence records and deposited it with a persistent DOI in the publicly accessible NPS DataStore institutional repository, meeting all three open-data criteria."
39296734,false_negative,open,Dryad,https://doi.org/10.5061/dryad.vdncjsz3b,Dryad,The data that support the findings of this study are openly available in Data Dryad at https://doi.org/10.5061/dryad.vdncjsz3b .,"The authors deposited their newly generated mesocosm experiment data in Dryad with a resolvable DOI and explicitly state it is openly available, meeting all three open-data criteria despite the detector scoring the article as not sharing open data."
38706934,false_negative,open,Dryad,10.5061/dryad.msbcc2g4n,Dryad,A version of the dataset with all direct and indirect personal identifiers removed has been uploaded to the Dryad repository DOI: 10.5061/dryad.msbcc2g4n and will be made publicly available if the manuscript proceeds to publication.,"The authors deposited their newly generated survey dataset (anonymized) in Dryad with a DOI, and since this is the published article the conditional release ('if the manuscript proceeds to publication') has been satisfied, making it an open deposit that oddpub missed."
39821939,false_negative,open,Zenodo,https://doi.org/10.5281/zenodo.13855820,Zenodo,"Data and code (Mangan, 2024 ) are available on Zenodo: https://doi.org/10.5281/zenodo.13855820 .","The article's Data Availability Statement deposits the authors' newly generated modeling data and code in Zenodo with a resolvable DOI and no stated access restriction, meeting all three open-data criteria, so the detector's negative call is a miss."
38744875,non_open_data,upon_request_or_restricted,,,,The datasets used in this study are freely available and are available from the corresponding authors on request. All data supporting the findings of this study are available within the paper and are provided as a Source Data file.,"The Data availability statement offers the underlying station/CO/O3 datasets only 'on request' from the corresponding authors (with figure-level Source Data files attached to the paper), with no deposit in a data repository or accession number, so this does not meet the open-data definition."
39896772,false_negative,open,Figshare,https://doi.org/10.6084/m9.figshare.28139600.v1,Figshare,Data Availability Statement Data and code for all empirical aspects of this work are available at https://doi.org/10.6084/m9.figshare.28139600.v1 .,"The authors deposited their newly generated dominance-interaction and egg-investment data in Figshare with a resolvable DOI and no stated access restriction, meeting all three open-data criteria, so this is a detector miss."
38498713,false_negative,open,Harvard Dataverse,https://doi.org/10.7910/DVN/XUTJTN,Dataverse,Anonymized CSV data have been deposited in Dataverse. The data and scripts are for the R statistical package. They can be accessed via the following link and https://doi.org/10.7910/DVN/XUTJTN ( 39 ).,"The authors deposited their newly collected survey data (anonymized CSV) in Dataverse with a resolvable DOI and no stated access restriction, meeting all three open-data criteria despite the detector's negative score."
39257198,non_open_data,upon_request_or_restricted,,,,"Data are available at Department of Clinical Therapeutics, National and Kapodistrian University of Athens, on reasonable request from the corresponding author.","The article's data availability statement offers data only upon reasonable request from the corresponding author, with no repository deposit or accession number, so it does not meet the open data criteria."
39772735,unclear,unclear,,,,Data accessibility Data can be found at [ 61 ].,"The article has a Data accessibility statement pointing to a citation [61], but the extracted text does not include the reference list, so the actual repository name, accession number, DOI, or URL cannot be verified from the provided text."
38563000,non_open_data,supplement_only,,,,The code and raw absence/pseudo-absence data are available in the Supplemental Files.,"The only newly generated data (pseudo-absence records) and analysis code are shared solely as article supplementary files with no repository deposit or accession, while the occurrence records used are reused third-party data from GBIF/OBIS/iDigBio, so no open data deposit criterion is met."
39650524,false_negative,open,Zenodo,https://doi.org/10.5281/zenodo.13780945,Zenodo,"GLAD42 Dataset is available at Zenodo: Khan, S. (2024). GLAD42 - Global Locust Attack Dataset for 42 countries (Version 1) [Data set]. Zenodo. https://doi.org/10.5281/zenodo.13780945","The authors constructed a novel fused dataset (GLAD42, combining FAO locust records with TerraClimate environmental variables plus newly generated negative-class instances) and deposited this newly created data product openly on Zenodo with a DOI, which the detector missed."
39133826,false_negative,open,Zenodo,https://doi.org/10.5281/zenodo.14066557,Zenodo,Data Availability Statement Data supporting this publication are available at https://doi.org/10.5281/zenodo.14066557.,"The authors deposited their newly generated ML training/simulation datasets in Zenodo with a resolvable DOI and no stated access restriction, meeting all criteria for open data that the detector missed."
38232172,false_negative,open,Dryad,doi:10.5061/dryad.j9kd51ck2,Dryad,The dataset has been deposited to Dryad (doi:10.5061/dryad.j9kd51ck2).,"The authors deposited their newly generated electrophysiological/optogenetic recordings in the Dryad repository with a resolvable DOI, which is an open, non-gated deposit that the detector missed."
38654649,false_negative,open,Figshare (Royal Society electronic supplementary material collection),https://doi.org/10.6084/m9.figshare.c.7168150,Figshare,"Electronic supplementary material is available online at https://doi.org/10.6084/m9.figshare.c.7168150 ... Data accessibility Supplementary material, datasets, and code to replicate this study are available online [92].","The authors deposited the newly generated song, morphological, and environmental dataset (electronic supplementary material, tables S1-S8) together with replication code in a Figshare collection with a resolvable DOI, and the article states it is available online with no access restriction, so this meets the open-data definition and the detector's negative call is a miss."
39424797,non_open_data,upon_request_or_restricted,,,,The datasets generated during and/or analysed during the current study are available from the corresponding author on request. Source data are provided in this paper.,"The data availability statement only offers data upon request to the corresponding author and refers to source data files within the paper itself, with no deposit in a repository or accession number provided."
40054693,non_open_data,supplement_only,,,,Data supporting the original contributions presented in the study are included in the article and supplementary materials.,"The data availability statement only references data included within the article and its supplementary materials, with no deposit in an external repository or accession number/DOI/persistent URL provided, so this does not meet the open-data definition."
38959034,false_negative,open,Zenodo,https://doi.org/10.5281/zenodo.10605855,Zenodo,"All raw data, Calcofluor White, and DAPI images and cell segmentations used in this study and in Vlad et al. (26) are deposited on Zenodo (URL: https://doi.org/10.5281/zenodo.10605855).","The authors deposited newly generated imaging/cell segmentation data in Zenodo with a resolvable DOI and describe it as openly accessible, meeting all three open-data criteria, so the detector's negative call is a miss."
38531405,false_negative,open,Dryad,,Dryad,All other data and novel code have been made available in a permanent Dryad repository [ 61 ].,"The Data accessibility statement explicitly states that the novel data (and code) generated for this study were deposited in a permanent Dryad repository as an open, citable dataset, meeting the deposit+accessibility criteria that the detector missed even though the specific DOI/accession string is not reproduced in this text excerpt."
38713426,non_open_data,none,,,,Data Availability No datasets were generated or analysed during the current study.,"This is a reflective/methods piece about teaching research data management with DataLad, and the authors explicitly state no datasets were generated or analysed; the shared GitHub repositories contain course/documentation source code, not research data."
40235033,false_negative,open,"Institutional repository (University of Queensland eSpace, DOI prefix 10.48610)",https://doi.org/10.48610/a36c277,Institutional/domain,"The raw colour pattern data are available at: https://doi.org/10.48610/a36c277 (van den Berg, Hassler, Blomberg, Wilson, et al., 2024).","The authors deposited their newly generated raw colour pattern data (from 346 individuals across 45 species) in an institutional data repository with a resolvable DOI and describe it as available, satisfying all three open-data criteria, so this is a detector false negative."
38768351,false_negative,open,Dryad (UCI),https://doi.org/10.5061/dryad.3ffbg79rm,Dryad,Remote sensing data have been deposited in Dryad UCI ( https://doi.org/10.5061/dryad.3ffbg79rm ) ( 49 ).,"The authors deposited their newly generated DInSAR remote sensing data, grounding zone results, and GlaDS model output in the Dryad repository with a resolvable DOI, presented as openly accessible, which meets all criteria for open data yet was missed by the detector."
39546597,false_negative,open,Zenodo,https://doi.org/10.5281/zenodo.13785423,Zenodo,"Codes used for this analysis, trained models, and matched radiomic features/histology features from the UCMC validation dataset to replicate this analysis are available at https://doi.org/10.5281/zenodo.13785423 ; code is also available at https://github.com/fmhoward/HistoXGAN .","Beyond reused TCGA/CPTAC public-repository data, the authors deposited newly generated UCMC-cohort-derived radiomic/histology feature data (and trained models) in Zenodo with a resolvable DOI and describe it as available (not restricted), satisfying deposit+accession+open-access criteria that the detector missed."
39043238,false_negative,open,"Data repository (name not given in extracted text; cited as reference [83], distinct from the figshare ESM collection cited as [84])",,Other,Data accessibility All data and sound files are publicly accessible through the data repository [83].,"The article's Data accessibility statement explicitly asserts that all newly generated data (and sound recordings) were deposited in a data repository and are openly, unrestrictedly accessible, satisfying deposit and open-access criteria even though the specific accession/DOI (held in reference [83], separate from the ESM figshare DOI [84]) was not captured in the extracted text."
38857406,non_open_data,code_only,,,,All 3D simulations were carried out using the magnetohydrodynamic code MagIC which is open source and available in Zenodo (42). This study used the adapted version (43) from (27).,"The Data Availability statement only shares the MagIC simulation code (open source, on Zenodo) with no newly generated dataset, accession number, or data deposit described anywhere in the article, so this is code-only sharing rather than open data."
40248973,false_negative,open,Figshare,https://doi.org/10.6084/m9.figshare.28546346.v1,Figshare,"The datasets supporting this study are available in the repository at https://doi.org/10.6084/m9.figshare.28546346.v1, under a CC-BY 4.0 licence.","The authors deposited the datasets supporting this newly generated experimental/simulation study in Figshare with a resolvable DOI and an explicit open CC-BY license, satisfying all three open-data criteria, so the detector's negative call is a miss."
38483981,non_open_data,code_only,Figshare,https://doi.org/10.6084/m9.figshare.23707119.v2,Figshare,The code used for this analysis was implemented in MATLAB (R2022b) and is freely available for download on Figshare at https://doi.org/10.6084/m9.figshare. 23707119.v2. The code (495MB) associated with this manuscript contains an 'EEM Methods' folder for using the methods and a separate 'Results Replication' folder for reproducing the results and figures.,"The Data Availability Statement only describes a Figshare deposit of MATLAB code (methods and results-replication scripts) with no mention of a deposited dataset, so this is code-sharing only and does not meet the open-data definition."
39525648,false_negative,open,Mendeley Data,10.17632/5yz78xxpmy.1 (https://data.mendeley.com/datasets/5yz78xxpmy/1),Mendeley,Repository name: BEEHIVE: a public dataset of Apis mellifera images to empower honeybee monitoring research Data identification number: 10.17632/5yz78xxpmy.1 Direct URL to data: https://data.mendeley.com/datasets/5yz78xxpmy/1,"This Data in Brief article describes a newly generated image dataset (bee images and YOLO annotations) deposited in Mendeley Data with an explicit DOI and direct URL, presented as openly downloadable, so it meets all three open-data criteria despite the detector's negative score."
40153504,false_negative,open,Zenodo,https://doi.org/10.5281/zenodo.11658424,Zenodo,Datasets can be accessed in the Zenodo repository with the identifier https://doi.org/10.5281/zenodo.11658424.,"The authors deposited their newly generated experimental datasets in Zenodo with a resolvable DOI and describe them as openly accessible, meeting all three open-data criteria, so the detector's negative call is a miss."
38190537,false_negative,open,Harvard Dataverse,,Dataverse,Replication material (Stata and R formats) have been deposited in Harvard dataverse ( 91 ).,"The Data, Materials, and Software Availability statement explicitly reports deposit of the authors' compiled replication dataset (merged flood-exposure/displacement/societal-context data plus code) in Harvard Dataverse, a named open repository, with no stated access restriction, meeting the open-data criteria even though the specific DOI is only given via an in-text reference citation not reproduced in this extract."
38690402,non_open_data,none,,,,"We argue that land use governance, viewed through a land system lens, affects tick-borne disease risk... We illustrate the role of land use legacies, trade-offs in land-use decisions, and social inequities in access to land resources, information and decision-making, with three cases: Kyasanur Forest disease in India, Lyme disease in the Outer Hebrides (Scotland), and tick acaricide resistance in cattle in Ecuador.","This is a perspective/review article synthesizing prior published case-study literature on land system governance and tick-borne disease risk; it contains no methods generating new primary data and no data availability statement or repository deposit, so it legitimately shares no open data."
39452831,non_open_data,upon_request_or_restricted,,https://github.com/KabitGit/Ideal-Equilibrium-Oxygen-Membrane-Reactor,,The code used for the perfectly mixed reactor model simulations in the study is openly available at GitHub... Simulated raw data will be made available by the authors on request.,"Only the simulation code is openly deposited on GitHub, while the actual simulated/experimental data are stated to be available only upon request from the authors, which does not meet the open-data criteria."
40092899,false_negative,open,European Nucleotide Archive (ENA); Zenodo,PRJEB84028; PRJEB85996; PRJNA1204288; GCA_965111905; DOI: 10.5281/zenodo.14617131,ENA/EBI,All genomic data (long read sequencing data and Hi C sequencing data) have been deposited at European Nucleotide Archive (ENA) under PRJEB84028. Transcriptome data have been deposited at PRJEB85996 and PRJNA1204288. Sequences of the genome assembly is publicly available at ENA under accession GCA_965111905. Annotation files of the genome assembly have been deposited at Zenodo at DOI: 10.5281/zenodo.14617131.,"The authors generated new PacBio HiFi, Hi-C, and RNA-seq data plus a genome assembly and annotation, and deposited all of it with explicit accessions at ENA and Zenodo, presented as publicly available, meeting the open data criteria the detector missed."
38228183,non_open_data,reuse_only,WWARN (Worldwide Antimalarial Resistance Network),www.wwarn.org/tracking-resistance/sp-molecular-surveyor,Institutional/domain,The dataset supporting this article is available from the Wwarn repository: www.wwarn.org/tracking-resistance/sp-molecular-surveyor [30]. The code used for analysis is available from the Zenodo repository: https://zenodo.org/records/10354808 [31].,"The study is a statistical/modelling paper that uses a pre-existing dataset collated by the Worldwide Antimalarial Resistance Network from prior genetic surveillance studies, not newly generated data; only the analysis code (Zenodo) and a pointer to the third-party WWARN dataset are shared, so there is no newly generated open data deposit."
39926358,non_open_data,upon_request_or_restricted,,,,"The raw data supporting the conclusions of this article will be made available by the authors, without undue reservation.","The data availability statement only offers data upon request from the authors, with no repository deposit, accession number, or persistent URL provided."
39314839,false_negative,open,Zenodo,https://doi.org/10.5281/zenodo.10552519,Zenodo,"The data is available at Zenodo: Dhami, B. (2024). Ecological and anthropogenic factors influencing the habitat use of Bos gaurus and its conservation threats in Chitwan National Park, Nepal [Data set]. Zenodo. https://doi.org/10.5281/zenodo.10552519.","The authors deposited their newly collected field survey/habitat data (Gaur presence, habitat variables) in Zenodo with a resolvable DOI and present it as openly available, meeting all three open-data criteria, so the detector's negative call is a false negative."
38724536,false_negative,open,"EnviDat (Swiss Federal Institute for Forest, Snow and Landscape Research WSL)",https://doi.org/10.16904/envidat.486,Institutional/domain,"The file is available from the environmental data portal EnviDat of the Swiss Federal Institute for Forest, Snow and Landscape Research WSL (https://doi.org/10.16904/envidat.486).","This Data Descriptor article describes a newly compiled dataset of 40,349 felled trees deposited with a DOI in the open EnviDat repository, meeting all three criteria for open data, so the detector's negative call is a false negative."
39052838,false_negative,open,Open Science Framework (OSF),https://osf.io/servz/,OSF,Preprocessed human behavioral and EEG data are available on the Open Science Framework (OSF) (https://osf.io/servz/) (90).,"The authors deposited their own newly generated behavioral and EEG data in the OSF repository with a persistent URL and no stated access restriction, meeting all three open-data criteria, so the detector's negative call is a miss."
39595769,non_open_data,upon_request_or_restricted,,,,The data presented in this study are available on request from the corresponding author due to privacy.,"The article's own Data Availability Statement restricts access to on-request due to privacy, with no repository deposit or accession number provided, so this is a legitimate non-open-data case rather than a detector miss."
40003364,false_negative,open,Zenodo,https://doi.org/10.5281/zenodo.14012141,Zenodo,Data Availability Statement: https://doi.org/10.5281/zenodo.14012141.,"The authors provide a Data Availability Statement with a Zenodo DOI presented without restriction, indicating deposit of their compiled study dataset in an open repository with a persistent accession link, which the detector missed."
39595754,non_open_data,reuse_only,,https://burkina.dhis2.org/,,The data were extracted from the District Health Information System 2 (DHIS2) of Burkina Faso: https://burkina.dhis2.org/ (accessed on 1 November 2024).,"The authors analyzed pre-existing secondary surveillance data reused from Burkina Faso's national DHIS2 health data warehouse and satellite/climate sources, with no new dataset deposited by the authors in a data repository with an accession number."
40391376,non_open_data,upon_request_or_restricted,,,,Data availability Data will be made available on request.,"The article's data availability statement only offers data upon request, with no repository deposit, accession number, or persistent URL to newly generated data, so this is a legitimate detector negative."
38879602,false_negative,open,Zenodo,7973724,Zenodo,The TRACERx Nuclear IMC segmentation dataset and deep-imcyto’s trained neural network model weights can be downloaded from Zenodo under accession code 7973724. A testing dataset consisting of five samples from the TRACERx IMC data (T cells & Stroma panel) has been deposited on Zenodo under accession code 7973724 and the TRACERx-PHLEX GitHub repository.,"The authors generated a new ground-truth nuclear segmentation dataset (41,962 manually labelled nuclei) and a test IMC dataset, both deposited openly in Zenodo with a stated accession code, satisfying deposit+accession+open-access even though the separate main raw IMC cohort data remain restricted."
38770122,false_negative,open,GitHub (mjgarrett/NIDGS_scripts); also RADseq VCF files on Dryad,https://github.com/mjgarrett/NIDGS_scripts ; https://doi.org/10.5061/dryad.sj3tx965c,Other,"SNP genotyping pipelines, concordance scripts, and the GT seq SNP dataset in .csv format are available on GITHUB (https://github.com/mjgarrett/NIDGS_scripts). VCF files from the RADseq data are available on DRYAD (https://doi.org/10.5061/dryad.sj3tx965c).","The article deposits the newly generated GT seq SNP genotype dataset (.csv) at a persistent, openly accessible GitHub link (and earned an explicit journal Open Data badge), satisfying deposit + link + open access for newly generated data, so the detector's negative call is a miss."
40389432,non_open_data,code_only,,https://github.com/fberkemeier/DNA_replication_model.git (https://doi.org/10.5281/zenodo.15337522),,"The replication timing data used in this study were obtained from the Encyclopedia of DNA Elements (ENCODE)... and from high-resolution Repli-seq... GRO-seq data used in this study were accessed from the Gene Expression Omnibus... under accession numbers GSE62046, GSE94872, and GSE60454... Fragile site locations were sourced from the publicly available HumCFS database... All these data are publicly available.","This is a purely computational/modelling study that only reuses pre-existing public third-party datasets (ENCODE, GEO Repli-seq/GRO-seq, HumCFS) with no newly generated data deposited; the only new deliverable made available is the source code (GitHub/Zenodo), which is code sharing, not open data sharing."
39475617,false_negative,open,4TU.ResearchData,https://doi.org/10.4121/983e4771-1d12-457f-a98e-fab3a2959288,Institutional/domain,The data underlying and the code to generate the figures are deposited at data and software supporting Metropolitan-scale heralded entanglement of solid-state qubits 4TU.ResearchData: https://doi.org/10.4121/983e4771-1d12-457f-a98e-fab3a2959288 (2024).,"The authors deposited the newly generated experimental data underlying the paper at the 4TU.ResearchData institutional repository with a resolvable DOI and no stated access restriction, meeting all three open-data criteria despite the detector's negative score."
40303021,non_open_data,code_only,,,,Other production data cannot be made available because of privacy agreements; details of these cases are specified in Table 1. The R software code used in this study is also available (https://doi.org/10.5281/zenodo.8401684).,"The core newly generated study data (fish counts, deaths, losses, weight) are closed due to privacy agreements, the 'open' items (temperature, farm registry, PD outbreak records) are pre-existing routine/regulatory data reused from third-party national databases rather than newly deposited by the authors, and only the R analysis code was deposited with an accession (Zenodo DOI), so this is a legitimate code-only detector negative."
39391756,non_open_data,code_only,Zenodo,10.5281/zenodo.12208682,Zenodo,The R script for statistical analysis is available in the Zenodo repository at: 10.5281/zenodo.12208682,"The Data availability statement only deposits the R analysis script (code) in Zenodo; the underlying newly generated data (MRS neurotransmitter concentrations, PGT behavioral responses) are not deposited with an accession, only summarized in article tables."
39747195,non_open_data,upon_request_or_restricted,,https://github.com/sbhattacharyay/TILTomorrow47,,"Individual participant data, including data dictionary, the study protocol, and analysis scripts are available online, conditional to approved study proposal, with no end date. Interested investigators must submit a study proposal to the management committee online46. Signed confirmation of a data access agreement is required, and all access must comply with regulatory restrictions imposed on the original study. All code used in this project can be found at the following GitHub repository: https://github.com/sbhattacharyay/TILTomorrow47.","The CENTER-TBI participant data underlying this study are only available under a controlled-access process requiring proposal approval and a signed data access agreement, so no open data deposit exists; only the analysis code is openly shared on GitHub."
39940401,false_negative,open,Zenodo,https://doi.org/10.5281/zenodo.14622450,Zenodo,Data Availability Statement Data are fully available here https://doi.org/10.5281/zenodo.14622450 .,"The authors deposited their own newly collected cohort data (clinical caries/erosion exam and dietary/oral-health questionnaire results from 80 athletes) in Zenodo with a resolvable DOI and state it is fully available, meeting all three open-data criteria, so the detector's negative call is a miss."
38774147,non_open_data,code_only,,,,All code and data are publicly available at NEARMI/Range_Map_Public: Code for creating P. shenandoah range map (github.com). We will permanently store code at Zenodo upon acceptance. Data provided with code do not contain the sensitive geographical information on an endangered species. Field and covariate data are separately published in Grant et al. (2024) with obscured spatial location information.,"The article shares its analysis code via a GitHub repository (with a future promise to archive at Zenodo), but the actual field and covariate data generated for this study are not deposited here with an accession/DOI - they are only referenced as appearing in a separate prior publication (Grant et al. 2024), so this article itself provides no verifiable open-data deposit."
40404639,false_negative,open,Zenodo,https://doi.org/10.5281/zenodo.15393651,Zenodo,The plot-level data of the difference between trait values of dominant and rare tree species are stored in Zenodo https://doi.org/10.5281/zenodo.15393651.,"The authors deposited their newly generated plot-level trait-difference dataset in Zenodo with a resolvable DOI, presented as openly accessible, so this is an open-data article the detector missed (the GFBI raw source data being request-only does not negate the openly shared derived dataset)."
40283776,non_open_data,upon_request_or_restricted,,,,The raw data supporting the conclusions of this article will be made available by the authors upon request.,"The Data Availability Statement offers the underlying data only upon request rather than depositing it in a repository with an accession number or persistent open link, and the DOI cited (SARRA-O crop model, Zenodo) is for third-party modeling software, not the authors' newly generated malnutrition/climate/crop-yield data."
39296874,non_open_data,upon_request_or_restricted,,,,The data supporting this article have been included as part of the ESI. Additional computational data produced in this work is available from the corresponding authors upon reasonable request.,"The article only shares data as supplementary ESI files and states that additional computational data is available upon reasonable request, with no repository deposit or accession number, so it does not meet the open-data definition."
39241070,non_open_data,reuse_only,,,,"All data needed to evaluate the conclusions in the paper are present in the paper and/or the Supplementary Materials. In detail, the MODIS LAI/fPAR data are available at https://e4ftl01.cr.usgs.gov/MOLT/MOD15A2H.061/ . The ERA5 reanalysis product is available at ... The TRMM precipitation data are available at ...","The Data Availability statement lists only pre-existing third-party satellite/reanalysis products (MODIS, ERA5, TRMM, TROPOMI SIF, CSIF, isoprene emission datasets, LBA-ECO, FLUXNET2015, AMSR2 X-VOD) that the authors reused, with no newly generated dataset deposited by the authors under a new accession."
39086824,false_negative,open,Dryad Digital Repository,,Dryad,Data accessibility Data supporting this manuscript are accessible in the Dryad Digital Repository [53].,"The authors explicitly state the biologger-derived acoustic and dive data underlying the study (newly generated field data, not third-party reuse) are deposited in the Dryad Digital Repository with no mention of restricted or upon-request access, so this is a genuine open-data deposit the detector missed, even though the specific DOI is only resolvable via reference [53] rather than inline in the data-accessibility sentence."
39533947,non_open_data,supplement_only,,,,DATA AVAILABILITY STATEMENT The data that supports the findings of this study are available in the supplementary material of this article.,"The study analyzes publicly available SRA libraries downloaded from prior studies (data reuse, not newly generated), and its own compiled results/tables are shared only as article supplementary material with no repository deposit or accession, so the detector's negative call is correct."
38355745,false_negative,open,4TU.ResearchData,https://doi.org/10.4121/7b45bcc6-686b-404d-a910-13c87156716a.v1,Institutional/domain,"We provide four types of datasets (available in 4TU.ResearchData at https://doi.org/10.4121/7b45bcc6-686b404d-a910-13c87156716a.v1): national average uWFs for all 175 crops, global gridded pWFs for aggregated crop production, global gridded uWFs, and global gridded CWU.","This is a Scientific Data descriptor whose entire purpose is to describe a newly generated dataset (crop water footprint simulations) deposited with a DOI in the open repository 4TU.ResearchData, satisfying all three open-data criteria, so the detector's negative call is a false negative."
38689546,false_negative,open,Zenodo,,Zenodo,The data that support the findings of this study are uploaded to the Zenodo Research Data repository and are available online [36].,"The article explicitly states newly generated behavioral/chasing-sequence data were deposited in the Zenodo repository and are available online (not restricted), meeting the open-data criteria even though the specific accession/DOI text falls in the reference list not captured in this extract."
39294160,false_negative,open,Earth System Data Repository,https://doi.org/10.57932/29a2ba8b-87e8-4a5d-aba6-ebf6a8faa2c6,Institutional/domain,"Te dataset39 is provided as a zip fle along with a readme.txt fle, available on Earth System Data Repository (https://doi.org/10.57932/29a2ba8b-87e8-4a5d-aba6-ebf6a8faa2c6).","This is a Data Descriptor article whose sole purpose is to describe newly generated microclimate/soil/tree experimental data deposited with a resolvable DOI at the open Earth System Data Repository, meeting all three open-data criteria and constituting a clear detector miss."
39076780,false_negative,open,Zenodo,https://doi.org/10.5281/zenodo.8172597,Zenodo,"The data is available at Zenodo: de Sampaio Barros, M. F., Stefano Filho, C. A., Toffoli de Menezes, L., Ara jo-Moreira, F. M., Trevelin, L. C., Pimentel Maia, R., Radel, R., Castellano, G. (2023). ... [Data set]. Zenodo. https://doi.org/10.5281/zenodo.8172597","The Data Availability statement discloses that the authors deposited their newly generated psycho-physio-neurological (EEG, HR, BR, questionnaire) dataset at Zenodo with a resolvable DOI and no stated access restriction, meeting all three open-data criteria, so the detector's negative call is a miss."
39191780,false_negative,open,Zenodo,https://doi.org/10.5281/zenodo.13165034,Zenodo,"Our data is publicly available for download40... Littleboy, C., Subke, J.-A., Bunnefeld, N. & Jones, I. WorldSeasons: a seasonal classifcation system interpolating biomes within the year for improved temporal aggregation. University of Stirling https://doi.org/10.5281/zenodo.13165034 (2024).","This is a Scientific Data Descriptor whose entire purpose is releasing a newly generated global seasonal classification dataset, deposited on Zenodo with a resolvable DOI and released under a CC-BY open license, meeting all three open-data criteria, so the detector's negative call is a miss."
39475120,false_negative,open,Dryad Digital Repository,https://doi.org/10.5061/dryad.7h44j103h,Dryad,"Data available from the Dryad Digital Repository (Ulgezen et al., 2024): https://doi.org/10.5061/dryad.7h44j103h","The authors deposited their newly generated behavioral/experimental data in the Dryad Digital Repository with a resolvable DOI and no stated access restriction, meeting all three open-data criteria, so the detector's negative call is a miss."
39813342,false_negative,open,OpenNeuro,10.18112/openneuro.ds005691.v1.0.0; 10.18112/openneuro.ds005692.v1.0.0,OpenNeuro/DANDI,Raw electrophysiological data from the invasive recordings are freely available on openneuro.org via DOI: 10.18112/openneuro.ds005691.v1.0.0 . Raw electrophysiological data from the noninvasive recordings are freely available on openneuro.org via DOI: 10.18112/openneuro.ds005692.v1.0.0 .,"The authors deposited their newly generated raw electrophysiological data (both invasive and noninvasive recordings) in OpenNeuro with dedicated DOIs and describe them as freely available, meeting all three open-data criteria, so the detector's negative call is a miss."
38942892,non_open_data,upon_request_or_restricted,,,,The Digital Bathymetric Elevation Model (DBEM) described in this study is available from the corresponding author upon reasonable request.,"All source datasets (ICESat-2 ATL03, Sentinel-3 OLCI, hydrographic charts, FABDEM) are pre-existing third-party data reused by the authors, and the newly generated output (the DBEM) is only available upon reasonable request rather than deposited in an open repository with an accession/DOI."
38862479,false_negative,open,NASA GeneLab / Open Science Data Repository (OSDR); Mendeley Data; Figshare,https://doi.org/10.26030/jm59-zy54 (OSD-352); https://doi.org/10.17632/fjxrcbh672.1; https://doi.org/10.6084/m9.figshare.24581544,NCBI,"The raw data generated in this study is hosted on the NASA GeneLab server, a part of the NASA Open Science Data Repository under study ID OSD-352 (https://doi.org/10.26030/jm59-zy54)... processed count matrices generated for the ST samples... are publicly accessible from Mendeley dataset (https://doi.org/10.17632/fjxrcbh672.1). Furthermore, the RNAscope validation images... are available on Figshare (https://doi.org/10.6084/m9.figshare.24581544).","The authors deposited newly generated raw and processed sequencing/imaging data across three repositories (NASA OSDR, Mendeley Data, Figshare) each with a resolvable DOI/accession and open public access, so this is a clear detector miss."
39209861,false_negative,open,Science Data Bank,https://doi.org/10.57760/sciencedb.15823,Institutional/domain,The dataset is publicly accessible through the Science Data Bank at https://doi.org/10.57760/sciencedb.15823.,"This is a Data Descriptor article reporting a newly generated retention-time dataset (10,073 entries, 343 molecules, 30 chromatographic methods) deposited with an open, resolvable DOI in a public repository, meeting all three open-data criteria."
39992284,non_open_data,code_only,,https://sites.google.com/lbl.gov/calgem/GP,,we provide the GPyTorch implementation for the GP MLL model and the input data at https://sites.google.com/lbl.gov/calgem/GP . Vulcan emissions can be accessed at 10.3334/ORNLDAAC/1810 ... and fire emissions data are accessible at Zenodo ( https://zenodo.org/records/7229675 ),"All accession-bearing links in the availability statement point to pre-existing third-party datasets the authors reused as inputs (Vulcan emissions, fire emissions, OCO-2/3, CARB, CalTrans, OpenSky, CarbonTracker/SMUrF code); the only artifact tied to the authors' own generated GEOS-Chem simulation output/code is posted on a personal lab Google Sites page with no repository deposit or accession, so no newly generated study data meet the open-data criteria."
40121204,false_negative,open,ScienceDB,https://doi.org/10.57760/sciencedb.1299049,Other,"Water-MRYR dataset can be accessed at https://doi.org/10.57760/sciencedb.1299049. Te dataset is a long term water body types mapping result of the urban agglomeration in the middle reaches of the Yangtze River from 1990 to 2021 at 30 m spatial resolution, which has been produced using the developed pixel-semantic framework and weakly supervised deep learning technology.","This is a Scientific Data descriptor whose Data Records section deposits the newly generated water-body mapping dataset (14 raster products) in the ScienceDB repository with a resolvable DOI and no stated access restriction, meeting all three open-data criteria."
38795015,false_negative,open,Zenodo,https://doi.org/10.5281/zenodo.11179585,Zenodo,"All the necessary files to run the simulations performed in this work are also available in the Zenodo repository, together with a full trajectory (https://doi.org/10.5281/zenodo.11179585); other full trajectories are available upon request.","The authors deposited their newly generated MD simulation files and a full trajectory in Zenodo with a resolvable DOI and describe it as openly available, satisfying the repository+accession+open-access criteria even though some additional trajectories are only available upon request."
39889000,non_open_data,supplement_only,,,,All data needed to evaluate the conclusions in the paper are present in the paper and/or the Supplementary Materials.,"The data availability statement points only to the paper and its supplementary materials (figures, tables, movie), with no repository deposit or accession number for the XPCT imaging data generated in the study."
38739795,false_negative,open,Zenodo,,Zenodo,The raw data and analysis scripts used in this study have been deposited in Zenodo (52).,"The article explicitly states that the raw data and analysis scripts generated in this study were deposited in Zenodo, a recognized open-data repository, with no indication of restricted or gated access, meeting the criteria for open data sharing that the detector missed."
39973583,non_open_data,none,,,,"Due to the sensitive nature of the data, these are currently not available.","This is a qualitative interview study with a data availability statement explicitly stating the sensitive interview/qualitative data are not available, so no deposit, accession, or open access is provided."
39290662,false_negative,open,European Nucleotide Archive (ENA); Figshare,PRJEB71469 (https://www.ebi.ac.uk/ena/browser/view/PRJEB71469); https://doi.org/10.6084/m9.figshare.24866772.v1; https://doi.org/10.6084/m9.figshare.24866790.v1; https://doi.org/10.6084/m9.figshare.24866841.v1,NCBI,"All raw sequences generated for this study in the European Nucleotide Archive (ENA) under the accession number PRJEB71469 ... An overview of all MAGs generated for the study is publicly available at (https://doi.org/10.6084/m9.figshare.24866772.v1) ... along with fasta files for all MAGs at (https://doi.org/10.6084/m9.figshare.24866790.v1), including the non redundant set of MAGs at (https://doi.org/10.6084/m9.figshare.24866841.v1)","The Data Availability Statement deposits newly generated raw shotgun/16S sequencing reads in ENA (PRJEB71469) and MAG catalogues in Figshare with DOIs, all presented as publicly accessible, meeting the open-data definition and constituting a detector miss."
39767547,false_negative,open,Zenodo,10.5281/zenodo.14260347,Zenodo,Data were deposited on Zenodo DOI 10.5281/zenodo.14260347.,"The authors deposited their newly generated health-surveillance/survey data on Zenodo with an explicit DOI and no stated access restriction, meeting all three open-data criteria, so the detector's negative call is a false negative."
38807544,non_open_data,supplement_only,,,,All data and code are available in the electronic supplementary material. Raw video files and orthomosaics are available upon request.,"The processed data and code are only attached as article supplementary material with no independent repository deposit/accession, and the raw underlying data (video/orthomosaics) are explicitly restricted to upon-request access, so this does not meet the open-data criteria."
39467117,false_negative,open,Zenodo,DOI: 10.5281/zenodo.13831092,Zenodo,"Data from the wind tunnel force and PIV measurements, as well as the flight test data, are available on Zenodo at DOI: 10.5281/zenodo.13831092","The authors deposited their newly generated wind tunnel and flight test data in Zenodo with a resolvable DOI and no stated access restrictions, meeting the open data definition despite the detector's negative score."
40045997,non_open_data,code_only,Zenodo,https://doi.org/10.5281/zenodo.11245334,Zenodo,"The R code used in this analysis is provided in the following DOI: https://doi.org/10.5281/zenodo.11245334. The Materials and methods section describes each step, and further details of the method are provided in SI Note 11.","The Data Availability statement only deposits the analysis R code on Zenodo with a DOI; the underlying model relies on publicly available existing spatial datasets (cables, MPAs, shipping fairways, depth, species richness, etc.) rather than newly generated data, and no such newly generated dataset is deposited with an accession."
39503595,false_negative,open,UCL Research Data Repository (institutional),https://doi.org/10.5522/04/26343271.v1,Institutional/domain,"Data for this article, including photoelectron spectra and theoretical calculations are available at the UCL data repository [URL https://doi.org/10.5522/04/26343271.v1]. It consists of all the experimental files collected for both cis and trans.","The authors deposited their newly generated experimental photoelectron spectra and theoretical calculation results in the UCL institutional data repository with a resolvable DOI, presented as openly accessible, so this is a missed open-data case."
40064524,non_open_data,upon_request_or_restricted,,,,Data Availability Statement Data will be made available on reasonable request.,"The article's data availability statement explicitly restricts the underlying TMS/clinical data to on-request access rather than depositing it in a repository with an accession number, so it does not meet the open-data criteria."
39025478,false_negative,open,Zenodo,10.5281/zenodo.10462156,Zenodo,"The data underlying this study are available in the published article, in its Supporting Information, and openly available in Zenodo (10.5281/zenodo.10462156).","The authors deposited the newly generated experimental/DFT data (NMR spectra, characterization data, computations) in Zenodo with a resolvable DOI and explicitly state it is openly available, which the detector missed."
39652754,false_negative,open,Zenodo,Zenodo (cited as ref. 76 in Data Availability statement; no inline DOI/URL in extracted text),Zenodo,"Data spreadsheets, code, and range maps for 659 amphibian species from Gonz lez-del-Pliego et al 2019 ( 56 ) have been deposited in Zenodo ( 76 ).","The Data, Materials, and Software Availability statement documents that the study's own data spreadsheets and analysis code (its newly generated outputs), not just the reused amphibian range maps, were deposited in the Zenodo repository and presented as openly accessible, meeting the open-data criteria despite the accession being given only as a numbered reference rather than an inline DOI."
39346044,false_negative,open,Zenodo,https://doi.org/10.5281/zenodo.10951021,Zenodo,"The data are available at Zenodo: Rudy, I., Wilson, M. (2024). Underwater Image/Turbidity Dataset (1.0.0) [Data set]. Zenodo. https://doi.org/10.5281/zenodo.10951021 .","The authors deposited their newly generated underwater image/turbidity dataset in Zenodo with a DOI and describe it as openly available, satisfying all three open-data criteria, so this is a detector miss."
40213040,false_negative,open,Zenodo,10.5281/zenodo.14907019,Zenodo,Data accessibility Repository name: Zenodo Data identification number: 10.5281/zenodo.14907019,"This Data in Brief article describes a newly generated dataset of biodiversity characterization factors that the authors deposited in Zenodo with a resolvable DOI, presented as an openly accessible CC BY-NC dataset, so the detector's negative call is a miss."
39452617,false_negative,open,Zenodo,https://zenodo.org/doi/10.5281/zenodo.13383185,Zenodo,"Data and code (Ozsanlav Harris et al., 2024) are available in Zenodo at https://zenodo.org/doi/10.5281/zenodo.13383185 where we provide all derived data required to run our analysis (e.g., timestamps, tag identifier codes, step lengths and habitats associated with each GPS fix) and locations rounded to one decimal place.","The authors deposited their derived analysis dataset (newly generated from their own GPS/accelerometer tracking) in Zenodo with a resolvable DOI and describe it as openly available, satisfying all three open-data criteria even though the separate raw GPS data are restricted to qualified researchers upon request."
39198529,non_open_data,upon_request_or_restricted,,,,The datasets used and/or analysed during the current study are available from the corresponding author on reasonable request.,"The article's Data availability statement explicitly restricts data access to a request to the corresponding author rather than depositing data in an open repository with an accession number, so this is a legitimate detector negative."
38228621,non_open_data,upon_request_or_restricted,,,,"Data from the mooring, including the salinity, temperature, and ADCP-based measurements used in the present study are available from the corresponding author upon request.","The newly generated mooring salinity/temperature/current data underlying the study's HSSW production estimates are shared only upon request, while all other cited data (AWS, ERA5, SIC, satellite imagery) are pre-existing third-party datasets, so no newly generated data are openly deposited with an accession."
40346825,non_open_data,upon_request_or_restricted,,,,The data acquired in this study will also be uploaded and freely available online (www.figshare.com) after full collection of the database and anonymization is possible. Any additional information required to re-analyze the data reported in this paper is available from the corresponding author upon reasonable request.,"The data have not actually been deposited yet (no accession number or working link, only a promise of future upload to Figshare pending database completion/anonymization), and the fallback access mechanism stated is upon-request, so no currently open data deposit exists; only the analysis code is shared via a GitHub link."
40237819,false_negative,open,CORA.Repositori de Dades de Recerca (institutional research data repository),https://doi.org/10.34810/data1720,Institutional/domain,The data generated during the study is available at repository name Interplay of Mycobacterium abscessus and Pseudomonas aeruginosa in coinfection: Biofilm Dynamics and Host Immune Response at https://doi.org/10.34810/data1720 .,"The authors explicitly state that data generated during the study was deposited in a named data repository with a resolvable DOI (10.34810/data1720) and describe it as available, satisfying deposit, accession, and open-access criteria, so the detector's negative call is a miss."
40470169,false_negative,open,Zenodo,https://doi.org/10.5281/zenodo.14859906,Zenodo,All data used in this paper are available at https://doi.org/10.5281/zenodo.14859906.,"The authors deposited the newly generated flood sensor data in Zenodo with a resolvable DOI and describe it as freely available, meeting all three open-data criteria that the detector missed."
38196353,false_negative,open,Dryad Digital Repository,https://doi.org/10.5061/dryad.6q573n63h,Dryad,Data are available from the Dryad Digital Repository: https://doi.org/10.5061/dryad.6q573n63h [77].,"The authors deposited their newly generated experimental data (spore loads, fecundity, body size, intrinsic growth measurements) in Dryad with a resolvable DOI and no stated access restriction, meeting all three open-data criteria, so the detector's negative call is a miss."
39424833,non_open_data,supplement_only,,,,All new data and recalculated datasets shown here are available in the Supplementary Information/Source Data file. Source data are provided in this paper.,"The Data availability statement points only to a Supplementary Information/Source Data file attached to the paper, with no repository deposit or accession number for the newly generated Mg/Ca and isotope data (only the analysis code was deposited in Zenodo), so the detector's negative call is correct."
40003540,non_open_data,supplement_only,,,,The original contributions presented in this study are included in the article. Further inquiries can be directed to the corresponding author.,"The Data Availability Statement states data are only included within the article itself (with further inquiries to the corresponding author), with no repository deposit, accession number, or persistent link to a dataset, so this does not meet the open data definition."
38315867,false_negative,open,DRUM (Data Repository for the University of Minnesota),,Institutional/domain,"Physiological, anatomical, and spectral records data have been deposited in DRUM (68).","The Data, Materials, and Software Availability statement explicitly states that the newly generated physiological, anatomical, and spectral data were deposited in DRUM, the University of Minnesota's institutional data repository, presented as an accessible deposit rather than restricted or upon-request access, so this is an open-data deposit the detector missed."
39399586,false_negative,open,Bridges (Monash institutional data repository) and Dryad,https://doi.org/10.26180/25467973 ; https://doi.org/10.5061/dryad.j3tx95xqc,Dryad,All data and R scripts for analyses used in this study will be available on Bridges data repository at https://doi.org/10.26180/25467973 ... Genotyping data and R script used for genetic analyses are also available in Dryad at https://doi.org/10.5061/dryad.j3tx95xqc.,"The authors deposited their newly generated DArT SNP genotyping data and analysis scripts in two repositories (Monash Bridges and Dryad) with resolvable DOIs and describe them as openly available, meeting all three open-data criteria despite the detector scoring the article negative."
39630501,false_negative,open,Harvard Dataverse,https://doi.org/10.7910/DVN/KKTJQC,Dataverse,"The following dataset was generated: Cohen A, Al-Fatly B, Horn A | 2023 | GSP1000 Preprocessed Connectome for Lead DBS (V2) | https://doi.org/10.7910/DVN/KKTJQC | Harvard Dataverse, 10.7910/DVN/KKTJQC","The Data availability section's 'dataset generated' table lists a GSP1000 preprocessed connectome deposited in Harvard Dataverse with a resolvable DOI accession and no stated access restriction, meeting the open-data criteria that the detector missed."
40463892,false_negative,open,NCBI BioProject / Figshare,PRJNA1167728; https://doi.org/10.6084/m9.figshare.27251949,NCBI,Sequence data are available under PRJNA1167728. Data corresponding to this study are on Figshare under https://doi.org/10.6084/m9.figshare. 27251949.,"The authors deposited their newly generated 18S rRNA amplicon sequencing data in NCBI BioProject (with accession PRJNA1167728) and additional study data on Figshare (with a resolvable DOI), both presented as openly accessible with no restriction, so the detector's negative call is a miss."
38272940,non_open_data,none,,,,"The underlying geometries, the site information, and the time series of wood prices are operational data of the public forest enterprises and cannot be made publicly available. The model code is available from the corresponding author upon reasonable request.","The article is a simulation-optimization modeling study whose key input data (geometries, site information, wood price time series) are explicitly stated to be non-public operational data of a forest enterprise, and only the model code (not data) is available on request, so no newly generated data are deposited with an accession in an open repository."
38440259,non_open_data,supplement_only,,,,It can be found online at https://doi.org/10.1016/j.xinn.2024.100588.,"This is a systematic literature review whose extracted dataset (51 GBGI types, cooling values, etc.) is only presented in the article's own supplemental tables/figures (Table S1-S5, Figures S1-S6) linked via the journal's own article DOI, with no deposit in an independent data repository and no accession number, so it does not meet the open-data criteria."
38538625,false_negative,open,Marine Data Archive,https://doi.org/10.14284/625,Institutional/domain,"Hooyberg, A. et al. Survey data linking coastal visit behaviours to socio-demographic and health profles. Marine Data Archive https://doi.org/10.14284/625 (2023).","This is a Scientific Data descriptor for a newly generated survey dataset (N=1939 respondents) deposited with a persistent DOI in the Marine Data Archive repository and described throughout the Data Records section as openly accessible, so the detector's negative call is a miss."
40127265,false_negative,open,Zenodo,https://doi.org/10.5281/zenodo.14915595,Zenodo,A replication archive and all necessary data can be found at https://doi.org/10.5281/zenodo.14915595 (69).,"The Data, Materials, and Software Availability statement points to a specific DOI-identified Zenodo deposit containing the replication archive and all necessary data underlying the study's analyses, with no stated access restriction, satisfying repository deposit, persistent identifier, and open access criteria that the detector missed."
40195327,false_negative,open,Science Data Bank,https://doi.org/10.57760/sciencedb.17942,Other,The historical global monthly and ten-day FY-3 MIDI products from June 2014 to December 2024 are freely available at the Science Data Bank (https://doi.org/10.57760/sciencedb.17942),"This Scientific Data descriptor paper deposits the newly generated FY-3 MIDI drought dataset in the Science Data Bank repository with a resolvable DOI and explicitly states it is freely available, meeting all three open-data criteria that the detector missed."
38560467,false_negative,open,Zenodo,https://doi.org/10.5281/zenodo.10434187,Zenodo,"The data from this study are available at Zenodo: Qifang, X. (2023). Assessing the Risk of Concurrent Mycoplasma pneumoniae Pneumonia in Children with Tracheobronchial Tuberculosis. https://doi.org/10.5281/zenodo.10434187.","The Data Availability statement gives an explicit Zenodo DOI deposit of the study's own newly generated clinical dataset with no stated access restriction, meeting all three open-data criteria, so the detector's negative call is a false negative."
39602263,false_negative,open,Zenodo,,Zenodo,Supplementary data have been deposited in Zenodo (107). R scripts and Linux commands for data analyses are available via GitLab (108). Seeds of the cybrids are available upon request.,"The authors explicitly state their newly generated supplementary data (organellar variant calls, phenotyping datasets) were deposited in the open repository Zenodo, distinct from the code (GitLab) and seeds (upon request only), so the detector missed a genuine open-data deposit."
38481855,false_negative,open,GenBank / Barcode of Life Data System (BOLD),"e.g. OR796911, OR796749, OR795901 (GenBank); BOLD BINs e.g. BOLD:AAY9961, BOLD:AAI0259",NCBI,75 species from five different families are new additions to the Barcode of Life Data System (BOLD) and 112 new BINs were added... A total of 535 BINs were retrieved by BOLD... and 112 BINs are unique to our dataset,"This Biodiversity Data Journal data paper reports 1,059 newly generated COI DNA barcode sequences for Iberian bees, each specimen listed in a table with a public GenBank accession number (OR-series) and a BOLD BIN identifier, meeting all three open-data criteria (new data, accessioned, openly accessible), so the detector's negative call is a miss."
39942680,non_open_data,upon_request_or_restricted,,,,"The data presented in this study are available upon request from the corresponding author, as the large volume of data precludes direct public sharing.","The article explicitly restricts its MD simulation data to upon-request access with no repository deposit or accession number, so the detector's negative call is correct."
38228188,false_negative,open,Figshare (electronic supplementary material collection),https://doi.org/10.6084/m9.figshare.c.7007798,Figshare,"The original data of this paper are presented in the electronic supplementary material, table S1 and electronic supplementary material, table S3 [51]. ... Electronic supplementary material is available online at https://doi.org/10.6084/m9.figshare.c.7007798.","The raw newly-generated playback response data (tables S1 and S3) are deposited as electronic supplementary material hosted on Figshare under a persistent, openly-accessible DOI (CC-BY 4.0), satisfying repository deposit, accession/DOI, and open access criteria, so this is an open-data article the detector missed."
39284689,false_negative,open,figshare,doi:10.6084/m9.figshare.27133908.v1,Figshare,Data used for analyses are availble in figshare at: doi:10.6084/m9.figshare.27133908.v1.,"The authors deposited their newly generated accelerometer/morphology data in Figshare with a resolvable DOI and no stated access restriction, meeting all three open-data criteria, so the detector's negative call is a miss."
40416619,false_negative,open,Zenodo,https://doi.org/10.5281/zenodo.14048379,Zenodo,The data and code is available at GitHub and Zenodo: - https://github.com/bingbaise/The-model/tree/NEW - bingbaise. (2024). bingbaise/The-model: 0.1 (NEW). Zenodo. https://doi.org/10.5281/zenodo.14048379 .,"The Data Availability statement deposits the study's newly collected clinical/laboratory dataset (and code) in Zenodo with a resolvable DOI, presented as openly accessible, which the detector missed."
39355116,false_negative,open,Figshare,https://doi.org/10.6084/m9.figshare.27021256,Figshare,Data Availability Statement The data have been deposited with Figshare: https://doi.org/10.6084/m9.figshare.27021256 .,"The Data Availability Statement gives an explicit repository deposit (Figshare) with a resolvable DOI and no stated access restriction, satisfying deposit+accession+open-access criteria even though the underlying occurrence points were originally sourced from GBIF."
39619791,false_negative,open,Zenodo,https://zenodo.org/doi/10.5281/zenodo.10887354,Zenodo,All data supporting the results as well as associated scripts to conduct the analyses can be accessed on Zenodo at https://zenodo.org/doi/10.5281/zenodo.10887354.,"The authors deposited their newly generated GPS tracking, boldness, and breeding success data (plus analysis scripts) in Zenodo with a resolvable DOI and no access restriction stated, meeting all three open-data criteria."
39063496,non_open_data,upon_request_or_restricted,,,,Data Availability Statement Data are available upon request.,"The article's data availability statement only offers data upon request with no repository deposit or accession number, which is explicitly excluded from the open data definition."
39593812,false_negative,open,Zenodo (Aspen Plus models); YouTube (videos),"reference [65] (Zenodo); references [54,59,61,63,66,72,77] (YouTube)",Zenodo,"Research data are publicly available as videos on YouTube [54,59,61,63,66,72,77] and as Aspen Plus models hosted by ZENODO [65].","The Data Availability Statement explicitly names Zenodo as the repository hosting the authors' Aspen Plus models with a citation pointer and states the data are publicly available, satisfying deposit-in-repository + reference-to-it + open-access framing, so this appears to be a genuine detector miss rather than a legitimate negative."
40512743,non_open_data,code_only,,,,The figures and the performance numbers quoted in the comparison table are fully reproducible. The codebase that produced them can be found in https://github.com/Datseris/ComplexityMeasuresPaper.,"This is a software-methods paper (ComplexityMeasures.jl) whose availability statement only points to the code repository (GitHub, archived via a Zenodo DOI for the codebase) and reuses third-party datasets (S&P500 stock prices, WikiArt paintings) without depositing any newly generated data under an accession in a data repository."
39553854,unclear,unclear,,,,Data availability Data underlying the results presented in this paper are available in Ref. [ 50 ],"The article's data-availability statement points to reference [50] for the underlying data, but the reference list itself (with repository name, accession number, or URL) is not included in the extracted text, so it cannot be determined whether this constitutes an open repository deposit with an accession/DOI or something else (e.g., restricted access or a non-repository citation)."
39041014,false_negative,open,Dryad,https://doi.org/10.5061/dryad.gmsbcc2wg,Dryad,The data supporting this study are available in the Dryad repository (https://datadryad.org) under the accession number https://doi.org/10.5061/dryad.gmsbcc2wg.,"The authors deposited their newly generated camera-trap behavioural dataset in the Dryad repository with a DOI accession, presented as openly accessible, meeting all three criteria for open data."
39982990,false_negative,open,Korea Polar Data Center (KPDC),https://dx.doi.org/doi:10.22663/KOPRI-KPDC-00002462.1,Institutional/domain,"Mooring KAMS1 data are available from the Korea Polar Data Center (KPDC) website (https://dx.doi.org/doi:10.22663/KOPRI-KPDC-00002462.1). ... The CTD, nutrient, and Chl-a data at the P station are available from the KPDC website (https://dx.doi.org/doi:10.22663/KOPRI-KPDC-00002462.1).","The authors' own newly collected KAMS1 mooring and P-station CTD/nutrient/chlorophyll data were deposited at the Korea Polar Data Center with a resolvable DOI-style identifier and presented as openly available, meeting all three open-data criteria despite the generic boilerplate availability statement elsewhere."
39108863,non_open_data,reuse_only,,,,"Data used in the present work, can be freely found at: CTD records at www.interridge.org Altimetry at https://marine.copernicus.eu Coriolis-CORA products at www.coriolis.eu.org/Data-Products/Products/CORA ARGO floats at https://argo.ucsd.edu/ Regional Ocean Modelling System at https://www.myroms.org/ OSU TPXO Tide Models at https://www.tpxo.net/ Glorys CMEMS global ocean reanalysis product ... ERA5 Climate Reanalysis product ... Ichthyop Lagrangian tool","The data availability statement lists only pre-existing third-party datasets and modeling software/tools (CTD, altimetry, ARGO, CORA, GLORYS, ERA5, ROMS, TPXO, Ichthyop) that the authors reused as inputs, with no deposit of their own newly generated model output or simulation results in a repository with an accession number."
38384829,false_negative,open,Dryad,https://doi.org/10.5061/dryad.cc2fqz6c8,Dryad,The Python and R codes required to extract data and conduct analyses in addition to the raw field date and extracted environmental data from remote sensing satellites and meteorological towers are publicly available on Dryad (https://doi.org/10.5061/dryad.cc2fqz6c8).,"The authors deposited their newly generated raw field and environmental data in the Dryad repository with a resolvable DOI and describe it as publicly available, meeting all three open-data criteria despite the detector scoring this as no open data."
39970201,false_negative,open,Zenodo,https://doi.org/10.5281/zenodo.10368326,Zenodo,Flow Cytometry Standard data generated in this study and code have been deposited at Zenodo (https://doi.org/10.5281/zenodo.10368326).,"The authors deposited newly generated flow cytometry data (FCS files) in Zenodo with a resolvable DOI and no stated access restriction, meeting all criteria for open data despite the detector scoring this article as not sharing data."
39026542,false_negative,open,MorphoSource,https://doi.org/10.17602/M2/M597398,Institutional/domain,The CT dataset for MVZ Herp 81381 was collected for this study and is now deposited at https://www.morphosource.org/concern/parent/000597395/media/000597398 (DOI https://doi.org/10.17602/M2/M597398 ).,"The authors deposited newly generated CT scan data (specimen MVZ Herp 81381, scanned specifically for this study) in the MorphoSource repository with a resolvable DOI and no stated access restriction, meeting all three open-data criteria despite the detector scoring the article negative."
40214640,false_negative,open,NCBI Gene Expression Omnibus (GEO); European Nucleotide Archive (ENA); FlowRepository,"GSE172481; GSE275092; PRJEB71976; FR-FCM-Z47Z, FR-FCM-Z3HA, FR-FCM-Z465",NCBI,"All bulk RNAseq data (whole blood and sorted T cell subsets) have been deposited in NCBI's Gene Expression Omnibus and are accessible through GEO SuperSeries accession number GSE172481. Single-cell RNAseq data have also been deposited in NCBI's Gene Expression Omnibus and are available through accession number GSE275092. Bulk TCR sequencing data have been deposited in the European Nucleotide Archive and are available through accession number PRJEB71976. CyTOF (mass cytometry) data have been deposited at https://flowrepository.org, and these can be accessed through experiment numbers FR-FCM-Z47Z (VAC063C), FR-FCM-Z3HA (VAC069A), and FR-FCM-Z465 (VAC069B).","The Data Availability section documents newly generated bulk and single-cell RNAseq data deposited in GEO with accession numbers, TCR sequencing data deposited in ENA with an accession number, and CyTOF data deposited in FlowRepository with experiment numbers, all presented as openly accessible, so this is a missed open-data article."
40050317,false_negative,open,Recherche Data Gouv (French national open data platform),https://doi.org/10.57745/OLBXKT12,Institutional/domain,"The Data Records is an open data collection available on the French national open data platform ""Recherche Data Gouv"" with the following name and DOI identifer: ""Aging study on twenty A123 18650 Graphite/LFP 1.1 Ah cells"", https://doi.org/10.57745/OLBXKT12.","This is a Scientific Data descriptor whose entire purpose is to describe a newly generated battery-ageing dataset that the authors deposited in the Recherche Data Gouv repository with an explicit DOI and stated open access, so the detector's negative call is a false negative."
39372723,false_negative,open,figshare,https://doi.org/10.6084/m9.figshare.25524460.v2,Figshare,"The raw data is available in the Supplemental File and figshare: Tian, Guang (2024). Raw statistics. figshare. Dataset. https://doi.org/10.6084/m9.figshare.25524460.v2 .","The authors deposited their newly generated raw performance/physiological data in figshare with a resolvable DOI and no stated access restriction, meeting all three open-data criteria, so the detector's negative call is a miss."
39943745,false_negative,open,NCBI BioProject; OSF,PRJNA737568; PRJEB30444; doi:10.17605/OSF.IO/EV2NY (https://osf.io/ev2ny/),NCBI,"The mite genome (Rarg_mite_v1.1) was uploaded to BioProject PRJNA737568 which contains sequences and genomes of the Rhodamnia argentea host plant. The raw 10x linked-reads were deposited under BioProject PRJEB30444 that was created for an earlier draft genome. Additional data supporting this work can be found on OSF, doi: 10.17605/OSF.IO/EV2NY","The authors deposited the newly assembled mite genome and raw sequencing reads under specific NCBI BioProject accessions plus additional data on OSF with a DOI, presented as openly shared, so this is a clear false negative for the detector."
39263462,false_negative,open,Dryad,10.5061/dryad.vx0k6dk07,Dryad,All data and code for this study are available on Dryad under Doi: 10.5061/dryad.vx0k6dk07 .,"The authors deposited their newly generated stable isotope and reproductive/offspring fitness data in the Dryad repository with a resolvable DOI and no stated access restriction, meeting all three open-data criteria, so the detector's negative call is a miss."
38271215,false_negative,open,Zenodo,https://zenodo.org/doi/10.5281/zenodo.10512816,Zenodo,The corresponding raw data can be accessed via Zenodo https://zenodo.org/doi/10.5281/zenodo.10512816 .,"The article's Data Availability Statement deposits the authors' own newly generated NMR/experimental raw data in Zenodo with a resolvable DOI and no stated access restriction, meeting all three open-data criteria, so the detector's negative call is a miss."
40544163,false_negative,open,Figshare,https://doi.org/10.6084/m9.figshare.24098517.v2,Figshare,"40. Warburton, P., Shuler, K. & Patel, L. Image masks of global ship tracks for NASA MODIS data products, Figshare, https://doi.org/10.6084/m9.fgshare.24098517.v2 (2023).","This Scientific Data descriptor paper describes a newly hand-labelled dataset of 300 MODIS ship-track image masks that the authors themselves generated and deposited in Figshare with a resolvable DOI, referenced throughout the Data Records section as 'our dataset40', with no access restriction stated, so the detector's negative call is a miss."
40138427,false_negative,open,Dryad,https://doi.org/10.5061/dryad.1c59zw44t,Dryad,The full dataset is published on Dryad: https://doi.org/10.5061/dryad.1c59zw44t. A frozen code repository is available on Zenodo: https://doi.org/10.5281/zenodo.13996864.,"The authors deposited their newly generated cross-sectional lab-test dataset (44 million measurements from 300,000+ pregnancies) on Dryad with a resolvable DOI, presented as openly published, satisfying all three open-data criteria, so the detector's negative call is a miss."
39421331,false_negative,open,Dryad,https://doi.org/10.5061/dryad.70rxwdc6w,Dryad,Data and model code that support the findings of this study are available from the corresponding author upon reasonable request. Additional data are available in the Supporting Information and can be accessed at this doi: https://doi.org/10.5061/dryad.70rxwdc6w.,"Although the primary data/model code are stated as available only upon request, the same Data Availability Statement also deposits additional newly generated data in the Dryad repository with a resolvable DOI presented as openly accessible, meeting the open-data criteria and making this a detector miss."
39623739,false_negative,open,Figshare,https://doi.org/10.6084/m9.figshare.25392295.v2,Figshare,"The raw data sets, metadata and all the R material needed to replicate the main analysis and figure in this manuscript are publicly available in Figshare (DOI: https://doi.org/10.6084/m9.figshare.25392295.v2 ).","The article's Data Availability Statement deposits the generated raw data and analysis materials in Figshare with a resolvable DOI and no access restrictions stated, meeting all three open-data criteria despite being scored negative by the detector."
40003429,non_open_data,upon_request_or_restricted,Gulf Science Data Repository (GRIIDC),https://data.griidc.org/,Institutional/domain,"The data that support the findings (except for geographic identifiers) will be available in the Gulf Science Data Repository (GRIIDC at https://data.griidc.org/, accessed on 26 January 2025) following an embargo from the conclusion of the project.","The data are named for a future deposit in GRIIDC but are explicitly stated to be under embargo (not yet openly accessible) with no accession number given, so this is restricted/future access rather than open data at time of publication."
38412126,false_negative,open,Open Science Framework (OSF),10.17605/OSF.IO/V7Y8B,OSF,Anonymized xls data have been deposited in Open Science Framework (10.17605/OSF.IO/V7Y8B) (67). All other data are included in the manuscript and/or SI Appendix.,"The authors deposited their newly generated anonymized experimental data in the OSF repository with a resolvable DOI, presented as openly accessible, satisfying all three open-data criteria, so this is a detector miss."
38573738,false_negative,open,Zenodo (GitHub repository archived on Zenodo),DOI:10.5281/zenodo.10610684,Zenodo,"Exemplary LAMMPS data-files and input scripts for sequential adsorption, squeeze-out, and NEMD simulations and CGG MARTINI parameters are available in a dedicated GitHub repository which can be found on Zenodo (DOI:10.5281/zenodo.10610684)","The authors deposited newly generated simulation outputs (LAMMPS data-files and the novel CGG MARTINI force-field parameters they developed) in a Zenodo-archived repository with a resolvable DOI and no stated access restriction, satisfying all three open-data criteria even though the statement also mentions accompanying input scripts/code."
39711613,non_open_data,reuse_only,,,,"Atmospheric deposition data are available from the National Atmospheric Deposition Program National Trends Network... Climate data (temperature, precipitation, SWE) can be obtained from Daymet... Ice-out data can be obtained from the United States Geological Survey... Gridded soil attributes can be downloaded from the California Soil Resource Lab... Water chemistry from the RLTM program can be downloaded from the EPA website","The Data availability statement only points to pre-existing third-party monitoring programs and public data portals (NADP/NTN, Daymet, USGS, Maine DACF, California Soil Resource Lab, EPA RLTM website) that the authors reused for this analysis; no newly generated dataset from this study was deposited in a repository with a specific accession number, so this is a legitimate reuse-only negative rather than a false negative."
40444198,unclear,unclear,,,,Data availability: Source code and simulation results for the numerical experiments for this work can be found in the open access data publication [21].,"The article states simulation results (newly generated data) and code were deposited in an open access data publication, but the actual repository name and accession/DOI/URL are only given in reference [21], whose citation content is not present in the provided text, so criterion 2 (an explicit accession/DOI/URL) cannot be verified."
39652383,false_negative,open,Open Science Framework (OSF),https://doi.org/10.17605/OSF.IO/J8P2N,OSF,"All data, documentation and code is made available online at osf.io (https://doi.org/10.17605/OSF.IO/J8P2N). The following dataset was generated: Freas CA. 2024. Lunar Polarisation Cue Data https://osf.io/j8p2n/ Open Science Framework, 10.17605/OSF.IO/J8P2N","The authors deposited their newly generated behavioral/circular-statistics dataset in OSF with a persistent DOI presented as openly accessible, meeting all three open-data criteria, so this appears to be a detector false negative."
38500531,false_negative,open,NCBI BioProject,PRJNA907546,NCBI,The raw sequence reads are available at Bioproject: PRJNA907546.,"The authors deposited newly generated raw sequence reads (12s/16s rDNA gut-content DNA) in NCBI BioProject with a specific accession number and no stated access restriction, meeting all three open-data criteria even though the separate 'Data Availability' statement (pointing only to supplementary files) is not itself sufficient."
40106543,false_negative,open,Dryad,https://doi.org/10.5061/dryad.dz08kps7k,Dryad,Data and materials availability: All data needed to evaluate the conclusions in the paper are present in the paper and/or the Supplementary Materials. The data are available on Dryad https://doi.org/10.5061/dryad.dz08kps7k.,"The authors deposited their newly generated experimental data in the Dryad repository with a resolvable DOI and present it as openly accessible, meeting all three criteria for open data despite the detector's negative score."
38186272,non_open_data,supplement_only,,,,Data accessibility Data and code are provided in the electronic supplementary material [94].,"The data availability statement only states that data and code are attached as electronic supplementary material to the article, without describing a deposit in a data repository accompanied by an accession number presented as openly accessible."
38297013,non_open_data,none,,,,This commentary provides a primer on the tradeoffs inherent in data harmonization for researchers who are considering undertaking such efforts or seek to evaluate the quality of existing ones.,"This is a methodological commentary/primer on data harmonization practices (discussing others' harmonized COVID-19 PHSM data, described more fully in a separate companion paper) with no data availability statement or new data deposit of its own, so it is not an open-data article at all."
40137339,non_open_data,upon_request_or_restricted,,,,"The data supporting this study's findings are available from the first and corresponding author, upon reasonable request.","The Data Availability Statement only offers data upon reasonable request from the authors, with no repository deposit or accession number, so this is a legitimate detector negative, not open data."
38531902,non_open_data,upon_request_or_restricted,,,,All data needed to evaluate the conclusions in the paper are presented in the main text and Supplementary Information file. Other data and material are available from the corresponding authors upon request. Source data are provided with this paper.,"The Data availability statement explicitly restricts data beyond the paper/supplement to upon-request from the corresponding authors, with no repository deposit or accession number; only analysis code (SynD, viewEPSC) is shared via GitHub, which does not qualify as open data."
39643603,false_negative,open,Oxford University Research Archive (ORA),https://doi.org/10.5287/orax582av5vx,Institutional/domain,"The experimental data supporting this research is openly available from ref. 37. ... Okuma, R. et al. Compass-model physics on the hyperhoneycomb lattice in the extreme spin-orbit regime: Data archive, Oxford University Research Archive Dataset, https://doi.org/10.5287/orax582av5vx (2024).","The Data availability statement explicitly states the newly generated experimental data (susceptibility, heat capacity, neutron diffraction/spectroscopy) are openly available and deposited in an institutional repository (Oxford University Research Archive) with a resolvable DOI, meeting all three criteria for open data."
39760305,false_negative,open,figshare,https://doi.org/10.26188/28079645,Figshare,All data and R code to reproduce the analyses are available from figshare: https://doi.org/10.26188/28079645.,"The authors deposited their newly generated experimental data (fertility, CTmax, and viability measurements) with R code in the Figshare repository under a resolvable DOI and no stated access restrictions, meeting all criteria for open data that the detector missed."
39944375,non_open_data,code_only,,https://github.com/SciCompMod/memilio; https://github.com/reneSchm/memilio/releases/tag/hybrid-paper-v2,Other,The MEmilio code repository is publicly available on Github... All input data can be generated with or is in the code repository. Visualized simulation data can be shared upon request.,"This is a purely simulation-based modeling study whose data availability statement points only to a GitHub code repository (with simulation-generated inputs bundled in it, no accession-bearing deposit in a recognized data repository) and states that visualized simulation data are available only upon request, so it does not meet the open-data-with-accession definition."
39003341,non_open_data,reuse_only,,,,The datasets used in the analysis are readily available in GEE as public assets and can be accessed and downloaded from GEE through the provided code (below).,"The Data Availability statement points only to pre-existing third-party public datasets (Dynamic World, GEDI) in Google Earth Engine that the authors reused for their case studies, with no deposit or accession for any newly generated data (e.g., the invasive tree species locality dataset); only the analysis code is shared via GitHub."
40340435,false_negative,open,4TU.ResearchData,https://doi.org/10.4121/45bb4e4b-272b-41ce-a090-2b6e4b1708fd,Institutional/domain,"All data sets used in this study are provided with an extensive README via 4TU. ResearchData at https://doi.org/10.4121/45bb4e4b-272b-41ce-a090-2b6e4b1708fd . The following resources are included: A list and visualization of ligands (ligand_description.docx)... Pickled ConformerEnsemble objects created with the Morfeus package containing conformers, xTB energies and RMSD values (conformer_ensemble_files.zip). Input and output of conformer searching with CREST (CREST_structures.zip)... Input and output of DFT optimized files with Gaussian 16 (DFT_structures.zip)...","The authors deposited their newly generated computational data (CREST conformer ensembles, DFT-optimized structures, descriptors, and analysis scripts) in the 4TU.ResearchData repository with a resolvable DOI and no stated access restriction, meeting all three open-data criteria, so this is a detector miss."
38374414,false_negative,open,Oxford University Research Archive (ORA-Data),https://doi.org/10.5287/ora-4jrwznxdx,Institutional/domain,The data supporting the findings of this study are available within the Article and can also be accessed on the Oxford University Research Archive (https://doi.org/10.5287/ora-4jrwznxdx).,"The authors deposited their generated data in the institutional repository Oxford University Research Archive with a resolvable DOI, meeting all three open-data criteria, so the detector's negative call is a false negative."
38965366,false_negative,open,PANGAEA and NIPR Arctic Data archive System (ADS),https://doi.org/10.17592/001.2024020601; https://doi.org/10.17592/001.2024020602; https://doi.org/10.1594/PANGAEA.967731; https://doi.org/10.1594/PANGAEA.967430,Institutional/domain,The field data obtained during the ArcWatch-1 are retrieved from the links below: ECS = https://doi.org/10.17592/001.2024020601. ADCP = https://doi.org/10.17592/001.2024020602. MSS = https://doi.org/10.1594/PANGAEA.967731. SIMBA = https://doi.org/10.1594/PANGAEA.967430.,"The authors deposited their newly generated eddy-covariance, ADCP, MSS hydrographic, and SIMBA ice mass balance datasets in PANGAEA and the NIPR Arctic Data archive System with resolvable DOIs, all openly accessible, so the detector's negative call is a miss."
39573850,false_negative,open,Zenodo,DOI: 10.5281/zenodo.12634526 (https://zenodo.org/records/12634526),Zenodo,"The data that support the findings of this study are publicly available in the open repository developed under the European OpenAIRE program, DOI: 10.5281/zenodo.12634526 (weblink: https://zenodo.org/records/12634526).","The article's Data Availability Statement deposits the newly generated experimental datasets (PFAS adsorption, kinetics, isotherm, MD simulation data) in Zenodo with a resolvable DOI and explicitly states public availability, meeting all three open-data criteria, so the detector's negative call is a miss."
38990940,false_negative,open,NCBI BioProject; Zenodo,PRJEB56913; DOI: 10.5281/zenodo.7859454,NCBI,"Genomic sequence data are available under accession PRJEB56913 in the National Center for Biotechnology Information database (89). The aligned sequence data, HMMs, and scripts for classifying sequence data for SC are available at DOI: 10.5281/zenodo.7859454 (90).","The authors sequenced 69 newly isolated bacterial strains and deposited the resulting genomic sequence data under an open, accessioned NCBI BioProject (PRJEB56913), with additional aligned sequence data archived on Zenodo via a DOI, satisfying all three open-data criteria."
38382535,false_negative,open,FigShare,10.6084/m9.figshare.24582711,Figshare,Research data files supporting this publication are available from FigShare at 10.6084/m9.figshare.24582711.,"The article contains an explicit Data Availability Statement depositing the authors' own research data files in FigShare with a resolvable DOI presented as freely available, meeting all criteria for open data that the detector missed."
38559818,false_negative,open,Figshare,10.6084/m9.figshare.24756876; https://figshare.com/s/74349361ac1f864f2d2e,Figshare,Data accessibility Repository name: Figshare Data identification number: 10.6084/m9.figshare.24756876 Direct URL to data: https://figshare.com/s/74349361ac1f864f2d2e,"This Data in Brief article deposits newly generated experimental and finite-element data (spreadsheets, ABAQUS input files, point clouds) in Figshare with an explicit DOI and direct URL presented as openly accessible, meeting all three open-data criteria."
38196199,non_open_data,code_only,Zenodo,10.5281/zenodo.8316263,Zenodo,"For full model specifications and details, see the Supporting Information and associated reproducible R code (10.5281/zenodo. 8316263).","The Data Availability Statement only points to a Zenodo DOI for the reproducible R analysis code, not to a deposit of the underlying camera-trap/behavioral data with an accession number, so this is code sharing without an open data deposit."
38557173,false_negative,open,Zenodo,http://10.5281/zenodo.10444736,Zenodo,Processed data and code to replicate all results in the analysis and SI Appendix are available at http://10.5281/zenodo.10444736 (39).,"The author deposited the processed dataset (combining social media exposure, NPS visitation, weather, and economic data he compiled) along with code in a Zenodo repository with a resolvable DOI/accession and no stated access restriction, meeting all three open-data criteria that the detector missed."
39959855,false_negative,open,4TU.Centre for Research Data,https://dx.doi.org/10.4121/2b7e832f12e9-4d0e-92e2-5aef9bcf9142,Institutional/domain,"The data underlying this article are available in 4TU.Centre for Research Data, at https://dx.doi.org/10.4121/2b7e832f12e9-4d0e-92e2-5aef9bcf9142.","The authors deposited their newly generated LiDAR-derived tree structural data in the 4TU.Centre for Research Data institutional repository with a resolvable DOI and no stated access restriction, meeting all criteria for open data that the detector missed."
38252814,non_open_data,code_only,Harvard Dataverse,https://doi.org/10.7910/DVN/ZWKPEB,Dataverse,All analysis codes are available at: https://doi.org/10.7910/DVN/ZWKPEB (65). All other data are included in the article and/or supporting information.,"Only analysis code was deposited with a DOI in a repository (Dataverse), while the underlying generated data are stated to reside only in the article/supporting information without any repository deposit or accession, so this is a code-only sharing case and a legitimate detector negative."
38335283,false_negative,open,Zenodo,https://doi.org/10.5281/zenodo.10461549,Zenodo,The (processed) model output and analysis scripts are provided at: https://doi.org/10.5281/zenodo.1046i549.,"The authors deposited their processed CESM model output (newly generated simulation data) along with analysis scripts in Zenodo with a resolvable DOI, which is openly accessible, satisfying all three open-data criteria even though the boilerplate data-availability statement in the acknowledgments only vaguely references the paper/supplementary materials."
38245553,false_negative,open,CSIRO Data Access Portal / THREDDS server (Service Collection),http://hdl.handle.net/102.100.100/601698 (combined dataset); https://doi.org/10.25919/h22y-ec46 (Phase 2); http://hdl.handle.net/102.100.100/432508 (Phase 1),Institutional/domain,The present CMIP6-derived wave climate ensemble has been published in two phases: Phase 1 and Phase 2. The combined dataset can be accessed through the data access portal (http://hdl.handle.net/102.100.100/601698). Te webpage will redirect the user to the THREDDS server page to download the dataset.,"This is a Scientific Data descriptor for a newly generated CMIP6-derived wave climate model ensemble that the authors deposited in CSIRO's institutional Service Collection repository with persistent handles and a DOI, openly downloadable via a THREDDS server, satisfying all three open-data criteria even though the detector scored it negative."
39248308,unclear,unclear,,,,"Finally, Summary summarizes the studies and discusses future plans.","The provided text is missing the Summary, Acknowledgements, and any Data Availability Statement/References sections (the document is explicitly marked '[... middle truncated ...]' between the Performance/Portability discussion and the CMS author list), so the section of the paper that would state whether data were deposited is not available to review."
39600712,non_open_data,supplement_only,,,,All used interferograms are available via the COMET LiCS portal at https://comet.nerc.ac.uk/comet lics portal/ ... The vertical velocity field is attached in Supporting Information S2.,"The input interferograms are a pre-existing third-party data product accessed via the LiCS portal (reuse, not a new deposit by the authors), and the newly generated vertical velocity field is only provided as a supplementary file attached to the article rather than deposited in a repository with an accession number, so no open data deposit qualifies."
38743625,false_negative,open,Harvard Dataverse,,Dataverse,The CRISPR screen and proteomics data have been deposited at Harvard Dataverse (39–41).,"The authors state that newly generated CRISPR screen and proteomics data were deposited in Harvard Dataverse, a legitimate open data repository, meeting the deposit and accessibility criteria for open data even though the specific accession identifiers appear only via reference citation markers (39-41) not reproduced in this text excerpt."
40379663,false_negative,open,Pandora data platform (AfriArch data community) - Wanyika dataset,https://pandoradata.earth/dataset/wanyika,Institutional/domain,The dataset is made available in both Excel and CSV formats via the repository Wanyika (https://pandoradata.earth/dataset/wanyika) within the AfriArch data community on the Pandora data platform https://pandoradata.earth/organization/afriarch202.,"This Scientific Data Descriptor article describes a newly compiled dataset of archaeological scientific dates that was deposited in the Pandora data platform under an open, named repository with a direct persistent URL and no stated access restriction, meeting all three open-data criteria, so the detector's negative call is a miss."
38471550,false_negative,open,Dryad,https://doi.org/10.5061/dryad.m63xsj48v,Dryad,"Data, metadata and code required to replicate our results are provided open-source via Dryad [63]: https://doi.org/10.5061/dryad.m63xsj48v. This repository contains: (1) all area estimates derived from remote sensing analysis; (2) aerial survey and ground count estimates of emperor penguins at all colonies for which data are available; (3) all code to prepare and run the Bayesian model.","The authors deposited newly generated data (remote-sensing area estimates and survey counts) in the Dryad repository with a resolvable DOI and describe it as open-source/openly accessible, meeting all three open-data criteria that the detector missed."
38760418,false_negative,open,Zenodo,https://doi.org/10.5281/zenodo.8348419,Zenodo,"The nodules in LNDb medical reports, together with the nodule spatial positions (when available), are released with this article. For this purpose, 6 new files are in Zenodo13... Pedrosa, J. et al. LNDb dataset. Zenodo https://doi.org/10.5281/zenodo.8348419 (2023).","The authors generated new tabular data (medical-report annotations, nodule characteristics, and matching results) and deposited six new files in the Zenodo repository under a resolvable DOI that is openly accessible under CC-BY 4.0, satisfying all three open-data criteria, so the detector's negative call is a miss."
39214994,false_negative,open,Harvard Dataverse (also mirrored as .zarr on Google Cloud),https://doi.org/10.7910/DVN/NU4UGW,Dataverse,"This data descriptor presents version 1.0 of DCENT, which is available as 200 NetCDF files named in the format of “DCENT_ensemble_1850_[YYYY]_member_[XXX].nc”, via HarvardDataverse (https://doi.org/10.7910/DVN/NU4UGW).","The authors deposited their newly generated DCENT temperature ensemble dataset in Harvard Dataverse with a resolvable DOI and openly accessible NetCDF/Zarr files, satisfying all three open-data criteria, so the detector's negative call is a miss."
38582793,false_negative,open,figshare,https://doi.org/10.6084/m9.figshare.c.6710499.v1,Figshare,"The data collected were published in an open-access repository38. Four files were included in the repository: BCLs_database.xlsx, BCLs_meteo.xlsx, BCLs_physchem_CLC.gpkg and Description_of_attribute_table.xlsx.","This Scientific Data Descriptor deposited the newly generated physicochemical lake dataset (four files) in the open-access repository figshare with a resolvable DOI (10.6084/m9.figshare.c.6710499.v1), meeting all three open-data criteria, so the detector's negative call is a miss."
38903143,non_open_data,code_only,,https://doi.org/10.5061/dryad.59zw3r2gx,,The R code used to run the simulations in this work is openly available on DRYAD at DOI:10.5061/dryad.59zw3r2gx.,"This is a purely theoretical/mathematical modeling paper with no empirical data generated; the only deposit mentioned is simulation R code on Dryad, which is a code-sharing deposit, not a data deposit."
39583330,non_open_data,code_only,,https://zenodo.org/records/14019188,,All datasets used are publicly available. The GEDI L2 dataset is available from the LP DAAC... All of the code used to develop these analyses is openly available at: https://zenodo.org/records/1401918878.,"The Data availability statement points only to pre-existing third-party datasets (GEDI, CHELSA, gridMET, MODIS, CALVEG, MTBS) that the authors reused rather than generated, and no newly generated derived dataset was deposited with an accession; only the analysis code was deposited on Zenodo."
39988434,false_negative,open,NCBI BioProject,PRJNA988163,NCBI,Assembled genomes and raw DNA sequence files have been deposited at NCBI Bioproject PRJNA988163.,"The authors deposited newly generated whole-genome sequencing data (assembled genomes and raw DNA sequence files) at NCBI BioProject with an accession number, presented without access restriction, meeting all criteria for open data that the detector missed."
40415276,false_negative,open,4TU.ResearchData,10.4121/f3632023-c54e-4c95-848b-3e4db819bbf7,Institutional/domain,The data that support the findings of this study and the code to reproduce the results shown in the paper are openly available in 4TU.ResearchData at 10.4121/f3632023-c54e-4c95-848b-3e4db819bbf7.,"The authors deposited their newly generated experimental/computational data with an explicit DOI in the 4TU.ResearchData institutional repository and state it is openly available, meeting all three open-data criteria, so this is a detector false negative."
38248554,false_negative,open,U.S. Geological Survey Data Release (ScienceBase),https://doi.org/10.5066/F7KK98W4,Institutional/domain,"The data that support the findings of this study are openly available in Heather A Lowers, Zikri Arslan, William Benzel, David Roth, Terry Plowman, Kate Campbell-Hay, Brian Wong, Karen Mumy, Greg Downey, Cecile Rose, Lauren Zell-Baran, Brian Day, Hong Wei Chu, Max Seibold, and Reena Berman, 2023, Geochemical Analysis of Bulk Dust and Human Respiratory Cells and Fluids in Research on Deployment-related Lung Injury: U.S. Geological Survey Data Release at https://doi.org/10.5066/F7KK98W4 accessed on 5 June 2023.","The authors deposited their own newly generated geochemical/particle analysis data (an extension of the same USGS/NJH research program, co-authored by the same investigators) in an open USGS Data Release repository with a resolvable DOI, satisfying all three open-data criteria, so the detector's negative call is a miss."
39640562,false_negative,open,NCBI SRA; Zenodo,SRR29701474-SRR29701491; https://doi.org/10.5281/zenodo.14010682,NCBI,"The RNA-seq data of Qingke with different grain colors were obtained from the preliminary test in our previous studies are available at NCBI SRA: SRR29701474, SRR29701475, ... SRR29701491. ... The subcellular localization data is available at Zenodo: https://doi.org/10.5281/zenodo.14010682.","The authors deposited their newly generated RNA-seq reads in NCBI SRA (18 accession numbers given) and their subcellular localization data in Zenodo with a DOI, both presented as openly accessible, so this is a clear false negative."
38696469,false_negative,open,Zenodo; NCBI BioSample,https://dx.doi.org/10.5281/zenodo.10871048; BioSample SAMN40603493-SAMN40603806,NCBI,Hydrographic data displayed in the figures is available at https://dx.doi.org/10.5281/zenodo.10871048 and sequences with all metadata are available at BioSample accession numbers SAMN40603493 - SAMN40603806.,"The authors deposited their newly generated hydrographic data in Zenodo (with a DOI) and their 16S rRNA sequencing data in NCBI BioSample (with accession numbers), both presented as openly accessible, so this is a missed open-data case."
39429864,false_negative,open,Zenodo,10.5281/zenodo.10792307,Zenodo,Data Availability Statement The data used are available in the Zenodo repository: 10.5281/zenodo.10792307.,"The authors deposited their newly generated experimental data (SLR laser measurements) in Zenodo with a resolvable DOI and present it as openly accessible, meeting all three open-data criteria, so the detector's negative call is a miss."
40151485,false_negative,open,Cambridge Structural Database (CSD) / Cambridge Crystallographic Data Centre (CCDC),"CCDC 2172015, 2172016, 2172017",Institutional/domain,"Crystal structures have been deposited in Cambridge Structural Database (CSD) managed by the Cambridge Crystallographic Data Centre (CCDC) and have been given CCDC deposition numbers 2172015, 2172016, 2172017","The authors deposited newly generated single-crystal X-ray diffraction structures in the CSD/CCDC repository with explicit accession numbers and no stated access restriction, meeting all three open-data criteria, so this is a detector miss."
39695252,false_negative,open,Mendeley Data,https://doi.org/10.17632/pnwgmm8f4g.1,Mendeley,Te presented dataset is stored at Mendeley Data11 (https://doi.org/10.17632/pnwgmm8f4g.1). Te individual fles are described below (Fig. 5).,"This is a Data Descriptor reporting newly generated stress-measurement data (performance, ACTiGraph behavioural, and perceptual questionnaire data) deposited with an accession DOI at Mendeley Data and presented as openly accessible, so it is a false negative."
38634676,false_negative,open,ALMA Science Archive (NRAO),ADS/JAO.ALMA#2021.1.00849.S; https://almascience.nrao.edu/aq/?projectCode=2021.1.00849.S,Institutional/domain,"This paper makes use of the following ALMA data: ADS/JAO.ALMA#2021.1.00849.S, which archived at https://almascience.nrao.edu/aq/?projectCode=2021.1.00849.S.","The authors deposited their newly acquired ALMA millimeter observations (the raw data underlying the sulfur/chlorine isotope measurements) in the ALMA Science Archive under a citable project code with a resolvable URL, and by publication (2024, for a 2022 observation) the standard ~1-year ALMA proprietary period had elapsed making the data openly accessible, so this is a genuine domain-repository deposit with accession that the detector (tuned to biomedical repositories) missed."
39533056,false_negative,open,PDB; ModelArchive; Zenodo; BioStudies,"PDB 9EWP, 9EN5, 9EYH; ModelArchive ma-smi96 (https://www.modelarchive.org/doi/10.5452/ma-smi96); 10.5281/zenodo.13813236; biostudies:S-SCDT-10_1038-S44318-024-00301-3",PDB,"Atomic coordinates have been deposited in the PDB under the accession codes 9EWP and 9EN5 for the UBC domain of Ubc6, and 9EYH for the Ubc6-Ub structure. The model of the Ubc6-Ubiquitin complex with the native thioester bond has been deposited to the ModelArchive ... assigned the identifier ma-smi96 ... Force field files for the Cys to Gly thioester are available via 10.5281/zenodo.13813236.","The authors deposited newly generated X-ray crystal structures in the PDB (with accession codes) and an MD model in ModelArchive plus force-field files on Zenodo, all with persistent identifiers and no stated access restrictions, meeting all three open-data criteria that the detector missed."
39116608,false_negative,open,EBI European Nucleotide Archive (ENA),PRJEB34634,ENA/EBI,"All raw sequence data are available from the EBI European Nucleotide Archive, project PRJEB34634.","The authors deposited their newly generated metagenomic sequencing data in the ENA under an open, accessible project accession (PRJEB34634), meeting all three open-data criteria, so the detector's negative call is a miss."
40034129,non_open_data,none,,,,"This paper introduces a set of guidelines for developing robust, credible biological models.",This is a perspective/opinion article proposing the CURE guidelines for computational modeling; it presents no new experimental or empirical data and contains no data availability statement or repository deposit of generated data.
38239300,false_negative,open,Zenodo,https://doi.org/10.5281/zenodo.8281116,Zenodo,"The bioinformatics analysis data is available at Zenodo: Jihua Zhang, Luying Shi, Jingya Duan, Minmin Li, Canyu Li. (2023). Proteomic detection of COX-2 pathway-related factors in patients with adenomyosis [Data set]. Zenodo. https://doi.org/10.5281/zenodo.8281116 .","The authors deposited their newly generated bioinformatics/proteomics analysis data in Zenodo with a resolvable DOI and no stated access restriction, meeting all three open-data criteria despite the detector scoring this article as not sharing open data."
38366928,non_open_data,unclear,BONARES repository,,Institutional/domain,"Yield parameters and qPCR data are available at the BONARES repository under the name ""Production of wheat and barley under reduced input in organic farming.""","The data availability statement names a repository (BONARES) and a dataset title but provides no accession number, DOI, or URL, so the deposit cannot be verified as openly accessible, making the detector's negative call defensible."
38726378,non_open_data,supplement_only,,,,Data Availability The following information was supplied regarding data availability: The raw measurements are available in the Supplemental File.,"The article states raw data are only in a supplemental file attached to the article itself, with no deposit to an external data repository or accession number, so it does not meet the open-data criteria."
39616184,false_negative,open,Open Science Framework (OSF),https://doi.org/10.17605/OSF.IO/KJ7FW,OSF,"The data is stored in a repository hosted by the Open Science Framework26. ... Kriesch, L. & Losacker, S. A global patent dataset of bioeconomy-related inventions [Dataset]. https://doi.org/10.17605/OSF.IO/KJ7FW (2024).","The authors deposited their newly generated derived dataset (bioeconomy classification probabilities and topic assignments for 67 million patents) in the OSF repository with a resolvable DOI and describe it as openly accessible, meeting all three open-data criteria, so this is a detector miss."
38909069,false_negative,open,figshare,https://doi.org/10.6084/m9.figshare.c.6910027.v1,Figshare,"Ngo, T. D. et al. An EEG & eye-tracking dataset of ALS patients & healthy people during eye-tracking-based spelling system usage. figshare https://doi.org/10.6084/m9.figshare.c.6910027.v1 (2024).","This Data Descriptor reports newly generated EEG and eye-tracking recordings from ALS patients and healthy controls that were deposited as a dataset in figshare with a resolvable DOI, satisfying deposit, accession, and open-access criteria, so the detector's negative call is a miss."
38590614,false_negative,open,Mendeley Data,https://data.mendeley.com/datasets/2fcyxgk77f/1,Mendeley,Data accessibility Repository name: Mendeley Data Data identification number: https://data.mendeley.com/datasets/2fcyxgk77f/1,"This Data Brief article reports 399 newly generated water stable-isotope measurements across Kazakhstan and deposits the full dataset in Mendeley Data with an explicit open-access repository URL under a CC BY license, meeting all three open-data criteria the detector missed."
39908365,non_open_data,upon_request_or_restricted,CLHLS Dataverse (opendata.pku.edu.cn),https://opendata.pku.edu.cn/dataverse/CHADS,Dataverse,The CLHLS data are available upon reasonable requests through the public website dedicated to the CLHLS dataset. The following link provides the application process to help get access to the data,"The newly used survey data (CLHLS) requires an application/reasonable-request process rather than being openly accessible, and while analysis code is openly deposited on Zenodo, code sharing alone does not satisfy the open-data definition, so the article is a legitimate negative."
39131616,non_open_data,supplement_only,,,,"The raw measurements, institutions and specimen numbers are available in the Supplemental File. The code used in the study is available at GitHub and Zenodo","The newly generated foramina/body-mass measurement data are shared only as a supplementary file attached to the article with no repository deposit or accession, while the Zenodo/GitHub deposits with DOIs cover only the analysis code, not the data itself, so this does not meet the open-data criteria."
38859887,false_negative,open,OSF (Open Science Framework),http://doi.org/10.17605/OSF.IO/78PWT,OSF,Data on the body size of Atlantic salmon and all R code that support the findings of this study are openly available at http://doi.org/10.17605/OSF.IO/78PWT. Covariate data are also either openly available at this location or the locations listed in the Table S2.,"The authors deposited their newly generated fork-length dataset (325,716 individuals across 19 rivers) at OSF with a resolvable DOI and explicitly describe it as openly available, satisfying all three open-data criteria that the detector missed."
40057550,false_negative,open,OpenNeuro,https://doi.org/10.18112/OPENNEURO.DS005106.v1.5.0,Institutional/domain,"The raw infant EEG recordings are formatted according to the BIDS standard and hosted on OpenNeuro (https://doi.org/10.18112/OPENNEURO.DS005106.v1.5.0). The preprocessed data, individual RDMs, and RSA results are included for convenience, as well as the custom Matlab code to generate the technical validation figures in this paper.","This is a Scientific Data descriptor for a newly collected infant EEG dataset (n=42) that was deposited in BIDS format on OpenNeuro with a resolvable DOI accession and described as publicly available, satisfying all three open-data criteria, so the detector's negative call is a false negative."
38799391,false_negative,open,Figshare,https://doi.org/10.6084/m9.figshare.24442669.v1,Figshare,The data used for the study were provided as two spreadsheets - online resource: https://doi.org/10.6084/m9.figshare.24442669.v1.,"The authors deposited the two spreadsheets of newly generated photo-identification/depredation data used in the study on Figshare with a resolvable DOI providing open access, meeting all three open-data criteria, so the detector's negative call is a miss."
39264279,false_negative,open,Zenodo,https://zenodo.org/records/13357330,Zenodo,The data generated in this study are openly available via Zenodo at https://zenodo.org/records/13357330 .,"The authors explicitly deposited their newly generated (simulation) data in Zenodo with a persistent record URL and state it is openly available, meeting all three open-data criteria, so the detector's negative call is a miss."
39200709,non_open_data,upon_request_or_restricted,,,,Data analyzed in this study were from the Head Start Family and Child Experiences Survey (FACES) 2014. Users interested in obtaining these data must complete a Restricted Data Use Agreement.,"The data are a pre-existing third-party survey dataset (not newly generated by the authors) and are explicitly gated behind a Restricted Data Use Agreement, so neither the reuse-only nor the restricted-access aspect qualifies as open data."
39951525,false_negative,open,Zenodo,https://doi.org/10.5281/zenodo.13765631,Zenodo,All simulated data needed to evaluate the conclusions of the paper are available on Zenodo at https://doi.org/10.5281/zenodo.13765631.,"The authors generated their own simulated benchmarking datasets and deposited them on Zenodo with a DOI stated as openly available, satisfying all three open-data criteria even though the real-world scRNA-seq dataset used is only reused (from RADC/Synapse) and the GitHub link is code-only."
39677981,non_open_data,supplement_only,,,,All data are included in the supplementary figures and tables [107].,"The full Pb isotope dataset is provided only as supplementary tables/figures attached to the article, with no deposit in an external data repository or accession number, so it does not meet the open-data definition."
38352202,false_negative,open,Dryad,https://doi.org/10.5061/dryad.qfttdz0qp,Dryad,"The data supporting the findings of this study are availbale on Dryad, https://doi.org/10.5061/dryad.qfttdz0qp.","The authors deposited their newly generated GPS-tracking and social network data in the Dryad repository with a resolvable DOI, meeting all three criteria for open data despite the detector missing it, likely due to the OCR typo 'availbale'."
39556739,non_open_data,none,,,,"Data, Materials, and Software Availability There are no data underlying this work.","This is a qualitative scenario-analysis/perspective article with no generated dataset, and the authors explicitly state no data underlie the work, so the detector's negative call is correct."
40085719,false_negative,open,Figshare,https://doi.org/10.6084/m9.figshare.28365911,Figshare,the data are on Figshare at https://doi.org/10.6084/m9.figshare.28365911,"The Data and materials availability statement deposits the study's own experimentally generated data (sensor/measurement data) on Figshare with a resolvable DOI, presented as openly accessible, meeting all three open-data criteria, so the detector's negative call is a false negative."
39116346,non_open_data,upon_request_or_restricted,,,,DATA AVAILABILITY Data will be made available upon reasonable request.,"The explicit data availability statement restricts the underlying patient/study data to reasonable request rather than open deposit; the only figshare DOI provided (10.6084/m9.figshare.26362468) is for supplemental methods/figures, not a deposit of the raw study data with open access."
39876725,false_negative,open,Dryad,,Dryad,Data accessibility All data and scripts are available at Dryad [ 112 ].,"The authors explicitly state that all newly generated experimental data and analysis scripts were deposited in the Dryad repository (a domain data repository) and presented as available, satisfying deposit-with-repository and open-access criteria even though the accession/DOI itself is only given in the reference list (not captured in this text extraction)."
38531402,false_negative,open,Morphosource; Dryad,"Morphosource (CT scan datasets, refs [98],[99]); Dryad (3D models, ref [100])",Other,"The CT data and the three-dimensional models deriving from that data which underlie this work are made freely downloadable. CT data are available at Morphosource, both the higher resolution scan set [98] and the lower resolution scan set [99]. The three-dimensional models are available via Dryad [100].","The authors deposited newly generated CT scan data and derived 3D models in named repositories (Morphosource and Dryad) and explicitly state they are freely downloadable, meeting all three open-data criteria despite the detector's negative score."
38766489,false_negative,open,Zenodo,https://doi.org/10.5281/zenodo.10933913,Zenodo,"The data is available at Zenodo: Erb, W. M., Whitney, R., Haley, K., Tatang, M. S., Madhusudhana, S., Clink, D. (2024). Dataset: Vocal complexity in the long calls of Bornean orangutans [Data set]. In PeerJ. Zenodo. https://doi.org/10.5281/zenodo.10933913","The authors deposited their newly generated acoustic/pulse-classification dataset at Zenodo with a resolvable DOI and no stated access restriction, meeting all three open-data criteria, so this is a detector false negative."
40473677,false_negative,open,Figshare,https://doi.org/10.6084/m9.figshare.c.7580696,Figshare,"The present dataset is made public under Figshare42... Luo, L. et al. A dataset of interprovincial food trade flows in China. figshare. https://doi.org/10.6084/m9.figshare.c.7580696 (2025).","This Data Descriptor article deposits the newly generated interprovincial food trade flow dataset (Excel matrix files) on Figshare with a resolvable DOI and describes it as publicly available, meeting all criteria for open data that the detector missed."
38413603,false_negative,open,NERC EDS UK Polar Data Centre,https://doi.org/10.5285/c7db6003-1f72-4e69-b0b4-ec4b0aa4763c,Institutional/domain,"Source data are provided with this paper for the diffusion coefficients and BAS-RBM 2D simulation data generated in this study, as well as the POES and VAP-A data shown in the study. The files are freely available from the NERC EDS UK Polar Data Centre database49 at https://doi.org/10.5285/c7db6003-1f72-4e69-b0b4-ec4b0aa4763c.","The authors deposited their newly generated simulation outputs and derived diffusion-coefficient data in the NERC EDS UK Polar Data Centre with a persistent DOI, described as freely available, meeting all three open-data criteria even though the separately-discussed code is only available upon request."
38909077,false_negative,open,"ROdare (Rossendorf Data Repository, HZDR)",https://doi.org/10.14278/rodare.2756,Institutional/domain,All research data are available at https://doi.org/10.14278/rodare.2756,"The Data availability section gives a resolvable DOI to an institutional data repository (ROdare/HZDR) hosting the authors' research data (synthetic and experimental XRTS datasets), satisfying deposit, accession, and open access criteria, so the detector's negative call is a miss."
38698927,false_negative,open,GBIF (Global Biodiversity Information Facility),https://doi.org/10.15468/effnsb,Other,The data is available on GBlF and can be accessed at: https://doi.org/10.15468/effnsb.,"The authors deposited their newly generated camera-trap datasets in GBIF with a resolvable DOI providing open access, meeting all three criteria for open data despite the detector scoring it negative."
39804869,non_open_data,supplement_only,,,,Data Availability All relevant data are within the manuscript and its Supporting Information files.,"This scoping review synthesizes/extracts data from published literature (no newly generated primary dataset) and states that all data are in the manuscript and supplementary files with no repository deposit or accession number, so it correctly does not count as open data."
40153498,non_open_data,code_only,Zenodo / GitLab,https://gitlab.com/gain4crops/2024-paper,Zenodo,"All codes required to reproduce the results are available on Zenodo (48), or the latest version can be found at https://gitlab.com/gain4crops/2024-paper. All other data needed to evaluate the conclusions in this paper are present in the paper and/or the Supplementary Materials.","This is a purely computational/modeling study (stoichiometric and kinetic models of plant metabolism) that generates no new experimental data; the only deposited items on Zenodo/GitLab are code, SBML model files, and Jupyter notebooks, which is code sharing, not an open data deposit with accession."
39349446,false_negative,open,GitHub repository archived on Zenodo,https://doi.org/10.5281/zenodo.11186952,Zenodo,"The raw data and the data generated in this study are freely available at https://github.com/vale-pak/BCS.git51. ... 51. Pacella, V., et al. The morphospace of the brain-cognition organisation. GitHub, https://doi.org/10.5281/zenodo.11186952 (2024).","The Data availability statement explicitly points to the newly generated data (morphospace embeddings, predictability indices, source data) deposited in a GitHub repository that is archived with a persistent Zenodo DOI (10.5281/zenodo.11186952), openly accessible, satisfying all three open-data criteria."
38903732,false_negative,open,Dryad,https://doi.org/10.5061/dryad.wstqjq2vt,Dryad,Analyses reported in this article can be reproduced using the data and code provided by Chung et al. (2024).,"The authors deposited the newly generated sperm-count/experimental data (and code) in the Dryad repository with a resolvable DOI (10.5061/dryad.wstqjq2vt), which is openly accessible, satisfying all three open-data criteria despite the brief data-availability wording."
40231073,false_negative,open,figshare,https://doi.org/10.6084/m9.figshare.28494230.v1,Figshare,"The flow cytometry is available at figshare: Yaowachai, Wipa (2025). FCS files (polyploidy of R. nasutus callus). figshare. Dataset. https://doi.org/10.6084/m9.figshare.28494230.v1.","The authors deposited their newly generated flow cytometry FCS files in figshare with a resolvable DOI and present it as openly accessible, meeting all three open-data criteria even though the detector likely only saw the separate supplement-only 'Data Availability' statement."
40458082,non_open_data,upon_request_or_restricted,,,,The data that support the findings of this study are available on request from the corresponding author.,"The article's Data Availability Statement explicitly restricts data access to requests to the corresponding author rather than depositing it in an open repository with an accession number, so the detector's negative call is correct."
39460949,non_open_data,reuse_only,,,,The datasets were derived from sources in the public domain. The OAS derived antibody sequences were accessed at https://opig.stats.ox.ac.uk/webapps/oas/ . The therapeutic antibodies used in Section 3.1 were accessed at https://opig.stats.ox.ac.uk/webapps/sabdab-sabpred/therasabdab/search/ .,"The study trains language models entirely on pre-existing third-party antibody sequence databases (OAS, Thera-SAbDab) with no newly generated experimental data deposited by the authors; the only new output shared is the AbLang-2 model/code via a GitHub repository, which is code sharing, not a data deposit with accession."
38361974,false_negative,open,4TU.ResearchData,10.4121/80766aa2-d92c-420b-9ec4-bad1b9e4d927 (https://data.4tu.nl/datasets/80766aa2-d92c-420b-9ec4-bad1b9e4d927),Institutional/domain,Data accessibility Repository name: 4TU.ResearchData Data identification number: 10.4121/80766aa2-d92c-420b-9ec4-bad1b9e4d927 Direct URL to data: https://data.4tu.nl/datasets/80766aa2-d92c-420b-9ec4-bad1b9e4d927,"This Data Brief article reports newly generated photogrammetry-based deformation data from press-forming experiments and deposits the full dataset (images, meshes, code, GUI) in the 4TU.ResearchData repository with a DOI and direct URL, presented with no access restriction, so this is a clear false negative."
40313384,false_negative,open,Figshare,https://doi.org/10.6084/m9.figshare.28550849.v1,Figshare,"The raw data are available at Figshare: Czerwik Marcinkowska, Joanna (2025). Effects of Bortezomib - raw data. figshare. Journal contribution. https://doi.org/10.6084/m9.figshare.28550849.v1","The authors deposited their newly generated raw experimental data in Figshare with a resolvable DOI and no stated access restriction, meeting all three open-data criteria, so the detector's negative call is a false negative."
39279819,unclear,unclear,,,,"The total of the qualitative data (images, schemes, and graphics) and quantitative data of this research paper are available for download and consultation68.","The article includes a data-availability sentence pointing to citation 68, but the reference list entry that would name the repository and give its accession/DOI/URL is missing from the provided text (truncated mid-document), so it cannot be confirmed whether this is an open repository deposit with an accession or merely a supplementary-file citation."
38434752,false_negative,open,GBIF (Global Biodiversity Information Facility) via Portuguese GBIF IPT,https://doi.org/10.15468/nuue25,Institutional/domain,"The dataset was published in the Global Biodiversity Information Facility platform, GBIF (Borges et al. 2023)... This GBIF IPT (Integrated Publishing Toolkit, Version 2.5.6) archives the data and, thus, serves as the data repository. The data and resource metadata are available for download in the Portuguese GBIF Portal IPT (Borges et al. 2023). Resource link https://doi.org/10.15468/nuue25","This is a data paper reporting newly generated arthropod monitoring occurrence and event data (33 events, 578 occurrence records) deposited as a Darwin Core Archive in the GBIF repository with a resolvable DOI and no access restrictions stated, meeting all three open-data criteria."
39022696,false_negative,open,Zenodo,https://zenodo.org/records/10706416 (DOI:10.5281/zenodo.10706416),Zenodo,Repository Name: Dataset for Authentication and Authorization using Physical Layer Properties in Indoor Environment DOI:10.5281/zenodo.10706416 Direct URL to the data: https://zenodo.org/records/10706416,"This Data in Brief article's entire purpose is to describe a newly generated dataset (Zigbee physical-layer measurements) deposited in Zenodo with a DOI/URL and explicitly presented as openly accessible, meeting all three open-data criteria."
39730336,false_negative,open,figshare,https://doi.org/10.6084/m9.figshare.27313272,Figshare,"The dataset is stored in the figshare database and consists of a series of PLY and HDF5 files. The data is stored and compressed into a file named Crops3D.zip, which includes four directories: Crops3D, Crops3D_10k, Crops3D_100k-C, and Crops3D_IS.","This is a Scientific Data descriptor paper presenting a newly generated 3D crop point cloud dataset deposited in figshare with a resolvable DOI (10.6084/m9.figshare.27313272) and described as openly stored, meeting all three open-data criteria that the detector missed."
40108354,non_open_data,upon_request_or_restricted,,,,The data sets generated during and/or analysed during the current study are available from the corresponding author on reasonable request.,"The Data availability statement only deposits/cites third-party reused datasets (TRMM, SahulArch, river basin data) with existing DOIs/URLs, while the newly generated WRF/CESM model output data are stated to be available only upon reasonable request from the corresponding author, which does not meet the open-data criteria."
39582584,non_open_data,reuse_only,,,,"CALIPSO data (NASA/LARC/SD/ASDC, 2018) are processed from https://asdc.larc.nasa.gov/data/CALIPSO/. MERRA 2 data (GMAO, 2015a; GMAO, 2015b; GMAO, 2015c) are acquired from https://gmao.gsfc.nasa.gov/reanalysis/MERRA 2/data_access/. The version 2 of DustCOMM data set are publicly available at http://dustcomm.atmos.ucla.edu/. HYSPLIT model is provided by https://www.ready.noaa.gov/HYSPLIT.php.","The Data Availability Statement only cites access points for pre-existing third-party datasets (CALIPSO, MERRA-2, DustCOMM, HYSPLIT/GDAS) that the authors reused for their analysis; no newly generated dataset produced by the authors (e.g., their derived dust source-attribution results, DML values, or STAD algorithm outputs) is deposited with an accession number, so this is a legitimate detector negative."
39097645,false_negative,open,University of Bern BORIS institutional repository,https://doi.org/10.48620/35230,Institutional/domain,"The catalog of all CaSSIS-derived, potentially chloride-bearing deposits is openly available here: https://doi.org/10.48620/35230 ('Bickel_et_al_2024_chloride_CT03').","This is a data descriptor paper whose entire purpose is releasing a newly generated dataset (965 chloride deposit candidates with metadata and thumbnails), openly deposited in the University of Bern's BORIS repository under a persistent DOI, so the detector's negative call is a miss."
38190515,false_negative,open,Zenodo,https://zenodo.org/records/4294332 ; https://zenodo.org/records/4777345,Zenodo,Global Airborne Observatory data are available via Zenodo at https://zenodo.org/records/4294332 (76) and https://zenodo.org/records/4777345 (77).,"The authors deposited the airborne remote-sensing (GAO) data they generated for this study in Zenodo with specific record URLs presented as openly accessible, satisfying deposit+accession+open-access criteria that the detector missed."
39583043,false_negative,open,Dryad Digital Repository,doi: 10.5061/dryad.1g1jwsv66,Dryad,Data Availability Statement Data has been made available on Dryad Digital Repository doi: 10.5061/dryad.1g1jwsv66.,"The authors deposited their newly generated phenolic glycoside concentration and plant measurement data in Dryad with a resolvable DOI accession, presented as openly accessible with no access restriction stated, so the detector's negative call is a miss."
38493221,false_negative,open,ScienceDB,https://doi.org/10.57760/sciencedb.08354,Institutional/domain,"SDCD is available under ScienceDB repositories39 in zip compression format... All data are published in image and txt fle format, users can access them entirely without any further permission.","This is a Data Descriptor for a newly generated synthetic dataset (SDCD, 930K images) that the authors deposited in the ScienceDB repository with a persistent DOI (10.57760/sciencedb.08354) and state is openly accessible without permission, so it meets all three open-data criteria and the detector's negative call is a false negative."
38204792,false_negative,open,FigShare; GenBank,doi:10.6084/m9.figshare.24083637; GenBank accession OR530177,Figshare,"The original data and supporting results are publicly available on FigShare, under doi:10.6084/m9.figshare.24083637 [111]. One genetic sequence has been deposited on GenBank, accession number: OR530177.","The authors deposited their newly generated qPCR/prevalence dataset on FigShare with a resolvable DOI and one Sanger-sequenced virus sequence on GenBank with an accession number, both presented as publicly available, meeting all open-data criteria that the detector missed."
39181910,false_negative,open,4TU.ResearchData,https://doi.org/10.4121/4F1DFF25-E157-4399-A5D4-478055461689.V1,Institutional/domain,The dataset is made publicly available at 4TU.ResearchData repository15 under the CC BY 4.0 license.,"This is a data descriptor article whose whole purpose is to describe the newly generated Seaclear Marine Debris Dataset (8610 annotated images), which is deposited with a DOI at the 4TU.ResearchData repository under an open CC BY 4.0 license, meeting all three open-data criteria."
39398634,false_negative,open,Dryad Digital Repository and Zenodo,https://doi.org/10.5061/dryad.3ffbg79t3 ; https://doi.org/10.5281/zenodo.13768241,Dryad,All data and code are available in the Dryad Digital Repository at https://doi.org/10.5061/dryad.3ffbg79t3 and Zenodo at https://doi.org/10.5281/zenodo.13768241 .,"The authors deposited their newly generated calibration-trial and hummingbird tracking data in Dryad and Zenodo with resolvable DOIs and describe it as openly available, meeting all three open-data criteria, so the detector's negative call is a miss."
39206455,false_negative,open,Zenodo,https://zenodo.org/doi/10.5281/zenodo.10724529,Zenodo,"The data supporting the findings of this study, R script, and the operational code are available from the Zenodo repository: https://zenodo.org/doi/10.5281/zenodo.10724529.","The authors deposited their newly generated experimental data (temperature series and life-history measurements) along with code in Zenodo, giving a resolvable DOI and presenting it as openly accessible, so this is a missed open-data case."
40396925,false_negative,open,Dryad,,Dryad,The code and all data that supports the findings of this study are available on Dryad [82].,"The authors explicitly state that all newly generated behavioral data (goldfish choice/response data) supporting the study's findings are deposited and available on Dryad, a recognized open-data repository, with no restriction language, satisfying the deposit, locator (reference to repository entry), and open-access criteria even though the specific accession/DOI text is not reproduced in this excerpt."
38320617,non_open_data,none,,,,Electronic supplementary material is available online at https://doi.org/10.6084/m9.figshare.c.7049849,"This is a short correction/erratum notice to a prior article, containing only revised results text and figures with no data availability statement or repository deposit of newly generated data; the only linked resource is the electronic supplementary material (article figures/tables), not a data repository deposit."
38621118,false_negative,open,Zenodo,https://doi.org/10.5281/zenodo.10100615,Zenodo,"All data and scripts for analysis have been deposited in Zenodo, at https://doi.org/10.5281/zenodo.10100615","The authors deposited their newly generated SNP genotype and population data along with analysis scripts in Zenodo with a resolvable DOI and no stated access restrictions, meeting all three open-data criteria, so this is a detector miss."
40452933,false_negative,open,Zenodo,https://doi.org/10.5281/zenodo.14920876,Zenodo,"The data is available at Zenodo: Mayasari, E. (2025). evita-eng/retrospective_study2025: raw_data_peerJ2025 (author). Zenodo. https://doi.org/10.5281/zenodo.14920876.","The authors deposited their raw retrospective study data (newly generated microbial isolate/AST records) in Zenodo with a resolvable DOI and no stated access restriction, meeting all three open-data criteria, so this is a detector miss."
38874424,false_negative,open,Zenodo,doi.org/10.5281/zenodo.10658498,Zenodo,"The data that support the findings of this study are openly available in Zenodo at doi.org/10.5281/zenodo.10658498 , reference number 10658498.","The article's Data Availability Statement explicitly deposits the study's underlying data in Zenodo with a resolvable DOI and states it is openly available, meeting all three open-data criteria that the detector missed."
40540408,false_negative,open,Open Science Framework (OSF),https://osf.io/uvykp/ (DOI 10.17605/OSF.IO/UVYKP),OSF,The data and code necessary to replicate our results are available online (https://github.com/ShineLabUSYD/AmbiguousFigures... and https://osf.io/uvykp/). The following dataset was generated: Danckert J 2025 fMRI data from Stottinger papers Open Science Framework 10.17605/OSF.IO/UVYKP,"The authors deposited their newly generated fMRI data in the OSF repository with a DOI/persistent URL (10.17605/OSF.IO/UVYKP), presented as openly accessible, satisfying all three criteria for open data."
38531413,false_negative,open,Zenodo; Morphosource,https://zenodo.org/doi/10.5281/zenodo.10525500; https://www.morphosource.org/projects/000535920?locale=en,Zenodo,All data collected and analysed are on Github available from the Zenodo Repository: https://zenodo.org/doi/10.5281/zenodo.10525500 [71]. Scans for all crania are available on Morphosource: https://www.morphosource.org/projects/000535920?locale=en [72].,"The authors deposited their newly generated morphometric landmark data and 3D cranial scans in Zenodo and Morphosource with resolvable DOI/URL and no access restriction stated, meeting all three open-data criteria, so the detector's negative call is a false negative."
38960860,false_negative,open,Zenodo,https://doi.org/10.5281/zenodo.8288999,Zenodo,Animations of the algorithm are deposited at https://doi.org/10.5281/zenodo.8288999 .,"The authors deposited author-generated material (algorithm animations) in Zenodo with a resolvable DOI and present it as openly accessible, satisfying all three open-data criteria even though the primary pangenome graph inputs used are reused third-party data."
40114700,false_negative,open,Mendeley Data,https://doi.org/10.17632/855yzf274j.1,Mendeley,The data collected for this study is stored in the Mendeley Data repository19.,"The authors deposited their newly collected survey/clinical data (from the 70 MS patients) in the Mendeley Data repository with a resolvable DOI (10.17632/855yzf274j.1) and no stated access restriction, meeting all criteria for open data that the detector missed."
38609405,false_negative,open,Synapse,Synapse (ref. 31),Other,"All datasets and annotations including the 1000 raw videos, phase recognition set, semantic segmentation set, and irregularity detection set are publicly released in Synapse31.","This Data Descriptor article reports newly generated cataract surgery video data and annotations deposited and publicly released in the Synapse repository (with a citation/reference for the deposit and CC BY licensing), satisfying deposit, identifiable reference, and open access criteria, so the detector's non-open-data call is a miss."
39344597,false_negative,open,Zenodo,10.5281/zenodo.10729400,Zenodo,"The committee of MACE models trained on the full training set is available in a zenodo repository 10.5281/zenodo.10729400. The full train and test sets are also available as a python pandas dataframe. The experimentally determined newly synthesized structure, as well as the five predicted lowest energy structures found by our process, are also available.","The Data Availability Statement deposits newly generated data (trained MLIP models, full train/test DFT datasets, and the newly determined crystal structure) in a Zenodo repository with a resolvable DOI (10.5281/zenodo.10729400) with no stated access restriction, meeting all three open-data criteria the detector missed."
40378216,false_negative,open,GEO; Dryad,GSE241666; https://doi.org/10.5061/dryad.zgmsbccks,NCBI,"The RNA-seq data generated during this study are available in GEO under accession number GSE241666. Another data package was deposited in Dryad with all source codes, along with flow cytometry, and spectrophotometry data (https://doi.org/10.5061/dryad.zgmsbccks).","The authors deposited newly generated RNA-seq data in GEO with an accession number and additional flow cytometry/spectrophotometry data in Dryad with a DOI, both presented as openly accessible, so this is open data the detector missed."
38227657,non_open_data,none,,,,Reply to Santini et al.: Total population reports are necessary for global biomass estimation of wild mammals,"This is a short reply/commentary article responding to a comment on the authors' prior paper, with no newly generated data or repository deposit described in this text (only a passing mention of updating values in the original paper's gitlab repository, not a new deposit with accession)."
39095466,false_negative,open,INGV Data Registry / CFTIlandslides website (Istituto Nazionale di Geofisica e Vulcanologia),https://doi.org/10.13127/cfi/landslides,Institutional/domain,It is published online and registered in the INGV Data Registry with a DOI (Digital Object Identifer) (https://doi.org/10.13127/cfi/landslides) to provide a persistent identifcation. It consists of two main fles that can be directly downloaded via the links in brackets,"The article is a data descriptor for a newly compiled dataset of 1,058 historical earthquake-induced landslides that the authors themselves generated/curated and deposited with a persistent DOI in the INGV Data Registry, openly downloadable in CSV/SHP/KML/GeoJSON via OGC web services, satisfying all three open-data criteria that the detector apparently missed."
38649723,non_open_data,reuse_only,,,,"All data is from public sources, as detailed in the manuscript.","The study exclusively reuses pre-existing third-party public datasets (FAOSTAT, WorldPop, ESA-CCI land cover, GTAP, GADM, GAEZ) to construct its own analytical indices, but generates no new primary dataset that is deposited in a repository with an accession number, so this is a legitimate reuse-only detector negative."
39257881,false_negative,open,Figshare,https://doi.org/10.6084/m9.figshare.26661463.v1; https://doi.org/10.6084/m9.figshare.26869156.v1; https://doi.org/10.6084/m9.figshare.26869183.v1,Figshare,"Data, code and readme files associated with this study are available via Figshare (see https://doi.org/10.6084/m9.figshare.26661463.v1; https://doi.org/10.6084/m9.figshare.26869156.v1; https://doi.org/10.6084/m9.figshare.26869183.v1).","The authors deposited their newly generated field-observation dataset and code on Figshare with resolvable DOIs, presented as openly available, so this is a missed open-data case."
40476043,non_open_data,none,,,,Funding: This work was supported by Instituto de Salud Carlos III (ISCIII) ... Declaration of competing interest ... Appendix Supplementary materials,"The article contains no data availability statement and no mention of depositing the resting-state fMRI or clinical data in any repository with an accession number; only a general supplementary materials note is present, so this is a legitimate non-sharing case rather than a detector miss."
38416832,false_negative,open,Zenodo,https://doi.org/10.5281/zenodo.8412698,Zenodo,Data for Figs. 1 to 6 are available on Zenodo at https://doi.org/10.5281/zenodo.8412698.,"The authors deposited their generated model simulation/analysis data (underlying Figs. 1-6) in Zenodo with a resolvable DOI and state it is available, meeting all three open-data criteria, so this is a detector miss."
38605076,false_negative,open,Arctic Data Center,https://doi.org/10.18739/A2251FM9P,Institutional/domain,"The data that support the findings of this study are published at the Arctic Data Center54. ... 54. Jones, B. et al. Multi-temporal elevation data, ground temperature time-series, and permafrost borehole logs document the recovery of permafrost at the Anaktuvuk River tundra fire, 2009 to 2023. https://doi.org/10.18739/A2251FM9P (2024).","The authors deposited their newly generated LiDAR elevation, ground temperature time-series, and borehole core data in the Arctic Data Center (an open domain repository) with a resolving DOI in the Data availability statement, satisfying all three open-data criteria despite the detector's negative call."
39799107,non_open_data,reuse_only,"Pandora platform (NARIA data community, IsoMemo network)",https://doi.org/10.48493/hnhn-715879,Institutional/domain,"Previously published isotope measurements and corresponding contextual information from prehistoric North American human, animal, and plant samples were systematically collected from available publications found on Google Scholar and similar web search engines through December 2023.","NARIA is a synthesis/compilation database of isotopic measurements collected from prior third-party publications rather than data newly generated by the authors, so although the compiled dataset itself is openly deposited with a DOI, it does not satisfy the newly-generated-data criterion for open data."
40519887,non_open_data,unclear,PANGAEA Data Publisher,https://www.pangaea.de/,Institutional/domain,All data for this paper will be available from PANGAEA Data Publisher https://www.pangaea.de/.,"The data availability statement names a legitimate open-data repository (PANGAEA) and uses future tense with only the generic homepage URL, giving no dataset-specific accession number, DOI, or persistent link, so it fails the accession/persistent-URL requirement for counting as open data."
40164648,false_negative,open,Federated Research Data Repository,https://doi.org/10.20383/103.0972,Institutional/domain,The UrBAN dataset is made fully publicly available at the Federated Research Data Repository (https://doi.org/10.20383/103.0972).,"This is a Scientific Data descriptor for a newly generated multimodal beehive dataset (raw audio, temperature/humidity sensor readings, inspection records) that the authors deposited with a DOI in the Federated Research Data Repository and describe as fully publicly available, meeting all three open-data criteria, so the detector's negative call is a miss."
38195912,false_negative,open,USFQ Atmospheric Measurement Station (EMA USFQ) data portal - institutional repository hosting the authors' own ozone sounding / water vapor mixing ratio measurements,https://observaciones-iia.usfq.edu.ec/ (path: 'USFQ Data\Sondeos\EMA_Soundings'),Institutional/domain,Quito soundings: https://observaciones-iia.usfq.edu.ec/. under 'USFQ Data\Sondeos\EMA_Soundings'.,"The authors generated 78 vertical ozone-sounding water vapor profiles themselves at their own station (EMA USFQ) and, in the Data availability section, deposited/pointed to this newly generated dataset at a specific persistent institutional URL/path that is openly accessible, satisfying deposit + accession/link + open access even though most other cited datasets (AERONET, MERRA-2, SIATA PM2.5, etc.) are third-party reused sources."
39788931,non_open_data,reuse_only,,,,"The SocioPatterns datasets were downloaded from https://www.sociopatterns.org/datasets, the Copenhagen dataset was downloaded from https://doi.org/10.6084/m9.figshare.7267433, the brain connectome datasets were downloaded from https://neurodata.io/project/connectomes/ and the relational datasets were downloaded from https://www.cs.cornell.edu/~arb/data/.","The article is a theoretical/computational study analyzing 39 pre-existing third-party hypernetwork datasets (face-to-face contact, brain connectome, and relational datasets) obtained from public repositories; it generates no new empirical data of its own, only simulation results and a GitHub code repository, so this is reuse-only/code-only rather than a new open-data deposit."
40203091,false_negative,open,NCBI GEO; Dryad,"GSE248820 (GSE248702, GSE248819, GSE249190, GSE249191); https://doi.org/10.5061/dryad.kkwh70sb6",NCBI,"the numerical data and statistical results are deposited in Dryad (https://doi.org/10.5061/dryad.kkwh70sb6). The next-generation sequencing data are available on the National Center for Biotechnology Information Gene Expression Omnibus (NCBI GEO) under accession number GSE248820 (GSE248702, GSE248819, GSE249190, and GSE249191).","The authors deposited newly generated sequencing data in NCBI GEO with explicit accession numbers and other numerical/imaging data in Dryad with a DOI, both presented as openly accessible; only physical stable materials (not data) are gated by an MTA, so this is a true open-data article the detector missed."
38182574,false_negative,open,Zenodo,https://doi.org/10.5281/zenodo.6583119,Zenodo,"The school database used in this study is described in Opabola et al.42 and is publicly available37. ... 37. Opabola, E. et al. An inventory of school buildings in Central Sulawesi (Indonesia) developed through a mixed-mode data collection approach. Zenodo https://doi.org/10.5281/zenodo.6583119 (2022).","The authors' own school-building inventory database, generated through their field data collection in Central Sulawesi, is deposited in Zenodo with a resolvable DOI and stated to be publicly available, meeting all three open-data criteria despite redaction of identifying fields for confidentiality."
40330098,false_negative,open,Dryad,https://doi.org/10.5061/dryad.70rxwdc6q,Dryad,The data that support the findings of this study are openly available in Dryad at https://doi.org/10.5061/dryad.70rxwdc6q .,"The authors deposited their newly generated 3D surface scan/measurement data in Dryad with a resolvable DOI and explicitly state it is openly available, meeting all three criteria for open data that the detector missed."
40372776,false_negative,open,Dryad Digital Repository,https://doi.org/10.5061/dryad.6djh9w1bf,Dryad,The data are openly available at Dryad ( https://doi.org/10.5061/dryad.6djh9w1bf ). The following dataset was generated: ... 2024 Data from: Mapping serotonergic dynamics using drug-modulated molecular connectivity Dryad Digital Repository 10.5061/dryad.6djh9w1bf,"The authors deposited their newly generated PET/fMRI dataset in the Dryad repository with a resolvable DOI and explicitly state it is openly available, meeting all three open-data criteria, so this is a detector miss."
38560451,non_open_data,code_only,"Figshare, GitHub",https://doi.org/10.6084/m9.figshare.24715233.v3,Figshare,The data is available at figshare and GitHub: - scAnnoX (2023). scAnnoX . figshare. Software. https://doi.org/10.6084/m9.figshare.24715233.v3 - https://github.com/XQ-hub/scAnnoX/tree/main/data .,"This is a bioinformatics tool paper whose only deposit is the scAnnoX R package/software itself (explicitly labeled ""Software"" on figshare, mirrored on GitHub), while all validation datasets (human islet, liver, brain, and mouse cortical cell datasets) are reused from previously published third-party studies (Xin et al. 2016, Camp et al. 2017, Darmanis et al. 2015, Tasic et al. 2016) rather than newly generated by the authors, so no newly generated open data deposit exists."
39030856,non_open_data,upon_request_or_restricted,,,,The data that support the findings of this study are available on request from the corresponding author. The data are not publicly available due to privacy or ethical restrictions.,"The article explicitly states data are only available upon request due to privacy/ethical restrictions, with no repository deposit or accession number, so the detector's negative classification is correct."
39595723,non_open_data,upon_request_or_restricted,,,,Data Availability Statement Dataset available on request from the authors.,"The article is a scoping review whose extracted dataset (coded articles) is explicitly stated to be available only upon request from the authors, with no repository deposit or accession, so this is a legitimate detector negative."
39553714,false_negative,open,figshare,https://doi.org/10.6084/m9.figshare.26065414.v1,Figshare,"The raw dataset of EMG signals is available at figshare: Chatpun, Surapong (2024). EMG signals. figshare. Dataset. https://doi.org/10.6084/m9.figshare.26065414.v1.","The authors deposited their newly generated raw EMG dataset in figshare with a DOI and describe it as available (openly accessible, no gating language), meeting all three open-data criteria."
40433961,non_open_data,upon_request_or_restricted,,,,Health data can be requested through the Institute of Health Information and Statistics of the Czech Republic (https://www.uzis.cz/index-en.php). Meteorological data can be freely obtained from the EOBS gridded dataset (https://doi.org/10.24381/cds.151d3ec6).,"The newly generated ambulance dispatch data are available only upon request from the Institute of Health Information and Statistics, and the meteorological data are a pre-existing third-party dataset (E-OBS) rather than newly generated data deposited by the authors, so no open deposit of new data occurs."
39467121,false_negative,open,FigShare,https://doi.org/10.6084/m9.figshare.25043819.v1,Figshare,Sediment and Fish DDX data have been deposited in FigShare (https://doi.org/10.6084/m9.figshare.25043819.v1),"The authors deposited their compiled sediment and fish DDX measurement dataset in FigShare with a resolvable DOI, presented as openly accessible, meeting all three open-data criteria."
40199932,non_open_data,upon_request_or_restricted,,,,"The processed detection data that support the findings of this study are available from the authors on reasonable request. The raw audio data are not available due to privacy concerns, although audio data may be requested in spectrogram image format. Contact David Mann to request data from this study.","The Data availability statement explicitly restricts access to data-on-request from the corresponding author with no repository deposit or accession number, meeting the upon-request/restricted exclusion rather than open data criteria."
39432793,false_negative,open,"Archived via numbered references (67, 68, 82, 90); repository name not shown in extracted body text but explicitly stated to be publicly archived",,Other,"Data and model code are publicly archived (67–69, 77, 82, 90). ... A total of 267 new 15N data points are presented for Renland ... and 396 new 15N data points for Dye 3 ... Data are available via refs. 67, 68. ... Assessed event magnitudes are archived in ref. 82.","The article's PNAS Data Availability statement explicitly declares the newly generated 15N ice-core data (663 new points) and derived DO event magnitudes are publicly archived with specific citation pointers (refs 67, 68, 82), satisfying deposit + accession-pointer + open-access criteria even though the resolved repository/DOI text is not present in this extracted body (it lives in the numbered reference list)."
40033107,false_negative,open,University of Leeds Data Repository,https://doi.org/10.5518/1589,Institutional/domain,The data associated with this Article and its Supplementary Information are openly available from the University of Leeds Data Repository at https://doi.org/10.5518/1589 (ref. 46).,"The authors deposited their newly generated 4D-STEM molecular crystal dataset in the University of Leeds Data Repository with a resolvable DOI and describe it as openly available, meeting all criteria for open data that the detector missed."
39511301,non_open_data,reuse_only,,,,All data used were publicly available for research use. The FF and FFPE slides of the TCGA-SKCM cohort were downloaded from https://portal.gdc.cancer.gov/. The CPTAC melanoma FFPE slides were downloaded from the NIH cancer imaging archive... The FFPE melanoma Xenium datasets were downloaded from 10x Genomics.,"The Data availability statement lists only pre-existing third-party datasets (TCGA, CPTAC, 10x Genomics Xenium) that were reused/downloaded for analysis, with no newly generated data deposited by the authors; only their analysis code/pipeline (SPoTLIghT) is shared on GitHub."
39792680,false_negative,open,Dryad,https://doi.org/10.5061/dryad.7m0cfxq4c,Dryad,The data are available in the Dryad repository: https://doi.org/10.5061/dryad.7m0cfxq4c (DOI: 10.5061/dryad.7m0cfxq4c).,"The authors deposited their newly collected survey data (from 614 US and India participants) in the Dryad repository with a resolvable DOI and present it as openly accessible, meeting all three open-data criteria, so the detector's negative call is a false negative."
38950358,false_negative,open,figshare,https://doi.org/10.6084/m9.figshare.25560351,Figshare,"All data are available in figshare at https://doi.org/10.6084/m9.figshare.25560351 (52). The only exception is the raw asset wealth data, obtainable directly from Atlas AI. However, we provide in figshare the asset wealth values for each protected area and year in our study, along with the code used to derive these values from the raw data.","The authors deposited their compiled/derived study dataset (including author-generated asset wealth values per protected area-year and other analysis data) in Figshare with a resolvable DOI and describe it as openly available, meeting all three open-data criteria despite one component (raw Atlas AI data) being excluded and available only from the third party."
38673379,non_open_data,reuse_only,,https://www.cdc.gov/nchs/nhanes/.htm,,"The NHANES dataset is publicly available online, accessible at https://www.cdc.gov/nchs/nhanes/.htm (accessed on 12 December 2023).","The study analyzes only pre-existing third-party NHANES survey data (a public secondary dataset the authors reused, not newly generated/deposited by them), so it does not meet the criterion of authors depositing newly produced data."
39880946,false_negative,open,Pangaea,https://doi.org/10.1594/PANGAEA.973166; https://doi.org/10.1594/PANGAEA.973167; https://doi.org/10.1594/PANGAEA.973178; https://doi.org/10.1594/PANGAEA.973190,Other,"The water isotope, Na and TAC data presented in this paper are archived in the Pangaea database56–59.","The authors deposited their newly generated ice-core water isotope, sodium, and total air content data in the Pangaea repository with four distinct DOIs listed in the references, with no indication of restricted access, so this is an open-data article the detector missed."
38778011,false_negative,open,Figshare,https://doi.org/10.6084/m9.fgshare.c.7029929.v1,Figshare,"The full dataset “Botanical Records of Archaeobotany Italian Network” is stored at Figshare27 and includes eight tables (spreadsheets) with the lists of sites and geographical data, type of site category, type of plant records and corresponding references.","This Scientific Data Descriptor paper deposits its newly compiled BRAIN database (800 archaeobotanical site records with metadata) at Figshare with a resolvable DOI, meeting all three open-data criteria, so the detector's negative call is a false negative."
39596260,false_negative,open,Mendeley Data,https://doi.org/10.17632/mrc9yzngwm.1,Mendeley,The data supporting reported results are publicly available on the Mendeley repository: https://doi.org/10.17632/mrc9yzngwm.1.,"The authors deposited the newly generated physiological and behavioral data from their zebra finch experiment in Mendeley Data with a resolvable DOI and describe it as publicly available, satisfying all three open-data criteria, so the detector's negative call is a miss."
38426139,false_negative,open,NCBI SRA and Dryad,SRA# PRJNA924783; Dryad https://doi.org/10.25349/D9P60T,NCBI,"The raw sequences are available at NCBI SRA: PRJNA924783 . Data Availability ... The data and code are available at Dryad: Lafferty, Kevin (2024). Tidewater goby and estuarine fish records from seining, qPCR and metabarcoding data for Southern California estuaries in 2023 [Dataset]. Dryad. https://doi.org/10.25349/D9P60T .","The authors deposited newly generated raw eDNA/metabarcoding sequence data in NCBI SRA (accession PRJNA924783) and the full dataset plus code in Dryad (DOI 10.25349/D9P60T), both presented as openly accessible with no access restrictions stated."
40009673,false_negative,open,Zenodo,https://doi.org/10.5281/zenodo.14403644,Zenodo,The simulation data presented in the figures and supplementary figures are available at https://doi.org/10.5281/zenodo.14403644,"The authors deposited their newly generated hydrodynamic simulation data in Zenodo with a resolvable DOI and describe it as openly available, meeting all three open-data criteria despite the detector's negative score."
39338144,non_open_data,upon_request_or_restricted,,,,The data presented in this study are available upon request from the corresponding author.,"This is a brief report describing a biosafety toolkit (guidelines, flyers, QR codes) with no newly generated research dataset; the formal Data Availability Statement explicitly restricts access to upon-request from the corresponding author, which does not meet the open-data definition."
39959831,false_negative,open,Zenodo (and GitHub),https://doi.org/10.5281/zenodo.14637161,Zenodo,All data and code generated during the development of the tool are available on the GitHub page of PGSXplorer (https://github.com/tutkuyaras/PGSXplorer) and Zenodo: tutkuyaras. (2025). tutkuyaras/PGSXplorer: v2.1 (v2.1). Zenodo. https://doi.org/10.5281/zenodo.14637161,"The authors generated synthetic validation datasets (with HAPNEST) and configuration files and deposited them, along with code, in a Zenodo archive with a resolvable DOI, presented as openly accessible with no access restriction stated, meeting all three open-data criteria."
39398629,non_open_data,upon_request_or_restricted,"Mississippi Department of Wildlife, Fisheries, and Parks",https://doi.org/10.6084/m9.figshare.c.7175712,Other,"Data and associated data products are held by the Mississippi Department of Wildlife, Fisheries, and Parks and may only be available through a public records request. All code for analyses are located on Figshare: https://doi.org/10.6084/m9.figshare.c.7175712.","The underlying deer data are held by a state agency and accessible only via public records request (restricted, not openly deposited), while the Figshare link provided is only for the analysis code, not the data."
40087538,false_negative,open,Materials Cloud Archive,https://doi.org/10.24435/materialscloud:zx-87,Institutional/domain,The data that support the findings of this study are available via the Materials Cloud platform at https://doi.org/10.24435/materialscloud: zx-87 (ref. 55).,"The authors deposited their newly generated STM/spectroscopy and simulation data in the Materials Cloud Archive with a resolvable DOI accession presented as openly available, meeting all criteria for open data that the detector missed."
39301060,false_negative,open,Zenodo,https://doi.org/10.5281/zenodo.11122582,Zenodo,"The original confocal and micro-CT data are available at Zenodo: Li, Y.-D., Tomaszewska, W., Arriaga-Varela, E., Huang, D., Cai, C. (2024). Confocal and micro-CT data of Yassibum yoshitomii, holotype, NIGP200730 [Data set]. Zenodo. https://doi.org/10.5281/zenodo.11122582.","The authors deposited their newly generated confocal microscopy and micro-CT imaging data of the fossil holotype in Zenodo with a resolvable DOI and no stated access restriction, meeting all three open-data criteria, so the detector's negative call is a miss."
38342220,false_negative,open,Figshare (Royal Society electronic supplementary material collection),https://doi.org/10.6084/m9.figshare.c.7030619,Figshare,"Electronic supplementary material is available online at https://doi.org/10.6084/m9.figshare.c.7030619 ... The data, metadata and the R code for the calculations are available in electronic supplementary material, files (electronic supplementary material, S2, S3 and S4). ... Data accessibility The data are provided in electronic supplementary material [70].","The authors' newly generated field-collected geodiversity data, metadata, and R code are deposited via the journal's Figshare-hosted electronic supplementary material system under a persistent, resolvable DOI (m9.figshare.c.7030619) and are stated as openly provided with no access restriction, satisfying deposit + accession + open-access criteria even though the detector likely missed it because it is framed as 'electronic supplementary material' rather than a standalone repository citation."
40370343,false_negative,open,Zenodo,10.5281/zenodo.14366667,Zenodo,Final datasets used in the analyses and reproducible code for all results and figures are available on Zenodo: 10.5281/zenodo.14366667.,"The authors deposited the newly generated datasets underlying all analyses and figures in Zenodo with a resolvable DOI and describe them as openly available, satisfying all three open-data criteria, so the detector's negative call is a miss."
39318424,false_negative,open,"Companion data publication (Ovienmhada et al., 2024) describing the HIFLD-derived prison facility boundary/heat exposure data set",,Institutional/domain,Data Availability Statement Data on the heat exposure and risk analysis are publicly available at Ovienmhada et al. ( 2024 ).,"The Data Availability Statement explicitly states that the newly generated heat exposure/risk analysis data underlying this study are publicly available, pointing to a specific companion data citation (Ovienmhada et al., 2024), satisfying deposit-with-pointer and open-access criteria even though the full DOI/accession is not reproduced in this extracted text."
38348327,false_negative,open,Harvard Dataverse,10.7910/DVN/W97UKZ (https://doi.org/10.7910/DVN/W97UKZ),Dataverse,Repository name: HARVARD Dataverse Data identification number: 10.7910/DVN/W97UKZ Direct URL to data: https://doi.org/10.7910/DVN/W97UKZ,"This Data in Brief article deposited its newly generated FEPPS model output dataset (hourly power system results for Great Britain, 2030/2040) in Harvard Dataverse with a resolvable DOI, presented as openly accessible, so the detector's negative call is a miss."
39636860,false_negative,open,Zenodo,"ref. 62 (Zenodo deposit, citation number in reference list)",Zenodo,All data associated with this study has been deposited in a public repository at Zenodo (62). The DQMC code used for this project can be obtained at https://github.com/SmoQySuite/SmoQyDQMC.jl (60).,"The authors explicitly state that all data from their DQMC simulations (newly generated data) was deposited in the public repository Zenodo with a citable reference, distinct from the separately-cited code repository, satisfying deposit + accessible/public presentation."
39897484,false_negative,open,Zenodo (and GitHub),https://doi.org/10.5281/zenodo.14273568,Zenodo,"The source codes and datasets are available at GitHub and Zenodo: - https://github.com/HVPPIlab/IVA-Human-PPI/ . - li,. binghua. (2024). IVA-Human-PPI. Zenodo. https://doi.org/10.5281/zenodo.14273568 .","The authors deposited their curated IAV-human PPI training dataset (built via a novel degree-and-dissimilarity negative sampling method) and predicted PPI results in Zenodo with a resolvable DOI, presented without access restriction, meeting all three open-data criteria."
38976810,false_negative,open,Zenodo,10.5281/zenodo.11073108,Zenodo,Corresponding raw data and simulation Matlab scripts can be accessed via Zenodo DOI: 10.5281/zenodo.11073108.,"The authors deposited their newly generated raw NMR/kinetics data and MATLAB simulation scripts in Zenodo with a resolvable DOI and no stated access restriction, meeting all three open-data criteria, so this is a detector miss."
39908376,false_negative,open,Dryad,https://doi.org/10.5061/dryad.d51c5b0c1,Dryad,Data and materials availability: All data needed to evaluate the conclusions in the paper are present in the paper and/or the Supplementary Materials. All data can be accessed at Dryad (https://doi.org/10.5061/dryad.d51c5b0c1).,"The authors deposited their newly generated field and experimental data (shell thickness, tissue mass, calcification, crab survey data) in the Dryad repository with a resolvable DOI and describe it as openly accessible, so the detector's negative call is a false negative."
38705190,non_open_data,none,,,,Data accessibility This article has no additional data.,This is a perspective/review article proposing a framework and priorities for automated insect monitoring; it explicitly states it has no additional data and reports no new data deposit with an accession number.
39139916,non_open_data,code_only,OSF,10.17605/OSF.IO/NWAQS,OSF,This simulation study uses data from the literature (sources in Table 1). The original code is available at Open Science Foundation (DOI 10.17605/OSF.IO/NWAQS).,"The study is a simulation using previously published empirical data (no newly generated dataset), and the only deposit with an accession is the simulation code on OSF, so this is code-only sharing, not open data."
38412128,false_negative,open,GenBank (reads/genomes); Zenodo (results/intermediary files); GitHub (pipelines/code),,NCBI,"Genomic and transcriptomic reads from leaf, cambium, and fruits and corresponding genomes are available in GenBank (18). genomeAnnotation and detectMutations pipelines as well as downstream analyses are available on GitHub (19). Results and intermediary files are available on Zenodo (20).","The article's Data, Materials, and Software Availability statement deposits newly generated whole-genome sequencing reads and genome assemblies in GenBank and additional results/intermediary files in Zenodo, presented as openly accessible, which the detector missed."
38791755,false_negative,open,Figshare,https://doi.org/10.6084/m9.figshare.24943446.v1,Figshare,The data presented in this study are openly available in the FIGSHARE repository at https://doi.org/10.6084/m9.figshare.24943446.v1 (accessed on 28 January 2024).,"The authors deposited their newly generated qualitative interview/analysis data in the Figshare repository with a resolvable DOI and explicitly state it is openly available, meeting all three criteria for open data despite the detector scoring it negative."
38305939,false_negative,open,Monash University figshare (Bridges repository),https://doi.org/10.26180/23930067,Figshare,Data Availability All data and scripts are publicly available at https://doi.org/10.26180/23930067.,"The article provides a DOI to a repository deposit (Monash figshare) containing all data and scripts generated in the study, with no stated access restriction, meeting the definition of open data."
38223231,false_negative,open,Max Planck Institute for Psycholinguistics archive,https://hdl.handle.net/1839/3b656615-6a9a-46d2-a68b-580151f27d95,Institutional/domain,The pre-processed data used for the present analyses are available at the archive of the Max Planck Institute for Psycholinguistics at https://hdl.handle.net/1839/3b656615-6a9a-46d2-a68b-580151f27d95 . The archive also contains the JASP analysis output.,"The authors deposited their newly generated pre-processed dataset (and JASP analysis output) in the Max Planck Institute for Psycholinguistics institutional archive with a persistent handle.net URL, presented as openly accessible with no access restriction stated, so this is an open data deposit the detector missed."
40382363,false_negative,open,NSF Arctic Data Center Repository,https://doi.org/10.18739/A2610VT7V,Institutional/domain,The data products are available at NSF Arctic Data Center Repository11.,"This Scientific Data descriptor deposits newly generated global coastline, water probability, and intertidal zone products derived from satellite imagery in the NSF Arctic Data Center repository with a resolvable DOI and no access restriction stated, meeting all three open-data criteria that the detector missed."
40301348,false_negative,open,BioImage Archive,"S-BIAD1478, https://doi.org/10.6019/S-BIAD1478",Institutional/domain,"The image dataset was uploaded to the Bioimage Archive and published under a CC-BY 4.0 license (S-BIAD1478, https://doi.org/10.6019/S-BIAD1478)","The authors deposited their newly generated dataset of 18,104 mosquito wing images in the BioImage Archive with a persistent accession/DOI and an open CC-BY 4.0 license, meeting all criteria for open data that the detector missed."
39457360,false_negative,open,Open Science Framework (OSF),10.17605/OSF.IO/M2VFJ,OSF,The datasets generated and analyzed during this study are available from the corresponding authors on reasonable request or by accessing the Open Science Foundation DOI 10.17605/OSF.IO/M2VFJ.,"The data availability statement offers a specific OSF DOI as a route to access the datasets generated and analyzed during the study, satisfying deposit + accession/DOI + open-access presentation even though an upon-request alternative is also mentioned."
39041020,false_negative,open,University of Alberta Education and Research Archive (ERA),https://doi.org/10.7939/r3-wmew-4j53,Institutional/domain,All data and R scripts are available through the University of Alberta Education and Research Archive via https://doi.org/10.7939/r3-wmew-4j53.,"The authors deposited their newly generated field and greenhouse experiment data (plus R scripts) in an institutional repository with a resolvable DOI and no stated access restriction, meeting all three open-data criteria, so this is a detector miss."
38317439,false_negative,open,Zenodo,doi.org/10.5281/zenodo.10045070,Zenodo,The raw UED data set (15 mJ) and trajectories used in this work are available at the following link: doi.org/10.5281/zenodo.10045070.,"The authors deposited their newly generated raw ultrafast electron diffraction data and MD trajectories in Zenodo with a resolvable DOI and no stated access restriction, meeting all three open-data criteria, so the detector's negative call is a miss."
40034665,non_open_data,reuse_only,,,,"The RNA sequencing data for all breast cancer samples are available at The Cancer Genome Atlas database: https://cancergenome.nih.gov. The gene expression profiles are available at NCBI GEO: GSE101123, GSE64790, GSE115275, GSE38959, and GSE53752. The code is available at Zenodo...","The article is a bioinformatics reanalysis of pre-existing public GEO and TCGA datasets with no newly generated experimental data of its own; only analysis code was newly deposited (on Zenodo), which does not count as open data sharing under the definition used."
39005474,non_open_data,code_only,,https://www.dropbox.com/scl/fo/jk4zcgw3c2jefxj23pu3m/ACoeQcrb6DitMmfDS1WDpb0?rlkey=jjy8b4rvq2z0xk4d4miu0ohhz st=pylda2tb dl=0,,"The code will be made available online. For reviewers, a Dropbox link is available here: https://www.dropbox.com/scl/fo/jk4zcgw3c2jefxj23pu3m/...","This is a purely computational/simulation study with no newly generated experimental dataset deposited in a repository; the only availability statement concerns simulation code (via a Dropbox link for reviewers), so it does not meet the open-data definition."
38196366,false_negative,open,"Dryad; DANS (Data Archiving and Networked Services, Netherlands)",doi:10.17026/dans-xfk-72pn,Dryad,"All data and code are available through Dryad [41]. All data that support this manuscript are also available through DANS, the Netherlands institute for permanent access to digital research resources (https://dans.knaw.nl/en): doi:10.17026/dans-xfk-72pn [42].","The authors deposited their newly generated mesocosm CO2 flux and stability data in both Dryad and the DANS institutional repository with a resolvable DOI, presented as openly accessible, meeting all three criteria for open data."
39689173,non_open_data,upon_request_or_restricted,European Genome-phenome Archive (EGA),EGAS50000000447,Institutional/domain,"Newly published genomic sequence data are available at the European Genome-phenome Archive (EGA, https://ega-archive.org/; Dataset ID: EGAS50000000447) via request to the Data Access Committee EGAC50000000312.","Although the newly generated genomic data are deposited in EGA with a valid accession, access is explicitly gated through a Data Access Committee request rather than being openly accessible, so it does not meet the open-access criterion despite the deposit."
38271522,false_negative,open,MPI-HD (Max Planck Institute for Nuclear Physics) institutional publications data page,https://www.mpi-hd.mpg.de/HESS/pages/publications/auxiliary/2023_SS433/index.html,Institutional/domain,"The H.E.S.S. data are available at: https://www.mpi-hd.mpg.de/HESS/pages/publications/auxiliary/2023_SS433/index.html. This includes the counts and background maps, the subsequently derived significance and flux maps (Figures 1A and 2), the flux profiles (Figure 3) and the raw data and derived flux points from the spectral measurements of the jets (Figure 1B-C).","The authors deposited their newly generated H.E.S.S. observational data products (counts/background maps, flux maps, flux profiles, derived flux points) at a persistent, openly accessible institutional URL, satisfying deposit, locator, and open-access criteria, so the detector's negative call is a false negative."
38489389,false_negative,open,PDB; Zenodo,"8OEM, 8RK1, 8OGG, 8OEI, 8C4Y; https://doi.org/10.5281/zenodo.10732657",PDB,"Protein Structure data have been deposited in PDB under accession codes (8OEM (49), 8RK1 (50), 8OGG (51), 8OEI (52), 8C4Y (53)). Raw data are available at https://doi.org/10.5281/zenodo.10732657 (54).","The authors deposited newly generated crystallographic protein structures in PDB with accession codes and raw diffraction/spectroscopy data in Zenodo with a DOI, both presented as openly accessible, so this is a genuine open-data article missed by the detector."
38432237,false_negative,open,Zenodo repository; also NCD-RisC website (ncdrisc.org),https://doi.org/10.5281/zenodo.10534960,Zenodo,"Data sharing Age-standardised and age-specific results of this study, as well as the computer code and input data for the analyses, can be downloaded from https://www.ncdrisc.org . Computer code and input data are also available from the Zenodo repository ( https://doi.org/10.5281/zenodo.10534960 ).","The article's Data sharing statement deposits the pooled analysis results, computer code, and (where permitted) the input data in the Zenodo repository with a resolvable DOI and describes them as downloadable/available, satisfying deposit + accession + open-access criteria that the detector missed."
40003434,false_negative,open,Zenodo,https://doi.org/10.5281/zenodo.14727649,Zenodo,"The data are contained in the article and Supplementary Materials and in the zenodo repository (https://doi.org/10.5281/zenodo.14727649, accessed on 15 November 2024).","The Data Availability Statement deposits the study's corrected mortality dataset in Zenodo with a resolvable DOI and no stated access restriction, meeting all three open-data criteria that the detector missed."
39312660,false_negative,open,Dataverse (and GitHub),https://doi.org/10.7910/DVN/KVC2WH,Dataverse,All model code and data will be made available on GitHub (https://github.com/SunderlandLab/global_fisheries_hg) (61) and Dataverse (https://doi.org/10.7910/DVN/KVC2WH) (62).,"The authors deposited their newly generated model outputs and data in Dataverse with a persistent DOI (plus code on GitHub), presented as openly available, satisfying all three open-data criteria that the detector missed."
38583468,false_negative,open,Zenodo,doi:10.5281/zenodo.8104715,Zenodo,The datasets supporting this article have been uploaded as part of the electronic supplementary material and also from the Zenodo repository: doi:10.5281/zenodo.8104715 [96]. The analysis code used to create the figures and statistics are accessible from the GitHub repository: https://github.com/Martin-Jung/Review_EuropeanConservationPlanning [97].,"The authors deposited their newly generated systematic-review dataset (extracted study-level variables from the literature review) in Zenodo with a resolvable DOI and describe it as openly accessible, meeting all three open-data criteria, so the detector's negative call is a miss."
40335465,false_negative,open,Zenodo,10.5281/zenodo.14261087,Zenodo,The gut microbiome taxonomic and functional profiles generated in this study are available on Zenodo 10.5281/zenodo.14261087.,"Although the underlying raw sequencing data are reused from prior studies, the authors generated new derived taxonomic and functional microbiome profiles through their meta-analysis pipeline and deposited these newly produced data in Zenodo with a resolvable DOI, presented as openly accessible, satisfying all three open-data criteria."
40003399,false_negative,open,Figshare,https://doi.org/10.6084/m9.figshare.c.7373818.v1,Figshare,Data Availability Statement See https://doi.org/10.6084/m9.figshare.c.7373818.v1 .,"The authors deposited their study data/materials in a Figshare collection with a resolvable DOI in the Data Availability Statement, presented without any access restriction, which the detector failed to flag as open data."
38892146,false_negative,open,Zenodo,https://doi.org/10.5281/zenodo.10613584,Zenodo,Data Availability Statement: Data available on the Zenodo platform under the following DOI: https://doi.org/10.5281/zenodo.10613584 (accessed on 20 May 2024).,"The article's Data Availability Statement deposits the study's underlying data in Zenodo with a resolvable DOI, satisfying all three open-data criteria, so the detector's negative call is a false negative."
40003409,non_open_data,supplement_only,,,,The original contributions presented in this study are included in the article/Supplementary Materials. Further inquiries can be directed to the corresponding author.,"This scoping review's extracted data is only provided within the article's own supplementary materials tables (no repository deposit with accession number), and further data requires direct inquiry to the corresponding author, so it does not meet the open data definition."
39138206,false_negative,open,Bridges Repository (Monash University),https://doi.org/10.26180/24515092.v4,Institutional/domain,"Te dataset presented in this study is publicly available in the Bridges Repository by Monash University31, with the identifer: https://doi.org/10.26180/24515092.v4.","This Scientific Data descriptor reports a newly collected motion capture dataset (65 subjects) that is openly deposited with a persistent DOI in an institutional repository, meeting all three open-data criteria, so the detector's negative call is a false negative."
38409318,non_open_data,reuse_only,,,,No new datasets were generated during the current study. All data sources used in the study are listed in the Data Availability statement.,"The study relies entirely on pre-existing third-party species-occurrence and climate databases (e.g., BIEN, CHELSA, GIFT) and explicitly states no new datasets were generated, so no new deposit with accession exists; only the analysis code was slated for a Zenodo DOI, which does not count as open data."
39830270,false_negative,open,Leiden Open (source) Variation Database (LOVD) and ClinVar,http://www.lovd.nl (LOVD); ClinVar,NCBI,The data generated during this study (pathogenic variants and VUSs identified) are submitted to the Leiden Open (source) Variation Database (LOVD) (http://www.lovd.nl) and ClinVar.,"Although the primary patient genomic dataset is restricted-access via Genomics England, the authors separately deposited their newly generated variant/VUS findings into the open, accessioned public repositories LOVD and ClinVar, which meets the open-data definition and was missed by the detector."
40119174,false_negative,open,FigShare,10.6084/m9.figshare.28485914,Figshare,Processed data in the form of a Seurat object are available on FigShare for the independent 6-month follow-up samples (10.6084/m9.figshare.28485914).,"The authors deposited newly generated processed scRNA-seq data (a Seurat object) for the independent 6-month follow-up cohort in FigShare with a DOI and no stated access restriction, which qualifies as open data even though the primary cohort's raw data are under controlled access."
40234441,non_open_data,upon_request_or_restricted,,,,"Data can be made available conditionally to data sharing agreements in accordance with data privacy statements signed by the patients within the legal framework of the General Data Protection Regulation of the European Union. Requests should be directed to the lead contact... The data will be made available for 48 months, after which re-application for access is possible.","The newly generated invasive neurophysiology and imaging data are explicitly restricted to controlled access via data-sharing agreements, ethics approval, and DPIA review rather than being openly deposited with an accession number, so only the analysis code (GitHub/Zenodo) is openly shared, not the data."
40399465,false_negative,open,Harvard Dataverse,https://doi.org/10.7910/DVN/3JUBLR21,Dataverse,The datasets and implementations of the utilized models are shared at https://doi.org/10.7910/DVN/3JUBLR21.,"The authors deposited the generated Mackey-Glass time series datasets and model implementations in Harvard Dataverse with a resolvable DOI and no stated access restriction, meeting all three open-data criteria, so the detector's negative call is a miss."
38371871,false_negative,open,Zenodo,https://doi.org/10.5281/zenodo.10298559,Zenodo,"other data are available at Kafash (2023) https://doi.org/10.5281/zenodo.10298559, and Yousefi et al.(2024) https://doi.org/10.5281/zenodo.10298559.","The Data Availability Statement deposits the authors' own newly generated endemic freshwater fish distribution/occurrence records in Zenodo with a resolvable DOI, meeting all three open-data criteria, so the detector's negative call is a miss."
39321285,false_negative,open,Zenodo,https://doi.org/10.5281/zenodo.10888643,Zenodo,Data and code can be found at https://doi.org/10.5281/zenodo.10888643.,"The authors deposited their simulation data and code in Zenodo with a resolvable DOI and no stated access restriction, meeting all three open-data criteria, so the detector's negative call is a miss."
38870057,false_negative,open,Edmond (Max Planck Digital Library repository),https://edmond.mpdl.mpg.de/,Institutional/domain,Microscopy data have been deposited in https://edmond.mpdl.mpg.de/ (74).,"The authors state that their newly generated microscopy data were deposited in Edmond, an institutional/domain data repository, with a persistent URL and no stated access restriction, meeting all three open-data criteria, so the detector's negative call is a miss."
39680787,false_negative,open,Zenodo,https://doi.org/10.5281/zenodo.12701820,Zenodo,Code data have been deposited in Zenodo (https://doi.org/10.5281/zenodo.12701820) (87). All other data are included in the manuscript and/or SI Appendix.,"The Data, Materials, and Software Availability statement gives a Zenodo DOI for the authors' own code/data deposit (covering the modeling and hyperspectral measurement outputs generated for this study) with no access restriction stated, meeting the deposit+accession+open-access criteria that the detector missed."
39903110,false_negative,open,Open Science Framework (OSF),10.17605/OSF.IO/4GZSM,OSF,Datafiles have been deposited in an Open Science Framework project 10.17605/OSF.IO/4GZSM (50). This will include protocols and analysis macros.,"The authors deposited their generated datafiles (imaging/quantification data, protocols, analysis macros) in an OSF repository with a persistent DOI and no stated access restriction, meeting all three open-data criteria, so the detector's negative call is a miss."
39604289,false_negative,open,Zenodo,https://doi.org/10.5281/zenodo.13959703; https://doi.org/10.5281/zenodo.14007188; accession numbers GU386255-GU386265 and PQ513430-PQ513439,Zenodo,The data and code that support the findings of this study are openly available from Zenodo at https://doi.org/10.5281/zenodo.13959703 and GitHub at https://github.com/sandrarcr/Pclavata_rec_MHW.git ... Microsatellite loci information is available from the Molecular Ecology Resources Database under accession numbers GU386255 GU386265 and PQ513430 PQ513439,"The Data Availability Statement deposits newly generated experimental/genetic/temperature data in Zenodo with DOIs and microsatellite genotype data with accession numbers in the Molecular Ecology Resources Database, all stated as openly available, so this is a missed open-data case."
38724591,false_negative,open,data_UMR (Philipps-Universität Marburg institutional repository),https://doi.org/10.17192/FDR/166,Institutional/domain,"Our data55 are accessible via the public repository data_UMR https://doi.org/10.17192/FDR/166 and consists of a workfow fle and four parameter fles, a python script, and a readme fle as a text fle as well as 10 .tar fles containing the data.","This Data Descriptor reports newly generated analysis-ready Sentinel-2 satellite data products that the authors processed and deposited with a persistent DOI in the institutional repository data_UMR, with annual data directly downloadable and monthly data obtainable via the same repository, satisfying deposit, accession/DOI, and open-access criteria."
40003466,false_negative,open,Mendeley Data,DOI: 10.17632/wwkk7srgvp.1,Mendeley,The original data presented in the study are openly available from Mendeley Data at DOI: 10.17632/wwkk7srgvp.1.,"The authors deposited their newly generated qualitative interview/study data in Mendeley Data with a resolvable DOI and explicitly describe it as openly available, meeting all three open-data criteria, so the detector's negative call is a miss."
39823331,false_negative,open,GWAS Catalog (EBI); Figshare,GCST90455543-GCST90455546; https://doi.org/10.6084/m9.figshare.27997871.v1,ENA/EBI,"Summary statistics of the DTI-ALPS index in this study are available in the GWAS catalog (GCST90455543-GCST90455546). ... The function annotation of all SNPs, detailed results of PheWAS, and data processing of UK Biobank have been disposed as tables S11 to S17 and deposited on figshare (see https://doi.org/10.6084/m9.figshare.27997871.v1).","Although the underlying UK Biobank raw imaging/genetic data is access-restricted, the newly generated GWAS summary statistics from this study were deposited with accession numbers in the GWAS Catalog and additional derived results tables were deposited on Figshare with a DOI, both presented as openly accessible, so the detector's negative call is a miss."
39165543,false_negative,open,Dryad,https://doi.org/10.5061/dryad.cnp5hqcbn,Dryad,"The data, including metadata that support the findings of this study, are openly available in Dryad at https://doi.org/10.5061/dryad.cnp5hqcbn","The authors deposited newly generated microsatellite and TBEV sequence data in Dryad with a resolvable DOI and explicitly state it is openly available, meeting all three criteria for open data that the detector missed."
39267693,false_negative,open,Dryad,https://doi.org/10.5061/dryad.547d7wmfq,Dryad,Location records and environmental variables used to generate the models are made available on Dryad. https://doi.org/10.5061/dryad.547d7wmfq,"The authors deposited the species occurrence location records and environmental variables they compiled/generated for the SDM analysis in the Dryad repository with a resolvable DOI and no stated access restriction, meeting all three open-data criteria despite the detector scoring it negative."
39194169,false_negative,open,UCL institutional data repository (UCL Discovery Research Data / figshare instance),DOI: 10.5522/04/25913125,Institutional/domain,Data from the calculations in the form of QUANTICS input and output files can also be found at DOI: 10.5522/04/25913125.,"The authors deposited their own newly generated quantum dynamics simulation input/output files in a repository with a resolvable DOI and describe it as openly accessible, satisfying all three open-data criteria, so the detector's negative call is a miss."
38684006,false_negative,open,Zenodo,https://zenodo.org/records/10602557,Zenodo,VIC-modeled April 1 and peak SWE are available at https://zenodo.org/records/10602557 ( 61 ).,"The authors deposited their own VIC-model-generated April 1 and peak SWE simulation outputs (newly produced by them for this study) on Zenodo with a persistent, openly accessible URL, meeting all three open-data criteria despite the detector's negative score."
39911890,false_negative,open,Dryad,,Dryad,Data accessibility Original research data are publicly available in the Dryad repository [ 45 ].,"The article explicitly states that the newly generated research data (from the sampler validation and field trial) were deposited and are publicly available in the Dryad repository, satisfying the repository-deposit and open-access criteria even though the accession/DOI itself is only given via the numbered reference not reproduced in the extracted text."
39669505,false_negative,open,Dryad,https://doi.org/10.5061/dryad.zcrjdfnpb,Dryad,Data Availability Statement Data are available in the Dryad repository: https://doi.org/10.5061/dryad.zcrjdfnpb .,"The authors deposited their newly generated leaf venation and stomatal trait data in the Dryad repository with a resolvable DOI presented as openly accessible, meeting all three open-data criteria, so this is a detector miss."
40439603,false_negative,open,Dryad,https://doi.org/10.5061/dryad.wm37pvmn5,Dryad,"The data that support the findings of this study are openly available from Dehling, D. Matthias et al. (2021a). ANDEAN frugivory: data on plant-bird interactions and functional traits of plant and bird species from montane forests along the Andes [Dataset]. Dryad. https://doi.org/10.5061/dryad.wm37pvmn5.","The authors deposited their newly collected interaction network and functional trait data in Dryad with a resolvable DOI and explicitly state it is openly available, meeting all three open-data criteria that the detector missed."
38903198,non_open_data,code_only,Zenodo,10.5281/zenodo.10727419,Zenodo,Data Availability Statement The code is available here: 10.5281/zenodo.10727419 .,"The Data Availability Statement and text only describe deposit of the model CODE on Zenodo, with no mention of a deposited dataset of newly generated data (the underlying input data came from a separately published release model, and comparison data came from third-party hammerdirt/Kuizenga et al. monitoring), so this is a legitimate code-only detector negative."
40124223,false_negative,open,Dryad,https://doi.org/10.5061/dryad.vx0k6dk2r,Dryad,The data and the code of the simulation model that support the findings of this study are openly available in Dryad at https://doi.org/10.5061/dryad.vx0k6dk2r.,"The authors deposited the simulation-generated data (and code) in Dryad with a resolvable DOI and explicitly state it is openly available, satisfying all three open-data criteria, so the detector's negative call is a miss."
38791852,non_open_data,none,,https://doi.org/10.17605/OSF.IO/36FM9,,The OSF https://doi.org/10.17605/OSF.IO/36FM9 (accessed on 11 May 2024) is the registered title of the review.,"This is a scoping review of pre-existing published studies with no new data generated or deposited; the only OSF link is the pre-registration of the review protocol itself, not a data deposit."
38825789,non_open_data,none,,,,"SUNDAY, JUNE23 9:45AM-11:15 AM  SYMPOSIUM1-4  UNDERSTANDING ALCOHOL USEDISORDER USING BRAIN  ELECTROPHYSIOLOGY AND MULTIMODAL MEASURES","This document is a conference speaker-abstracts booklet (a large collection of short meeting abstracts) with no data-availability statement or repository deposit/accession described anywhere in the text, so it is a legitimate non-open-data (no data shared) detector negative."
39119255,false_negative,open,4TU.ResearchData repository and EMPIAR,https://doi.org/10.4121/bf3f2b23-2328-4d81-a0f4-05fdb33117d7,Institutional/domain,The full raw datasets are available through the 4TU repository (doi: https://doi.org/10.4121/bf3f2b23-2328-4d81-a0f4-05fdb33117d7) and EMPIAR.,"The authors deposited their newly generated FAST-EM volume EM datasets in the 4TU institutional repository (with a resolvable DOI) and also in EMPIAR, and describe the data as openly accessible, meeting all three open-data criteria that the detector missed."
38977678,non_open_data,upon_request_or_restricted,,,,"The Lisbon ALS Clinic dataset analyzed during the current study is available under restricted access to ensure patients' rights to privacy and anonymity; access may be obtained by contacting Prof. Mamede de Carvalho... Other source data are not publicly available due to the inclusion of private patient-level clinical information. For reproducibility, access may be obtained by contacting corresponding authors (expected response time: 1 month).","The newly generated patient data (Lisbon ALS Clinic dataset) is restricted-access/upon-request only, the PRO-ACT dataset used is pre-existing third-party data (reuse, not newly generated), and the only publicly linked repository (Zenodo/GitHub) hosts the ClusTric code/software, not a deposit of the newly generated clinical data with an open accession."
38773927,false_negative,open,Dryad (and OUMNH),,Dryad,The model (VAXML/STL format) plus the datasets from the serial grinding of OUMNH PAL-C.36094 are housed at OUMNH and Dryad [40].,"The Data accessibility section states the authors' own newly generated datasets (serial grinding scans/3D model of the specimen) are deposited in Dryad, a recognized open-data repository, with no indication of restricted or upon-request access, though the actual DOI/accession appears only in the numbered reference list (ref. 40) not included in this extracted text."
38593853,false_negative,open,Figshare (Royal Society electronic supplementary material collection),https://doi.org/10.6084/m9.figshare.c.7131877,Figshare,Electronic supplementary material is available online at https://doi.org/10.6084/m9.figshare.c.7131877 . ... Data accessibility The data are provided in the electronic supplementary material [ 43 ].,"The behavioural/light-level dataset generated by the authors is deposited with a persistent Figshare DOI (a recognized data repository) under a CC-BY open-access license with no stated restriction, satisfying deposit + accession + open access even though it is administratively labeled 'electronic supplementary material' by the journal."
39355011,false_negative,open,Zenodo,10.5281/zenodo.12549989,Zenodo,The raw simulation data has also been deposited in a public Zenodo repository available at 10.5281/zenodo.12549989.,"The authors deposited their newly generated NEMD/NEB simulation data in a public Zenodo repository with a resolvable DOI, meeting all criteria for open data despite also offering data upon request."
39805820,non_open_data,upon_request_or_restricted,,,,All data used in this manuscript are publicly available upon request from the Australian government's Australian Institute of Marine Science: monitoring@aims.gov.au. Source data are provided with this paper.,"The underlying LTMP fish/coral data are only available upon request from AIMS (not deposited in an open repository with an accession/DOI); the Zenodo DOI given is for code, not data, so no open data deposit meets the three-part definition."
40191694,non_open_data,none,,,,This paper introduces a workflow for setting up a robust data donation study... based on error sources identified in the Total Error Framework... as well as on experiences in earlier data donation studies by the authors.,"This is a methodological/guidance paper proposing a workflow for conducting data donation studies (illustrated with references to other published studies), with no new empirical dataset generated, no data availability statement, and no repository deposit or accession number for any newly generated data."
39281887,false_negative,open,Zenodo (CERN CLOUD experiment community),https://doi.org/10.5281/zenodo.12743399,Zenodo,"A permanent identifier (https://doi.org/10.5281/zenodo.12743399) has been assigned in Zenodo under the 'CERN CLOUD experiment community', which includes the EMAC configuration files, namelist set-up, chemical mechanisms, and details on the emissions set-up. The full dataset shown in the figures is also available to ensure long-term availability and facilitate reproducibility.","The authors deposited their generated model configuration and full underlying dataset (all figure data) in Zenodo with a persistent DOI that is openly accessible, satisfying all three open-data criteria that the detector missed."
40203098,non_open_data,code_only,,,,See code at https://github.com/NsquaredLab/MyoGestic or https://doi.org/10.5281/zenodo.14020173. All data needed to evaluate the conclusions in the paper are present in the paper and/or the Supplementary Materials.,"The Data and materials availability statement provides a repository DOI (Zenodo/GitHub) only for the open-source MyoGestic software, while the newly generated participant EMG data are said to reside only in the paper and Supplementary Materials with no repository deposit or accession number, so this is code-only sharing rather than open data."
40008056,false_negative,open,Dryad,10.5061/dryad.gmsbcc2xh,Dryad,All data related to this paper are available in Dryad (DOI: 10.5061/dryad.gmsbcc2xh ).,"The authors deposited their newly generated field survey data (plankton, benthos, fish, amphibian densities and environmental variables) in the Dryad repository with a resolvable DOI and describe it as openly available, meeting all three open-data criteria, so the detector's negative call is a miss."
40099215,false_negative,open,figshare,http://doi.org/10.6084/m9.figshare.27959130,Figshare,The data that support the findings of this study are openly available in figshare at http://doi.org/10.6084/m9.figshare.27959130.,"The authors deposited their newly generated pollen-load and floral-trait data in Figshare with a resolvable DOI and explicitly describe it as openly available, meeting all criteria for open data that the detector missed."
39308812,non_open_data,supplement_only,,,,The raw data is available in the Supplemental File. The code is available in GitHub and Zenodo: - https://github.com/Liuxinchao123/Code.git - Liuxinchao123. (2024). Liuxinchao123/Code: Droplet extraction (v1.0.0). Zenodo. https://doi.org/10.5281/zenodo.13137654,"The newly generated raw data (droplet coverage/density measurements) is only attached as a supplemental file to the article with no repository deposit or accession, while the only Zenodo/GitHub DOI given is for the analysis code, not the data, so this does not meet the open-data criteria."
38799400,false_negative,open,figshare,https://doi.org/10.6084/m9.figshare.24787530; https://doi.org/10.6084/m9.figshare.24799248.v1; https://doi.org/10.6084/m9.figshare.24799275.v1,Figshare,DATA AVAILABILITY STATEMENT Link to the figshareproject: https://figshare.com/projects/... Datasets (main manuscript): https://doi.org/10.6084/m9.figshare.24787530 . Datasets (Appendix figures): https://doi.org/10.6084/m9.figshare.24799248.v1 . R code (analysis and figures): https://doi.org/10.6084/m9.figshare.24799275.v1 .,"The authors deposited their newly generated phenological monitoring datasets and analysis code in a Figshare project with explicit DOIs, presented as openly accessible, meeting all three open-data criteria despite the detector's negative score."
40238435,non_open_data,upon_request_or_restricted,,,,"Data Availability Statement: The anonymous quantitative data are available upon request from Laura Kudrna, l.kudrna@bham.ac.uk.","The data availability statement explicitly restricts access to upon-request from a named author, with no repository deposit or accession number, so this does not meet the open-data definition."
40497295,false_negative,open,NCBI GenBank / NCBI BioProject,GCA_032399595; PRJNA1014002,NCBI,Genome assembly files are available under NCBI GenBank reference GCA_032399595. Population genomic and RNA seq data are available under NCBI BioProject Reference PRJNA1014002.,"The authors deposited newly generated genome assembly, population genomic, and RNA-seq data in NCBI GenBank and BioProject with specific accession numbers presented as openly available, meeting all three open-data criteria, so the detector's negative call is a miss."
39281306,false_negative,open,GBIF (Global Biodiversity Information Facility) via Portuguese GBIF Portal IPT,https://doi.org/10.15468/ud4xhq,Institutional/domain,"The dataset was published in the Global Biodiversity Information Facility platform, GBIF (Gabriel et al. 2024)... This GBIF IPT (Integrated Publishing Toolkit, Version 2.5.6) archives the data and, thus, serves as the data repository. Resource link: https://doi.org/10.15468/ud4xhq","This is a biodiversity data paper describing newly generated bryophyte occurrence/event data collected in the field, formally deposited in the GBIF repository as a Darwin Core Archive with a resolvable DOI and CC-Zero (public domain) licence, meeting all three open-data criteria."
40132627,false_negative,open,Dryad Digital Repository,,Dryad,Data and accompanying description are available from the Dryad Digital Repository [81].,"The article explicitly states the newly generated Soay sheep dataset and accompanying description are deposited in and openly available from the Dryad Digital Repository, satisfying the repository-deposit and open-access criteria even though the specific DOI/accession appears only in the (untruncated) reference list rather than inline."
39172761,non_open_data,supplement_only,,,,Data Availability Statement: All relevant data are within the manuscript and its Supporting information files.,"All movement/immobility data, R scripts, and track data are provided only as Supporting Information files (S1-S6, XLSX/ZIP) attached to the article, with no deposit in an external repository or accession number, so this is supplement-only and does not meet the open-data definition."
39312445,false_negative,open,GitHub repository archived via Zenodo,https://github.com/CAD-ZM-BFX/Takaoka_Mallat_Goodall (DOI:10.5281/zenodo.13142209),Zenodo,"All RNASeq analysis scripts, with details of software versions, expression raw count files and results are freely available from https://github.com/CAD-ZM-BFX/Takaoka_Mallat_Goodall (DOI:10.5281/zenodo.13142209).","The authors deposited newly generated RNA-seq raw count files and results (not just analysis scripts/code) in a GitHub repository archived with a Zenodo DOI, stated as freely available, satisfying all three open-data criteria that the detector missed."
39955295,non_open_data,reuse_only,,,,Data used in this article comes from The Cancer Genome Atlas (https://portal.gdc.cancer.gov/) and the CAMELYON16 Grand Challenge (https://camelyon16.grand-challenge.org/).,"The article only reuses pre-existing third-party datasets (TCGA and CAMELYON16) for model training/evaluation and reports no newly generated data deposited to a repository, so the detector's negative call is correct."
38252830,false_negative,open,NCBI Gene Expression Omnibus (GEO),GSE240271,NCBI,The authors declare that all sequencing data supporting the findings of this study have been deposited in NCBI's Gene Expression Omnibus (GEO) with GEO series accession number GSE240271,"The authors deposited newly generated spatial transcriptomics sequencing data in GEO with a specific accession number (GSE240271), presented as openly accessible, satisfying all criteria for open data that the detector missed."
38181073,false_negative,open,Princeton University (institutional data repository),"Webb, M., Jacobs, W., An, Y., Oliver, W. ""Thermodynamic and Dynamics Data for Coarse-Grained Intrinsically Disordered Proteins Generated by Active Learning"" (Princeton University, 2023) [ref. 84]; companion Jupyter notebooks at https://doi.org/10.5281/zenodo.10034586",Institutional/domain,Full datasets compiled from this work are provided in (84). Demonstrative Jupyter notebooks for essential calculations are provided at https://doi.org/10.5281/zenodo.10034586.,"The data-availability statement points to a specific, citable deposit of the authors' newly generated simulation datasets in a named institutional repository (Princeton University), distinct from the Zenodo-hosted code notebooks, so this is open data the detector missed rather than a legitimate negative."
38388559,false_negative,open,Oak Ridge National Laboratory Distributed Active Archive Center (ORNL DAAC),https://doi.org/10.3334/ORNLDAAC/2136 (dataset SIF_VegIndices_Illinois_Nebraska_Halfour.csv),Institutional/domain,"The processed half-hourly SIF760 and VIs are available at the on Oak Ridge National Laboratory Distributed Active Archive Center (ORNL DAAC) data repository https://doi.org/10.3334/ORNLDAAC/2136... This dataset is openly shared, without restriction, in accordance with the Earth Observing System Data and Information System (EOSDIS) Data Use and Citation Policy.","The article is a Data Descriptor reporting 15 site-years of newly generated ground SIF and vegetation index measurements deposited with a resolvable DOI in the ORNL DAAC repository and explicitly stated to be openly shared without restriction, meeting all three open-data criteria that the detector missed."
39352897,false_negative,open,Zenodo,https://zenodo.org/records/13334170 (doi: 10.5281/zenodo.13334170),Zenodo,"All code, spreadsheets, and DADA2 output ESVs are available in the Zenodo repository, doi: 10.5281/zenodo.13334170.","The authors deposited their newly generated DADA2 output exact sequence variant (ESV) data, derived from their own DNA sequencing of litter samples, in the Zenodo repository with a resolvable DOI/accession and openly accessible URL, meeting all three open-data criteria."
38437533,false_negative,open,Dryad Digital Repository,https://doi.org/10.5061/dryad.rxwdbrvgs,Dryad,"Sequencing data, bioinformatics pipeline, and software script data have been deposited in Dryad Digital Repository (https://doi.org/10.5061/dryad.rxwdbrvgs)","The authors deposited their newly generated deep-sequencing data in Dryad with a resolvable DOI and no stated access restriction, meeting all three open-data criteria, so the detector's negative call is a miss."
38397648,false_negative,open,Mendeley Data,https://doi.org/10.17632/tk9b9xccvm.1,Mendeley,"Data Availability Statement: Bueno-Sánchez, Lidia (2024), ""Dataset_FertiQol_Gender_Couples"", Mendeley Data, V1, https://doi.org/10.17632/tk9b9xccvm.1.","The authors deposited their newly collected questionnaire dataset (FertiQoL/CFNI/CMNI survey data from 219 couples) in Mendeley Data with a resolvable DOI, meeting all three open-data criteria, so the detector's negative call is a false negative."
39048683,false_negative,open,UBIRA e-Data repository (University of Birmingham),https://doi.org/10.25500/edata.bham.00001060,Institutional/domain,Methane flux data from all sites included in our analysis are included both in the data files associated with each figure as well as on the UBIRA e-Data repository at https://doi.org/10.25500/edata.bham.00001060. Source data are provided with this paper.,"The authors deposited their newly generated tree/soil methane flux measurements in the UBIRA e-Data institutional repository with a resolvable DOI, satisfying deposit + accession + open access, so the detector's negative call is a miss."
39693632,false_negative,open,NCBI Gene Expression Omnibus (GEO); ProteomeXchange,GSE234245; GSE234243; PXD043300,NCBI,Raw RNA-seq data (FASTQ format) and processed data (CSV format) were deposited to the National Center for Biotechnology Information Gene Expression Omnibus database (GSE234245) and are openly available. ... Human and mouse proteomics data were deposited to the ProteomeXchange Consortium database (PXD043300) and are openly available.,"The article deposited newly generated mouse RNA-seq/small RNA-seq data in GEO (GSE234245, GSE234243) and human+mouse proteomics data in ProteomeXchange (PXD043300), explicitly stated as openly available with accession numbers, satisfying all three open-data criteria even though the human raw sequencing data are separately restricted via EGA."
38402264,false_negative,open,Mendeley Data,https://doi.org/10.17632/gpm9rvtnpr,Mendeley,"In a summary NetCDF data fle stored in Mendeley repository34, we record the global mean values, as well as other summaries of the kernels... Huang, H. & Huang, Y. Data for “Spectrally decomposed radiative kernels based on the ERA5 reanalysis”. Mendeley. https://doi.org/10.17632/gpm9rvtnpr (2023).","This Data Descriptor reports newly generated ERA5 band-by-band radiative kernel datasets that are deposited with an explicit DOI in the Mendeley Data repository, an open and openly-accessible deposit that the detector missed."
39793052,non_open_data,supplement_only,,,,All study data are included in the article and/or supporting information.,"The data availability statement points only to the article's own supplementary files (Appendix and Datasets S01-S03), with no deposit in an external data repository or accession number provided."
40109538,non_open_data,upon_request_or_restricted,,,,Data underlying the results presented in this paper are not publicly available at this time but may be obtained from the authors upon reasonable request. They are planned to be made publicly available in due course.,"The explicit Data Availability statement states the underlying data are not publicly available and only obtainable upon reasonable request, which is restricted access, not open data; the supplemental document (figshare DOI) is only supporting figures/analyses, not a deposit of the underlying dataset."
39767396,non_open_data,upon_request_or_restricted,,,,"If necessary, AP, the principal investigator of the research project, may be contacted to obtain the dataset.","The Data Availability Statement indicates the dataset is only obtainable by contacting the principal investigator, with no repository deposit or accession/DOI provided, so this is a legitimate detector negative rather than a missed open-data case."
40064916,false_negative,open,UK Polar Data Centre (institutional/domain repository),https://doi.org/10.5285/2d0e4791-8e20-46a3-80e4-f5f6716025d2,Institutional/domain,"The surface, thickness, bed, mask and uncertainty grids, and a gridded count of survey data points, are available from https://doi.org/10.5285/2d0e4791-8e20-46a3-80e4-f5f6716025d2 in 16-bit signed integer tif and netcdf formats...","The Data Records section gives an explicit DOI to newly generated gridded datasets (Bedmap3 bed, surface, thickness, mask, uncertainty grids) hosted openly with no access restriction stated, meeting all three open-data criteria that the detector missed."
38658675,false_negative,open,OpenNeuro,https://doi.org/10.18112/openneuro.ds004902.v1.0.4,Institutional/domain,"Te dataset16 (https://doi.org/10.18112/openneuro.ds004902.v1.0.4) is named ""A Resting-state EEG Dataset for Sleep Deprivation"" and all fles are in BIDS format15.","This is a Scientific Data Descriptor whose sole purpose is releasing a newly generated resting-state EEG and behavioral dataset from 71 participants, deposited in the open OpenNeuro repository with a resolvable DOI accession, so the detector's negative call is a false negative."
40035762,false_negative,open,GenBank; FigShare,"GenBank accessions e.g. PP898178, PP898177; FigShare deposit (ref 21)",NCBI,All rotifer DUF3494 genes described in this study (Dataset S3) have been deposited in GenBank. ... Antarctic rotifer gene sequences have been deposited in FigShare (21).,"The author generated new Antarctic and English rotifer DUF3494 gene sequences and deposited them in GenBank (with specific accessions cited in the text, e.g. PP898178) and additionally in FigShare, both openly accessible with no stated access restriction, so this meets the open-data definition and the detector's negative call is a miss."
40422893,false_negative,open,"4TU.ResearchData (institutional repository, DOI prefix 10.4121)",https://doi.org/10.4121/f1fca011-141c-4994-989f-b98f44ceae5f and https://doi.org/10.4121/3b3107f5-b58c-4b2b-a4b1-973530d0f18e,Institutional/domain,Data Availability Statement: The data presented in this study are openly available at https://doi.org/10.4121/f1fca011-141c-4994-989f-b98f44ceae5f and https://doi.org/10.4121/3b3107f5-b58c-4b2b-a4b1-973530d0f18e (accessed on 17 March 2025).,"The authors deposited their newly generated sensory and metabolomics (GC-MS/LC-MS) datasets in an institutional data repository with two persistent DOIs and explicitly state the data are openly available, satisfying all three open-data criteria, so the detector's negative call is a miss."
39457346,non_open_data,upon_request_or_restricted,,,,The data presented in this study are available on request from the corresponding author. The data are not publicly available due to privacy restrictions.,"The Data Availability Statement explicitly restricts access to on-request only, with no repository deposit or accession number, so this is a legitimate detector negative."
39063523,false_negative,open,figshare,https://doi.org/10.6084/m9.figshare.25928779.v1,Figshare,All experimental data files are available from the figshare database. https://doi.org/10.6084/m9.figshare.25928779.v1 (accessed on 30 May 2024).,"The authors deposited their newly generated experimental data (tilt sensation measurements) in Figshare with a resolvable DOI and describe it as openly available, meeting all three open-data criteria, so the detector's negative call is a miss."
38429500,false_negative,open,data.gov.uk (NERC-funded dataset repository),https://data.gov.uk/dataset/4734efe3-5633-4b95-9a39-17645c1d51ee/ptychotomography-of-bishop-tuf-zircons-nerc-grant-ne-p002498-1,Institutional/domain,"The data contained within this paper is freely available as a series of tif images representing each slice of the reconstructed 5, 21 and 85 nm volumes at https://data.gov.uk/dataset/4734efe3-5633-4b95-9a39-17645c1d51ee/ptychotomography-of-bishop-tuf-zircons-nerc-grant-ne-p002498-1.","The authors deposited their newly generated ptycho-tomographic reconstruction image data at a persistent, openly accessible data.gov.uk URL, meeting all three open-data criteria, so this is a detector false negative."
38377575,false_negative,open,ProteomeXchange/PRIDE and NCBI GenBank,PXD044759; 10.6019/PXD044759; GenBank OR475702-OR475748 and OR726321-OR726339,NCBI,The mass spectrometry proteomics data have been deposited at the ProteomeXchange Consortium via the PRIDE partner repository with the data set identifier PXD044759 and 10.6019/PXD044759. The 16S rRNA data are stored within the NCBI GenBank with submission numbers OR475702-OR475748 and OR726321-OR726339.,"The authors deposited newly generated mass spectrometry proteomics data in PRIDE (accession PXD044759, DOI) and newly generated 16S rRNA sequences in NCBI GenBank (accession range), both presented as openly accessible with no restriction, so this is a genuine open-data article the detector missed."
38993235,false_negative,open,Zenodo,doi:10.5281/zenodo.10091946 (version 1.1.0: doi:10.5281/zenodo.10380638); https://zenodo.org/records/10380638,Zenodo,"Data accessibility Zenodo deposit [ 4 ], named Port calls and vessel trajectory dataset in the Caribbean with accurate port quays survey ... Repository name: Zenodo Data identification number: doi:10.5281/zenodo.10091946 - Version 1.1.0, doi of version: 10.5281/zenodo.10380638 Direct URL to data: https://zenodo.org/records/10380638","This is a data descriptor article whose authors generated the dataset themselves (AIS-derived port calls, manually surveyed port quay geometries, computed trajectories/berths/vessel classifications) and deposited it openly in Zenodo with a DOI and direct URL under a CC license, satisfying all three open-data criteria, so the detector's negative call is a miss."
38807519,false_negative,open,Movebank Data Repository,,Institutional/domain,Data accessibility The data used for this study are available through the Movebank Data Repository [ 41 ].,"The authors deposited the newly generated GPS/acceleration tracking data from the black kites in Movebank, a genuine domain-specific repository for animal movement data, and state it is available (not restricted or upon request), so this is a genuine open-data deposit the detector missed even though the article text does not surface an inline accession number/DOI beyond the citation marker."
38436014,false_negative,open,figshare,https://doi.org/10.6084/m9.figshare.24465856.v1,Figshare,"The data is available in the Supplementary Files and at figshare: Ying, Qingji (2023). clinical data. figshare. Dataset. https://doi.org/10.6084/m9.figshare.24465856.v1 .","The authors deposited their own newly generated clinical/hematology dataset in figshare with a resolvable DOI and no stated access restriction, meeting all three open-data criteria, so the detector's negative call is a miss."
39595778,false_negative,open,Dryad,https://doi.org/10.5061/dryad.mpg4f4r80,Dryad,Our dataset has been assigned two important links: a reviewer URL: https://datadryad.org/stash/share/5Izd9F9bPne9Z1PcQ1K6MhWkgZ_zs7DJkQFTKrSNSt4 (accessed on 2 September 2024); a unique digital object identifier (DOI): https://doi.org/10.5061/dryad.mpg4f4r80 (accessed on 2 September 2024).,"The authors deposited their newly generated elemental composition water sampling dataset in Dryad with a resolvable DOI and no stated access restriction, meeting all three open-data criteria, so the detector's negative call is a miss."
39457258,false_negative,open,Harvard Dataverse,https://doi.org/10.7910/DVN/DEHMCT,Dataverse,The original data presented in the study are openly available in Harvard Dataverse. https://doi.org/10.7910/DVN/DEHMCT (accessed on 20 September 2024).,"The authors deposited their newly generated antibiotic resistance dataset in Harvard Dataverse with a resolvable DOI and explicitly state it is openly available, meeting all three open-data criteria that the detector missed."
39338066,non_open_data,reuse_only,ICPSR (Inter-university Consortium for Political and Social Research),https://doi.org/10.3886/E119629V1,Generic-DOI,Data are freely available at https://doi.org/10.3886/E119629V1 (accessed on 6 May 2024).,"The authors analyzed a pre-existing third-party ICPSR survey dataset they did not generate themselves, with no new data deposit of their own, so this is reuse of existing data rather than sharing of newly generated data."
38654743,false_negative,open,Zenodo,"https://zenodo.org/records/10888728; https://zenodo.org/records/10452912 (DOIs 10.5281/zenodo.10888728, 10.5281/zenodo.10452912)",Zenodo,Data accessibility 1. Experimental data Repository name: Zenodo Data identification number: 10.5281/zenodo.10888728 Direct URL to data: https://zenodo.org/records/10888728 2. Modelling data Repository name: Zenodo Data identification number: 10.5281/zenodo.10452912 Direct URL to data: https://zenodo.org/records/10452912,"This Data in Brief article deposits newly generated experimental (triaxial/bender element test) and modelling data in Zenodo with explicit DOIs/URLs and no access restriction stated, meeting all three open-data criteria, so the detector's negative call is a false negative."
38547289,false_negative,open,"Protein Data Bank (PDB), Electron Microscopy Data Bank (EMDB), Zenodo","PDB 8PTK, 8PR2, 8PR3, 8PR4, 8PQY, 8PQW, 8PQZ, 8PQV, 8PR0, 8PR1, 8PR5; EMDB 17873, 17832, 17833, 17834, 17828, 17826, 17829, 17825, 17830, 17831, 17835, 17836",PDB,"Atomic coordinates and cryo-EM maps have been deposited in the Protein Data Bank (PDB) or Electron Microscopy Data Bank (EMDB), respectively, under accession codes 8PTK and 17873 ... All light microscopy data, AlphaFold2 models generated in this study, SDS-PAGE gels and Western blots are available at Zenodo (98).","The authors deposited newly generated cryo-EM structures and models with explicit PDB/EMDB accession codes and additionally shared raw light microscopy data, AlphaFold2 models, SDS-PAGE gels and Western blots on Zenodo, all presented as openly accessible, meeting the open-data criteria that the detector missed."
40009574,non_open_data,supplement_only,,,,Data Availability Statement: All relevant data are within the manuscript and its Supporting Information files.,"The article only provides its Neanderthal site data, environmental variables, and model results as supplementary PDF files attached to the manuscript, with no deposit in a data repository or accession number, so this is a legitimate detector negative."
39169967,non_open_data,reuse_only,Zenodo,,Zenodo,"Using previously published, publicly available data, we appraise a variety of frequentist and Bayesian models... Data accessibility All code and data used to produce our analysis are available at [22] and at Zenodo [23].","The study is a statistical re-analysis of previously published RBCT incidence data (not newly generated by these authors), and while the article states code/data were deposited (citing Zenodo), no accession number, DOI, or URL is given in the visible text, so it fails both the newly-generated-data and accession criteria."
40455615,false_negative,open,Zenodo,10.5281/zenodo.14040588,Zenodo,The data underlying this study are openly available in Zenodo data repository at 10.5281/zenodo.14040588.,"The authors deposited their newly generated experimental data (XRD, DRIFTS, EIS, XRS, battery cycling, etc.) in Zenodo with a resolvable DOI and explicitly state it is openly available, meeting all three criteria for open data that the detector missed."
39906501,non_open_data,upon_request_or_restricted,,,,The data that support the findings of this study are available from the corresponding author upon reasonable request.,The qualitative focus-group data are explicitly restricted to request from the corresponding author rather than deposited in an open repository with an accession or persistent link.
39595727,non_open_data,upon_request_or_restricted,,,,The data are available on request from the corresponding author at the Data Station Life Sciences of the Data Archiving and Networked Services (Dans). The data are not publicly available due to ethical reasons.,"The data availability statement explicitly restricts access to on-request only, citing ethical reasons for not making it publicly available, so it does not meet the open-access criterion despite mentioning a repository (Dans)."
39592000,false_negative,open,ENA (European Nucleotide Archive),"PRJEB37681, PRJEB71940",ENA/EBI,The raw reads for the ancient specimens are released under the ENA accession numbers PRJEB37681 and PRJEB71940.,"The authors deposited newly generated ancient DNA sequencing reads in the ENA repository with explicit accession numbers, presented as openly released, meeting all three criteria for open data despite the detector's negative call."
40442083,false_negative,open,Science Data Bank,https://doi.org/10.57760/sciencedb.20852,Other,"The LapGC-KVAD-30 is stored at the Science Data Bank (https://doi.org/10.57760/sciencedb.20852). This dataset consists of three independent subsets: the training set (20 cases), validation set (5 cases), and test set (5 cases).","The authors deposited their newly generated surgical video frame/annotation dataset in the Science Data Bank repository with a persistent DOI, presented without access restriction, meeting all criteria for open data despite the detector's negative call."
40108573,non_open_data,code_only,OSF,https://osf.io/f659u/,OSF,The necessary code for replicating the findings presented in this article can be obtained from the following URL: https://osf.io/f659u/ .,"This is a theoretical/methodological article that only shares analysis code on OSF (and reuses a pre-existing third-party dataset from ref. [42] for illustration), with no newly generated data deposited to any repository with an accession."
39638762,false_negative,open,Zenodo,https://doi.org/10.5281/zenodo.13133315,Zenodo,"The species functional data and species presence/absence datasets (Campos et al., 2024) are available in Zenodo at https://doi.org/10.5281/zenodo.13133315.","The authors deposited their own generated species functional trait and presence/absence datasets in Zenodo with a resolvable DOI and no stated access restriction, meeting all three open-data criteria despite the detector's negative score."
38552024,false_negative,open,Zenodo,https://doi.org/10.5281/zenodo.10451741,Zenodo,A core set of model data from our CESM2 simulations is available here https://doi.org/10.5281/zenodo.10451741.,"The authors deposited a core set of their newly generated CESM2 simulation output (the ssp370-126aer aerosol mitigation runs performed for this study) in Zenodo with a resolvable DOI, an openly accessible repository deposit that the detector missed."
40186769,false_negative,open,Zenodo,"https://doi.org/10.5281/zenodo.13737438, https://doi.org/10.5281/zenodo.13738292, https://doi.org/10.5281/zenodo.13739150",Zenodo,"Raw data are shared in Zenodo: https://doi.org/10.5281/zenodo.13737438, https://doi.org/10.5281/ zenodo.13738292, https://doi.org/10.5281/zenodo.13739150 Please note that, due to the upload size limit, we have divided our dataset into three parts.","The authors deposited their raw 7T layer-fMRI data (newly generated) in Zenodo with three explicit DOIs and no stated access restriction, meeting all three open-data criteria that the detector missed."
38885385,false_negative,open,Zenodo,https://doi.org/10.5281/zenodo.11398650,Zenodo,"All data described and R code for the statistical analysis are available on Zenodo except the chimpanzee termite brush manufacture sequence, which is provided in the main text: https://doi.org/10.5281/zenodo.11398650","The authors deposited their newly generated stone-tool procedural-unit complexity dataset and analysis code on Zenodo with a resolvable DOI presented as openly accessible, meeting all three open-data criteria, so this is a detector miss."
39141739,false_negative,open,"European Nucleotide Archive (ENA), ArrayExpress, PRIDE/ProteomeXchange","PRJEB74310, PRJEB74311, PRJEB74312, PRJEB74494, E-MTAB-14073, E-MTAB-14077, E-MTAB-14078, E-MTAB-14082, PXD052116",ENA/EBI,Raw sequence reads used for genome assembly and annotation have been deposited in the European Nucleotide Archive (ENA) at EMBL-EBI under the following accession numbers: PacBio genome data (PRJEB74310)... Short reads from bulk RNA sequencing ... are available in the ArrayExpress database ... under accession numbers E-MTAB-14073 and E-MTAB-14077 ... The mass spectrometry proteomics data have been deposited to the ProteomeXchange Consortium via the PRIDE partner repository with the dataset identifier PXD052116.,"The authors deposited newly generated genomic, transcriptomic (bulk RNA, scRNA-seq, spatial), and proteomic data in ENA, ArrayExpress, and PRIDE with explicit accession numbers presented as openly accessible, meeting all three open-data criteria, so the detector's negative call is a miss."
39063468,false_negative,open,Zenodo,https://doi.org/10.5281/zenodo.11187671,Zenodo,The original data and code presented in the study are openly available in GitHub at https://doi.org/10.5281/zenodo.11187671 (accessed on 27 June 2024).,"The authors deposited their constructed county-level analysis dataset (linked demographic, socioeconomic, political, and vaccination data) and code in a Zenodo repository with a resolvable DOI and state it is openly available, meeting all three open-data criteria despite the detector's negative call."
40138406,false_negative,open,Dryad,10.5061/dryad.dr7sqvb8b,Dryad,All raw image files and analysis files are available at Dryad (DOI: 10.5061/dryad.dr7sqvb8b).,"The authors deposited raw imaging and analysis data (newly generated in this study) in the Dryad repository with a resolvable DOI and no stated access restriction, meeting all three open-data criteria, so the detector's negative call is a miss."
38819376,false_negative,open,figshare,https://doi.org/10.6084/m9.figshare.24964491,Figshare,The data and analysis code for this study are publicly available from figshare: https://doi.org/10.6084/m9.figshare.24964491 .,"The authors generated new data (e.g. pumpkinseed sunfish measurements) and deposited the full compiled dataset with analysis code in a figshare repository with a resolvable DOI, explicitly stated as publicly available, meeting all three open-data criteria."
38268047,non_open_data,code_only,GitHub/Zenodo,https://doi.org/10.5281/zenodo.8217541,Zenodo,"The source code of this article is available in the GitHub repository, https://doi.org/10.5281/zenodo.8217541 (https://github.com/kokinide/PARSID.git) under the GNU General Public License v3.0.","The Data availability statement only points to a Zenodo/GitHub archive of the PARSID software source code and test files, not to a deposit of newly generated biological data; the actual sequences used were pre-existing GenBank records reused for testing, not new data deposited by the authors."
38784157,false_negative,open,BOLD (Barcode of Life Data System) and GenBank,http://dx.doi.org/10.5883/DS-IBIOR01 (BOLD dataset DOI); GenBank accessions e.g. OR974638-OR974807 etc.,NCBI,"All sequences in the dataset were submitted to BOLD and GenBank databases... The InBIO Barcoding Initiative Database: DNA barcodes of Orthoptera from Portugal dataset can be downloaded from the Public Data Portal of BOLD (https://doi.org/10.5883/DS-IBIOR01) in different formats (data as dwc, xml or tsv and sequences as fasta files).","The authors newly generated 420 DNA barcode sequences and deposited them with accession numbers/BINs in BOLD (dataset DOI 10.5883/DS-IBIOR01) and GenBank, explicitly described as publicly/openly accessible, meeting all three open-data criteria despite the automated detector's negative score."
40247836,false_negative,open,Zenodo,https://doi.org/10.5281/zenodo.14897810,Zenodo,The raw data is available at Zenodo: phanthipha18. (2025). phanthipha18/Hevb5: Hevb5 (Version Hevb5). Zenodo. https://doi.org/10.5281/zenodo.14897810 .,"The authors deposited their raw experimental data (newly generated) in Zenodo with a resolvable DOI and describe it as openly available, meeting all three open-data criteria, so the detector's negative call is a false negative."
38875327,false_negative,open,Dryad and NCBI BioProject,doi:10.5061/dryad.s4mw6m9cw; BioProject ID: PRJNA1051632,Dryad,Additional data are available from Dryad doi:10.5061/dryad. s4mw6m9cw and BioProject ID: PRJNA1051632.,"The authors deposited newly generated gas-exchange/physiological data in Dryad and metatranscriptome sequencing data under an NCBI BioProject, both with persistent accessions/DOIs and openly accessible, so this is a false negative missed by the detector."
38910521,non_open_data,code_only,OSF,https://doi.org/10.17605/OSF.IO/86UFE,OSF,"Data analysis was performed using FIJI and Peaks, a custom-written Matlab script (https://doi.org/10.17605/OSF.IO/86UFE).","The only repository deposit with a DOI is a custom-written MATLAB analysis script (code/software) on OSF; no newly generated experimental data (viability, calcium, metabolic, mechanical measurements) are deposited with an accession, so this does not meet the open-data criteria."
39042696,false_negative,open,Dryad,https://doi.org/10.5061/dryad.2280gb5zf,Dryad,"R code, morphometrics data, colony census data have been deposited in Dryad (https://doi.org/10.5061/dryad.2280gb5zf).","The authors deposited newly generated morphometrics and colony census data in Dryad with a resolvable DOI and no stated access restriction, meeting all three open-data criteria that the detector failed to flag."
39005882,false_negative,open,GitHub,https://github.com/tr-ford/USDA_Cannabis_sativa_Midwest_Feral_Biogeo.git,Other,"DATA AVAILABILITY STATEMENT The data that support the findings of this study are openly available on GitHub at [https://github.com/tr-ford/USDA_Cannabis_sativa_Midwest_Feral_Biogeo.git], reference: 25, Ford and Stansell (2023).","The article contains an explicit Data Availability Statement declaring the study's supporting data (not just code) openly available at a specific, persistent GitHub URL, which satisfies deposit + link + open-access criteria even though GitHub is not a conventional domain repository."
40379835,non_open_data,upon_request_or_restricted,Grand Challenge platform,,,"All data used in the benchmark is publicly accessible through the Grand Challenge cloud platform. Data is not directly accessible, but rather accessible to the submitted algorithms. Data used to pretrain the foundational models is not available.","The clinical report data underlying the benchmark and pretraining are explicitly sequestered/not directly accessible (only algorithms can interact with them, and pretraining data is stated as unavailable), so no openly accessible deposited dataset with an accession/link is provided, even though code and pretrained model weights are separately shared on GitHub/HuggingFace/Zenodo."
40247828,false_negative,open,Marine Data Archive; Zenodo,https://doi.org/10.14284/682; https://doi.org/10.14284/683; https://doi.org/10.14284/684; https://doi.org/10.5281/zenodo.15000726,Institutional/domain,"The raw data, processed data and the used scripts including descriptive metadata are available in the Marine data Archive: MiSeq: ... https://doi.org/10.14284/682 . Nanopore: ... https://doi.org/10.14284/683 . NovaSeq: ... https://doi.org/10.14284/684 .","The authors deposited their newly generated raw and processed sequencing data (Illumina MiSeq, Oxford Nanopore, and NovaSeq datasets) in the Marine Data Archive with distinct DOIs for each, and also deposited analysis scripts on Zenodo, all presented as openly accessible with no stated restrictions, so this is a clear false negative."
38560470,false_negative,open,MorphoSource,https://doi.org/10.17602/M2/M609339; https://doi.org/10.17602/M2/M600506; https://doi.org/10.17602/M2/M609720; https://doi.org/10.17602/M2/M600521; https://doi.org/10.17602/M2/M609868; https://doi.org/10.17602/M2/M600532; https://doi.org/10.17602/M2/M609361,Institutional/domain,The virtual scans of specimen MZ VIII Vr-72 rostrum are available at MorphoSource: The F1 section: https://doi.org/10.17602/M2/M609339 (CT images series) https://doi.org/10.17602/M2/M600506 (3D mesh);,"The authors deposited newly generated CT scan data and 3D mesh reconstructions of their fossil specimen in the MorphoSource repository with multiple DOIs, explicitly stated as openly available in the Data Availability section, so this is a genuine open-data article missed by the detector."
38593077,false_negative,open,figshare,https://doi.org/10.6084/m9.figshare.25404133,Figshare,"Raw data for SEM, confocal microscopy, flow cytometry experiments and code for the theoretical modeling simulation are available from figshare repository (https://doi.org/10.6084/m9.figshare.25404133) (51).","The authors deposited newly generated raw experimental data (SEM, confocal microscopy, flow cytometry) in the Figshare repository with a resolvable DOI and no stated access restriction, meeting all three open-data criteria that the detector missed."
39671498,false_negative,open,Dryad,https://doi.org/10.5061/dryad.n02v6wx5j,Dryad,Data supporting the morphometric analysis of rosettes (Fig. 4) have been deposited at Dryad (https://doi.org/10.5061/dryad.n02v6wx5j).,"The authors deposited newly generated morphometric rosette measurement data at Dryad with a resolvable DOI, presented as openly accessible with no restriction stated, satisfying all three open-data criteria that the detector missed."
40225306,non_open_data,upon_request_or_restricted,,,,The data on which this paper is based are subject to non-disclosure agreement and are not available to the public.,"This is a qualitative ethnomethodology study whose interview data are explicitly restricted by NDA and not publicly available, so no open data deposit exists."
40283784,false_negative,open,Dryad,https://doi.org/10.5061/dryad.dfn2z359h,Dryad,Data Availability Statement: Our dataset has been assigned two important links: A reviewer URL: https://datadryad.org/stash/dataset/doi:10.5061/dryad.dfn2z359h (accessed on 14 February 2025); a unique digital object identifier (DOI): https://doi.org/10.5061/dryad.dfn2z359h (accessed on 14 February 2025).,"The authors deposited their newly generated drinking water elemental composition dataset (78 samples, 26 sites) in Dryad with a resolvable DOI, presented as openly accessible with no access restriction stated, so this is a false negative for the detector."
38170784,non_open_data,code_only,"Zenodo/GitHub (code only); HCP and NRU websites (reused third-party data, no new deposit)",https://doi.org/10.5281/zenodo.10201022; https://doi.org/10.5281/zenodo.10209657,Zenodo,"raw or preprocessed fMRl time courses are obtainable from the HCP website (https://db.humanconnectome.org/),and PET receptor atlasesare obtainable from the NRU website...All code used for analysis isavailable on Zenodo(51,52); latest versions can be found on GitHub","The authors did not generate new data; they reused pre-existing public HCP fMRI and NRU PET receptor atlas datasets and only deposited their analysis CODE (with Zenodo DOIs), so this is a legitimate detector negative (code-only sharing of reused data, no new data deposit with accession)."
38285937,false_negative,open,Zenodo,https://doi.org/10.5281/zenodo.8169289,Zenodo,The curated Fireprot dataset utilized in this study can be downloaded from the provided Zenodo data repository ( https://doi.org/10.5281/zenodo.8169289 ) ( 43 ). Scripts for preprocessing the Fireprot dataset starting from the raw FireProtDB data are also included in the ThermoMPNN GitHub repository.,"The authors curated their own Fireprot benchmark dataset (deduplicated, structure-matched, pH-selected entries derived from raw FireProtDB/PDB sources via their own processing pipeline) and deposited this newly generated curated dataset in Zenodo with a resolvable DOI, presented as freely downloadable with no access restriction, so the detector's negative call is a miss."
40333978,false_negative,open,Dryad,https://doi.org/10.5061/dryad.dr7sqvb7t,Dryad,The specific sources for each analysis are documented in the supplementary tables and the aggregated datasets are available at https://doi.org/10.5061/dryad.dr7sqvb7t.,"The authors deposited their aggregated/synthesized dataset in Dryad with a resolvable DOI and describe it as openly available, satisfying deposit + accession + open access even though underlying inputs were compiled from public RFMO/MSC sources."
39652755,false_negative,open,Zenodo,,Zenodo,"Electronic structure inputs and outputs, scripts for rate constant evaluation, and raw data have been deposited in a Zenodo repository ( 121 ).","The Data, Materials, and Software Availability statement explicitly says the authors deposited their newly generated raw computational data (electronic structure inputs/outputs, rate-constant scripts) in a Zenodo repository, cited via a specific reference, with no stated access restriction, satisfying deposit + identifiable-reference + open-access criteria that the detector missed."
38495766,false_negative,open,GitHub (archived on Zenodo),https://doi.org/10.5281/zenodo.10662829,Zenodo,The data is available at GitHub and Zenodo: - https://github.com/SovanSaha/EPI-SF-Essential-protein-identification-in-protein-interaction-networks-using-sequence-features.git . - Sovan Saha. (2024). SovanSaha/EPI-SF-Essential-protein-identification-in-protein-interaction-networks-using-sequence-features: EPI-SF (1.0). Zenodo. https://doi.org/10.5281/zenodo.10662829 .,"The authors deposited their newly generated study outputs (e.g., the RF-model-predicted essential human proteins spreadsheet and the DisGeNET gene-disease/variant-disease association evidence files, referenced in-text via GitHub links) in a GitHub repository that is archived with a persistent Zenodo DOI, explicitly presented as openly accessible under a Data Availability statement, so this meets the open-data definition and the detector's negative call is a miss."
39361747,false_negative,open,"Zenodo (MAS coronal model output, data and materials) and Mauna Loa Solar Observatory (MLSO) UCoMP data archive",https://doi.org/10.5281/zenodo.13351573; https://mlso.hao.ucar.edu/mlso_data_calendar.php?calinst=ucomp,Zenodo,"The source codes, output and scripts of our MAS models are available at Zenodo (35)... 35. MAS modelling data and material for Z. Yang, H. Tian, S. Tomczyk, X. Liu, S. Gibson, R. J. Morton, C. Downs, Observing the evolution of the Sun's global coronal magnetic field over eight months, Zenodo (2024); https://doi.org/10.5281/zenodo.13351573","The authors deposited newly generated data from their study - the MAS coronal model output/materials at Zenodo with a resolvable DOI, and their own UCoMP instrument-derived coronal magnetic field observations at the openly accessible MLSO data archive (specific files identified in Table S1) - both openly accessible, so this is a genuine open-data deposit that the detector missed as a false negative."
39301294,non_open_data,supplement_only,,,,Data and codes used in the study are available in the Supplementary Material.,"The data availability statement only points to supplementary files attached to the article, with no repository deposit or accession number provided."
39239914,false_negative,open,figshare,doi.org/10.6084/m9.figshare.26181086.v1,Figshare,All data generated during this study are available on figshare. doi.org/10.6084/m9.figshare.26181086.v1,"The authors explicitly state that all data generated during the study were deposited on Figshare with a resolvable DOI and no access restriction, meeting all three open-data criteria."
38673361,non_open_data,supplement_only,,,,Data Availability Statement: All data relevant to this study are contained in this article.,"The article states all data are contained within the article itself with no repository deposit or accession number, so it does not meet the open data definition."
39169965,non_open_data,reuse_only,,,,"The incidence data analysed here are the same previously published, publicly available data from Donnelly et al. [22]. ... Data accessibility: All code and data used to produce our analysis are available at [34] and [35].","This is a secondary re-analysis of pre-existing, previously published RBCT trial incidence data (originally from Donnelly et al.); although the authors post their code/data compilation at cited references [34]/[35], the underlying data were not newly generated by this study, so it counts as reuse-only rather than a deposit of newly generated open data."
40173235,false_negative,open,Zenodo,www.doi.org/10.5281/zenodo.10512175,Zenodo,The model check points as well as the reconstructed fields shown are available on Zenodo at www.doi.org/10.5281/zenodo.10512175.,"The authors deposited newly generated outputs of their study (trained model checkpoints and the reconstructed historical climate fields) in the Zenodo repository with a DOI, presented as freely available, meeting all three open-data criteria."
39036561,non_open_data,upon_request_or_restricted,,,,"The raw data supporting the conclusions of this article will be made available by the authors, without undue reservation.","The data availability statement only offers data upon request from the authors with no repository deposit or accession number, which does not meet the open-data criteria."
38600132,false_negative,open,Zenodo,https://doi.org/10.5281/zenodo.10685211,Zenodo,The data that supports the findings described in this paper is available in Zenodo (https://doi.org/10.5281/zenodo.10685211). Raw two-photon recordings are available upon request. Source data is provided with this paper.,"The authors deposited the newly generated data supporting the paper's findings in Zenodo with a resolvable DOI, satisfying deposit, accession/link, and open access criteria, even though raw two-photon recordings themselves remain available only upon request."
39074505,false_negative,open,"Zenodo (reduced NIRSpec spectra); STScI archive (NIRCam imaging, HLSP/JADES)",10.5281/zenodo.12578542; https://archive.stsci.edu/hlsp/jades,Zenodo,The NIRCam data that support the findings of this study are publicly available at https://archive.stsci.edu/hlsp/jades . The reduced spectra that support the findings of this study are publicly available at Zenodo (10.5281/zenodo.12578542) (ref. 89 ).,"The authors deposited their newly generated, reduced NIRSpec spectra (and NIRCam imaging) in Zenodo and the STScI archive with explicit DOI/URL and state the data are publicly available, meeting all three open-data criteria, so this is a detector miss."
39997538,false_negative,open,"HTR-United catalogue (iForal-Dataset, also mirrored on GitHub)",https://htr-united.github.io/share.html?uri=49ec62a02,Institutional/domain,"The dataset used in this work can be found in the HTR-United catalogue and can be accessed at https://htr-united.github.io/share.html?uri=49ec62a02, accessed on 19 December 2024.","The authors created and deposited a newly generated annotated dataset of 67 Portuguese medieval manuscripts (layout, segmentation, and transcription metadata) in the domain-specific HTR-United catalogue with a persistent access URL, presented as openly accessible with no stated restrictions, so this is open data the detector failed to flag."
39873520,false_negative,open,"NCBI Sequence Read Archive (SRA), BioProject",PRJNA1096273,NCBI,The raw 16S rRNA gene sequencing data that support the findings of this study are available from the NCBI Sequence Read Archive (BioProject: PRJNA1096273 ).,"The authors deposited newly generated 16S rRNA raw sequencing data in NCBI SRA under a BioProject accession and present it as openly accessible, meeting all three open-data criteria, so this is a detector miss."
39312680,false_negative,open,Movebank Data Repository,,Institutional/domain,The GPS track data used in this study have been deposited in the Movebank Data Repository ( 83 92 ).,"The authors state that the GPS tracking data they generated for this study (from tags they manufactured and deployed on cranes) were deposited in Movebank, a recognized open domain repository for animal movement data, with specific dataset citations (refs 83-92), and the statement does not indicate any access restriction, so this newly generated data deposit was missed by the detector."
39595735,false_negative,open,Open Science Framework (OSF),https://doi.org/10.17605/OSF.IO/J5W8M,OSF,"Data Availability Statement See the Replication Package, which is available in the Open Science Framework at https://doi.org/10.17605/OSF.IO/J5W8M , accessed on 6 February 2024.","The authors deposited their survey replication package (newly generated study data/materials) in OSF with a resolvable DOI and no stated access restriction, meeting all three open-data criteria, so the detector's negative call is a miss."
38773126,non_open_data,upon_request_or_restricted,,,,The data supporting the findings of this study are available from the corresponding authors upon request. The data generated in this study are provided in the Source Data file.,"The Data availability statement explicitly restricts the generated data to an upon-request arrangement (plus a source-data file attached to the article), with no deposit in a data repository or accession number; only analysis code (GitHub) is openly shared, which does not satisfy the open-data definition."
40229259,false_negative,open,PANGAEA,https://doi.org/10.1594/PANGAEA.966223; https://doi.org/10.1594/PANGAEA.966225; https://doi.org/10.1594/PANGAEA.966184; https://doi.org/10.1594/PANGAEA.948291; https://doi.org/10.1594/PANGAEA.958464; https://doi.org/10.1594/PANGAEA.959965; https://doi.org/10.1594/PANGAEA.959966; https://doi.org/10.1594/PANGAEA.930023-930028,Other,"The tracer data generated in this study have been deposited in the PANGAEA database (isotope samples: https://doi.org/10.1594/PANGAEA.966223, https://doi.org/10.1594/PANGAEA.966225; more extensive δ18O data sets: https://doi.org/10.1594/PANGAEA.966184, https://doi.org/10.1594/PANGAEA.948291, https://doi.org/10.1594/PANGAEA.958464).","The authors generated new geochemical provenance tracer data (Nd isotopes, REE concentrations, stable oxygen isotopes) during the MOSAiC expedition and deposited them with explicit DOIs in the openly accessible PANGAEA repository, meeting all three open-data criteria, so the detector's negative call is a miss."
39383234,false_negative,open,ICCP/IBS institutional data repository (Institute for Basic Science supercomputer center),https://doi.org/10.22741/iccp.20230001; https://doi.org/10.22741/iccp.20230002,Institutional/domain,"The CESM1.2 3 Ma transient climate simulation used in this study can be found at https://doi.org/10.22741/iccp.20230001, the 3 Ma Biome4 simulation data can be found at https://doi.org/10.22741/iccp.20230002, and the hominin dataset used in this study is provided in data S2.","The Data and materials availability statement deposits the authors' own CESM1.2 climate-model and BIOME4 biome-model simulation outputs in an institutional repository with resolvable DOIs and no stated access restriction, meeting the deposit+accession+open criteria the detector missed."
38466844,false_negative,open,Open Science Framework (OSF),https://osf.io/dmf7k/,OSF,Anonymized behavioral and ROI data have been deposited in the Open Science Framework: https://osf.io/dmf7k/ (100).,"The authors deposited their newly generated anonymized behavioral and ROI (fMRI) data in the OSF repository with a persistent URL, presented as openly accessible, meeting all three criteria for open data."
40028195,false_negative,open,NCBI/EBI/DDBJ Sequence Read Archive (raw sequence reads); Figshare (assembled contigs and annotation results),PRJDB19046; https://doi.org/10.6084/m9.figshare.c.7502001.v1,NCBI,"The raw sequence data for genome skimming are available at NCBI/EBI/DDBJ Sequence Read Archive: PRJDB19046 . ... are available at Figshare: Hirai, Junya (2024). Effects of input DNA amounts on genome skimming in marine crustacean zooplankton. figshare. Collection. https://doi.org/10.6084/m9.figshare.c.7502001.v1 .","The authors deposited their own newly generated shotgun sequencing reads in the SRA (accession PRJDB19046) and their derived assembled contigs/annotations in Figshare (DOI given), both presented as openly accessible with no access restriction, so this is a genuine open-data deposit missed by the detector."
39443556,non_open_data,upon_request_or_restricted,,,,Data will be available upon request via email to the corresponding authors Dr. Kedar Devkota on kdevkota@afu.edu.np.,"The article's data availability statement explicitly restricts data access to request-by-email rather than depositing it with an accession number in an open repository, so the detector's negative call is correct."
39548058,false_negative,open,"Zenodo (magnetization, specific heat, LSWT grids, I11 XRD); ISIS Neutron and Muon Source data catalogue (WISH, LET); DESY syncandshare (IRIXS RIXS)",https://doi.org/10.5281/zenodo.13890183; https://doi.org/10.5286/ISIS.E.RB2210080; https://doi.org/10.5286/ISIS.E.RB2210081; https://syncandshare.desy.de/index.php/s/xZ2Jwrzw9mpDkxN,Zenodo,"The data that support the findings of this study are available via the following: https://syncandshare.desy.de/index.php/s/xZ2Jwrzw9mpDkxN (IRIXS, DESY), https://doi.org/10.5286/ISIS.E.RB2210080 (WISH, ISIS), https://doi.org/10.5286/ISIS.E.RB2210081 (LET, ISIS). https://doi.org/10.5281/zenodo.13890183 (I11, Diamond, magnetization, specific heat, LSWT grids).","The authors deposited their newly generated diffraction, spectroscopy, magnetometry, and specific-heat data in Zenodo and the ISIS facility data catalogue with resolvable DOIs (plus a DESY share link), making this a genuine open-data deposit that the detector missed."
38510104,false_negative,open,Harvard Dataverse,https://doi.org/10.7910/DVN/IDYV3E,Dataverse,"GEOS-Chem mechanism inputs and simulation outputs for this work are available online at https://doi.org/10.7910/DVN/IDYV3E (Bates, 2023).","The authors deposited newly generated model inputs and simulation output data in Harvard Dataverse with a resolvable DOI and no stated access restriction, meeting the open-data criteria the detector missed."
39680769,non_open_data,supplement_only,,,,All study data are included in the article and/or SI Appendix.,"This is a modeling/synthesis paper that compiles exposure estimates from prior published biomonitoring and epidemiological studies rather than depositing newly generated data, and its data availability statement points only to the article and supplementary appendix with no repository deposit or accession number."
39475207,non_open_data,none,,,,"Here, we provide a draft template (Table S1) to help bioimage analysts (or those wishing to employ them) translate their many roles into monetary value.","This is a Perspective/opinion article about the bioimage analysis profession with no experimental data generated; the only supplementary material is an article-attached template table, with no data deposit or accession number anywhere in the text."
39310729,false_negative,open,Dryad,https://doi.org/10.5061/dryad.z8w9ghxmg,Dryad,DATA AVAILABILITY STATEMENT The data and code that support the findings of this study are available on Dryad: https://doi.org/10.5061/dryad.z8w9ghxmg .,"The authors deposited their newly generated survey/behavioral data (and code) in Dryad with a resolvable DOI and no access restrictions stated, meeting all three open-data criteria, so the detector's negative call is a false negative."
39288817,false_negative,open,Dryad Digital Repository,,Dryad,The data that support the findings of this study are openly available on the Dryad Digital Repository [78].,"The article explicitly states that the newly generated morphological/CT/histology data supporting the findings are deposited and openly available in the Dryad Digital Repository, satisfying the open-data criteria even though the citation-linked accession number itself is in the reference list rather than inline."
39008662,non_open_data,upon_request_or_restricted,,,,The observations from nine Chinese sites used to derived CF4 and C2F6 emissions in China can be found in Datasets S2 and S3. Prior discussions with B.Y. about interest of using these data in future publications or presentations are required.,"The atmospheric observation data are only provided as article supplementary datasets (not deposited in an external repository with an accession) and are explicitly gated behind required prior discussion with an author, so this is a legitimate detector negative, not open data; the only Zenodo DOI given is for the analysis code, not the data."
39889002,false_negative,open,Zenodo,https://doi.org/10.5281/zenodo.13958732,Zenodo,Datasets and custom codes used in this study are available at https://doi.org/10.5281/zenodo.13958732 (hosted by Zenodo).,"The authors deposited their newly generated electrophysiology/imaging datasets (along with custom code) in Zenodo under a persistent DOI with no stated access restriction, meeting all three open-data criteria that oddpub missed."
38196364,false_negative,open,Dryad,https://doi.org/10.5061/dryad.g4f4qrfwt,Dryad,"The 3D foot scans (PLY files), and locomotor foot and ankle joint angles and moments (MATLAB structures) can be downloaded from Dryad: https://doi.org/10.5061/dryad.g4f4qrfwt","The authors deposited their newly generated 3D foot scan and joint kinematics/kinetics data in Dryad with a resolvable DOI and describe it as openly downloadable, meeting all three open-data criteria."
40427925,non_open_data,reuse_only,,,,Extracted data were organized using spreadsheets or databases and analyzed through thematic and descriptive synthesis.,"This is a scoping review that synthesizes findings from 121 previously published studies/reports on climate change and schistosomiasis; it generates no new empirical data of its own and describes no repository deposit or accession number for any dataset, only internal organization of extracted literature data (the only DOI given is an OSF protocol registration, not a data deposit), so the detector's negative call is correct."
39952954,false_negative,open,UCL Research Data Repository,https://doi.org/10.5522/04/22128671,Institutional/domain,The dataset is available at the UCL Research Data Repository47. ... The data47 set can be downloaded from (https://doi.org/10.5522/04/22128671).,"This is a Data Descriptor whose entire content is the newly created OCT5k dataset (manually generated pixel-wise retinal layer annotations and bounding box annotations), which is deposited with an open, downloadable DOI at the UCL Research Data Repository, so the detector's negative call is a false negative."
39056486,false_negative,open,GitHub Repository (JuBiotech/Supplement-to-Steier-et-al.-2024),https://github.com/JuBiotech/Supplement-to-Steier-et-al.-2024,Other,DATA AVAILABILITY STATEMENT The data that support the findings of this study are openly available in GitHub Repository at https://github.com/JuBiotech/Supplement-to-Steier-et-al.-2024.,"The authors explicitly deposited the newly generated calibration/assay data (96 nisin concentration measurements, cultivation supernatant data) in a linked, openly accessible GitHub repository with no access restriction stated, meeting all three open-data criteria even though the detector missed it because the repository is GitHub rather than a conventional data repository."
39035841,false_negative,open,Mendeley Data,10.17632/bxkbbs2553.3 ; https://data.mendeley.com/datasets/bxkbbs2553/3,Mendeley,Repository name: Mendeley Data Data identification number: 10.17632/bxkbbs2553.3 Direct URL to data: https://data.mendeley.com/datasets/bxkbbs2553/3,"The authors deposited their newly generated DFTB+ simulation data (molecular geometries, lattice vectors, total energies) in Mendeley Data with a DOI and direct URL, presented as openly accessible, satisfying all three open-data criteria."
39259791,non_open_data,supplement_only,,,,Data and materials availability: All data needed to evaluate the conclusions in the paper are present in the paper and/or the Supplementary Materials.,"The article's data availability statement only references data embedded in the paper and its Supplementary Materials, with no repository deposit or accession/DOI/URL for the newly generated DKIST/CryoNIRSP observations or AWSoM model data, so this is a legitimate detector negative."
40397732,non_open_data,reuse_only,,,,TC wind field data are available from the Nature publication Global population profile of TC exposure from 2002 to 2019 and deposited at https://doi.org/10.5061/dryad.76hdr7t30 . Infant mortality data are publicly available at the Demographic and Health Surveys website: https://dhsprogram.com/ .,"Both datasets used are pre-existing third-party sources (a prior Nature publication's wind field data and the DHS infant mortality surveys) reused by the authors, not newly generated data deposited by them with an accession, so this is a reuse-only case correctly scored as no open data."
38351747,non_open_data,reuse_only,Zenodo,https://zenodo.org/badge/latestdoi/236611664,Zenodo,No new data were collected for this study. Data used were a subset of the data published by a previous study and are available at https://zenodo.org/badge/latestdoi/236611664 [15].,"The article explicitly states no new data were collected; the data used are reused from a prior published study (with the authors' own new source code shared as a supplementary file, not a repository deposit), so this is a legitimate detector negative rather than a false negative."
39495929,false_negative,open,OSF,10.17605/OSF.IO/QPC2D,OSF,Multiunit activity data and code have been deposited in OSF (DOI: 10.17605/OSF.IO/QPC2D) (66).,"The authors deposited their newly generated multiunit activity data in the OSF repository with a resolvable DOI and no stated access restriction, meeting all three criteria for open data that the detector missed."
38495760,false_negative,open,figshare,https://doi.org/10.6084/m9.figshare.24481693.v1,Figshare,"The SEER data is available at figshare: Zhang, Yu (2023). 2010-2015 SEER-LUAD.zip. figshare. Dataset. https://doi.org/10.6084/m9.figshare.24481693.v1.","The authors deposited the specific curated analytic dataset (19,454-patient SEER-LUAD cohort) used in this study to figshare with a DOI, presented as openly accessible, which satisfies the deposit+accession+open-access criteria even though the source database (SEER) is third-party."
38456179,false_negative,open,Dryad,doi:10.5061/dryad.s7h44j1f2,Dryad,"Analyses reported in this article can be reproduced using the data provided by Lambert and Smiseth (2024). ... Lambert GA, Smiseth PT. 2024. Flexible females: nutritional state influences biparental cooperation in a burying beetle. Behav Ecol. doi:10.5061/dryad.s7h44j1f2","The Data Availability statement points to a Dryad deposit of the authors' own experimental data (burying beetle behavioral observations) with a resolvable DOI, satisfying deposit, accession, and open-access criteria, so the detector's negative call is a miss."
40238277,non_open_data,reuse_only,,,,"We conducted descriptive ecological analyses using data from the American Community Survey, historical redlining maps, Social Capital Instruments, U.S. Department of Agriculture food access atlas, ESRI businesses, and Social Determinants of Health. These data are all publicly available, and we obtained them from publicly available websites","This ecological study exclusively reuses pre-existing third-party public datasets (ACS, redlining maps, USDA, CDC, AHRQ, ESRI, and a Harvard Dataverse social capital index) with no new data generated or deposited by the authors, so it is a legitimate detector negative rather than a false negative."
39359457,false_negative,open,Dryad,,Dryad,All data can be found in tables S1 to S4 in the electronic supplementary material [93] and Dryad [94].,"The Data accessibility statement explicitly states that the newly generated diet-composition and morphological data are deposited in the Dryad repository (in addition to supplementary tables), indicating an open repository deposit that the detector missed, even though the reference-list DOI for citation [94] is not visible in this extracted text."
38499581,false_negative,open,Recherche Data Gouv,https://doi.org/10.57745/CZVZIA6,Dataverse,The authors declare that the data supporting the findings of this study are available free of charge6. The repository features multiple datasets that have been curated for this research. The repository contains the following files: File AqSolDBc.csv ... File OChemUnseen.csv ... File OChemOverlapping.csv ... File OChemCurated.csv,"The authors deposited multiple newly curated solubility datasets (AqSolDBc, OChemUnseen, OChemOverlapping, OChemCurated) in the Recherche Data Gouv repository with a resolvable DOI (10.57745/CZVZIA6), stated as freely available, so the detector's negative call is a miss."
39893186,false_negative,open,figshare,https://doi.org/10.6084/m9.figshare.27678096.v2,Figshare,"All supporting data schemas developed in this study have been deposited on fgshare41. ... 41. Yin, N. Material Data Schemas for Recommendation. fgshare. Dataset. https://doi.org/10.6084/m9.fgshare.27678096.v2 (2024).","The authors deposited their newly constructed material-science data schema dataset (schema fragment examples derived from their NMDMS-based analysis) on Figshare with a resolvable DOI and present it as openly accessible, satisfying deposit + accession + open access, so the detector's negative call is a miss."
39621546,false_negative,open,figshare,doi: 10.6084/m9.figshare.26135068,Figshare,The data that support the findings of this study are openly available in the Supporting Information of this article (Fig. S1 ; Methods S1 ; Tables S1 S8 ) and in fighshare at doi: 10.6084/m9.figshare.26135068 .,"The authors deposited their newly generated seed dispersal network dataset in figshare with a resolvable DOI and explicitly state it is openly available, meeting all three open-data criteria that the detector missed."
39532896,false_negative,open,ScienceDB,https://doi.org/10.57760/sciencedb.1390133,Generic-DOI,The 30-m winter wheat mapping dataset from 2001 to 2020 is available at https://doi.org/10.57760/sciencedb.1390133. The dataset is provided in GeoTIFF format.,"The authors deposited their newly generated 30-m annual winter wheat mapping dataset (2001-2020) in the ScienceDB repository with a resolvable DOI providing open access, meeting all three criteria for open data despite the detector's negative score."
39358374,false_negative,open,Sequence Read Archive (SRA)/NCBI BioProject; Figshare,PRJNA1138001; https://doi.org/10.6084/m9.figshare.26379658.v1; https://doi.org/10.6084/m9.figshare.26380087.v2,NCBI,The sequencing data generated in this study have been deposited to the sequence read archive (SRA) with the BioProject accession number PRJNA1138001.,"The Data availability section reports newly generated long-read transcriptome sequencing data deposited in SRA under an open BioProject accession, plus newly generated flow cytometry and imaging data deposited to Figshare with DOIs, all openly accessible, so this is a clear detector miss."
39532146,false_negative,open,Figshare,https://doi.org/10.6084/m9.figshare.c.7524698,Figshare,Data accessibility Data and R script are included as part of the electronic supplementary material [57]. ... Electronic supplementary material is available online at https://doi.org/10.6084/m9.figshare.c.7524698,"The authors' newly generated behavioural dataset (and analysis R script) is deposited on Figshare under a persistent DOI and made openly accessible under a CC-BY license, satisfying repository deposit, accession/DOI, and open-access criteria, so the detector's negative call is a miss."
39078681,false_negative,open,Zenodo,reference (56),Zenodo,Neutralization data and code used in the analyses presented in this publication can be found on GitHub (55) and Zenodo (56).,"The Data, Materials, and Software Availability statement explicitly deposits the newly generated neutralization titer data in Zenodo (a recognized data repository) alongside the code on GitHub, presented as openly accessible, so this is a missed open-data case."
39816735,false_negative,open,Data Dryad,,Dryad,Data to reproduce the results presented in this study are available in DataDryad [ 68 ].,"The Data accessibility section explicitly states that data needed to reproduce the study's own results (derived CSI/CPI/HRV outputs) were deposited in the Dryad domain repository and are presented as publicly available, satisfying the deposit-and-accessibility criteria for newly generated data even though the specific accession/DOI text is only reachable via the stripped reference list ([68]) rather than inline in this extract."
38236733,non_open_data,code_only,GitHub/Zenodo (code); Addgene (plasmids),"10.5281/zenodo.10431821; Addgene ID 204974, 204975, 204976",Other,"Key analysis codes have been deposited in Github (doi: 10.5281/zenodo.10431821), and key plasmids have been deposited in Addgene (ID 204974, 204975, and 204976)","The Data, Materials, and Software Availability statement deposits only analysis code (Zenodo/GitHub DOI) and physical plasmid reagents (Addgene), with no newly generated research dataset (e.g., imaging, FCS, or sequencing data) deposited to a data repository with an accession number, so the detector's negative call is correct."
38477558,non_open_data,supplement_only,,,,All data analyzed and visualized during this study are included in form of Source Data files that have been provided for all figures present in the current manuscript.,"The article only provides Source Data files as supplementary material attached to the manuscript with no deposit in an external repository or accession number, so it does not meet the open-data definition."
40172555,false_negative,open,Zenodo,,Zenodo,Data accessibility The code and data used in this work are available from the Zenodo digital repository [ 50 ].,"The authors explicitly state that both the code and the data used in the study (synthetic study data plus curated ICU clinical dataset) were deposited in the Zenodo repository, a recognized open data repository, with no indication of restricted or gated access, which the detector missed."
38983706,false_negative,open,Science Data Bank,https://doi.org/10.57760/sciencedb.08928,Institutional/domain,The raw data associated with this study is publicly accessible in the Science Data Bank ( https://doi.org/10.57760/sciencedb.08928 ).,"The authors deposited their newly generated raw greenhouse experiment data in the Science Data Bank repository with a resolvable DOI and explicitly state it is publicly accessible, meeting all three open-data criteria despite the detector's negative score."
39600101,false_negative,open,Dryad Digital Repository,https://doi.org/10.5061/dryad.6djh9w1bs,Dryad,"DATA AVAILABILITY STATEMENT Data available from the Dryad Digital Repository https://doi.org/10.5061/dryad.6djh9w1bs (Oliveira et al., 2024 ).","The authors deposited their standardised GPS-cluster/foraging-parameter dataset in the Dryad repository with a resolvable DOI and no stated access restriction, meeting all three open-data criteria, so the detector's negative call is a miss."
38832045,false_negative,open,Figshare,https://doi.org/10.6084/m9.figshare.23586321.v2,Figshare,"The Children and Youth in India 2021 dataset is available at Figshare: Patel, Jamin; Katapally, Tarun (2023). Children and Youth in India 2021: Yoga and MVPA. figshare. Dataset. https://doi.org/10.6084/m9.figshare.23586321.v2 .","The authors deposited their newly collected survey dataset (yoga practice and MVPA data from Indian schoolchildren) in Figshare with a resolvable DOI and no stated access restriction, meeting all three open-data criteria, so the detector's negative call is a miss."
38507490,false_negative,open,Dryad; Morphomuseum,https://doi.org/10.5061/dryad.v41ns1s3t; https://doi.org/10.18563/journal.m3.221,Dryad,An additional dataset has been available via Dryad at: https://doi.org/10.5061/dryad.v41ns1s3t. The surface 3D model(.ply)of the holotype specimen of Pebanista yacuruna gen et sp.nov.has been made available via Morphomuseum and can be freely accessed at: https://doi.org/10.18563/journal.m3.221.,"The authors deposited newly generated data (an additional dataset in Dryad and the 3D surface model of the newly described holotype fossil in Morphomuseum) with resolvable DOIs that are freely/openly accessible, satisfying all three open-data criteria, so the detector's negative call is a miss."
40066727,false_negative,open,Chemotion Repository,https://dx.doi.org/10.14272/collection/PCC_2024-07-25 (reference number 1014272),Institutional/domain,"The data that support the findings of this study are openly available in [Chemotion Repository]at [https://dx.doi.org/10.14272/ collection/PCC_2024-07-25], reference number [1014272].","The article includes a Data Availability Statement depositing the authors' own experimental/spectral data in the Chemotion Repository with a resolvable DOI and explicit 'openly available' language, meeting all three open-data criteria that the detector missed."
39493620,false_negative,open,Biodiversity Exploratories Information System (BExIS),"http://doi.org/10.17616/R32P9Q; BExIS dataset IDs 31733, 31734, 31735, 31736, 31737, 31738",Institutional/domain,"The datasets generated in this study are publicly available on Biodiversity Exploratories Information System (BExIS; http://doi.org/10.17616/R32P9Q ) under IDs 31,733, 31,734, 31,735, 31,736, 31,737, and 31,738.","The Data Availability Statement explicitly identifies newly generated study datasets deposited in the BExIS domain repository with specific accession IDs and a persistent DOI, stated as publicly available, which the detector failed to flag."
40008143,false_negative,open,Zenodo,10.5281/zenodo.14276127,Zenodo,Zenodo repository with all structures modeled in this work (DOI: 10.5281/zenodo.14276127),"The authors deposited all computationally generated structures from this DFT study in a Zenodo repository with a resolvable DOI and no stated access restriction, meeting the definition of openly shared newly generated data that the detector missed."
40337257,false_negative,open,Dryad,,Dryad,The datasets supporting this article have been made available at Dryad [65].,"The article explicitly states that the newly generated behavioral datasets underlying the study were deposited at Dryad and made available (referenced as citation [65]), which meets the open-data criteria of a named repository deposit presented as openly accessible, even though the specific DOI is only given in the reference list not captured in this text extract."
39290663,false_negative,open,Dryad,doi:10.5061/dryad.cnp5hqc9s,Dryad,Data and code associated with this manuscript are available from the Dryad data repository at doi: 10.5061/dryad.cnp5hqc9s .,"The authors deposited their newly generated biomass allocation/N-fixation experimental data in the Dryad repository with a resolvable DOI and no stated access restriction, meeting all three open-data criteria, so the detector's negative call is a miss."
39678356,false_negative,open,Zenodo,"Zenodo repository, Raji (2024)",Zenodo,Input files used in simulations presented in this work are available at the Zenodo repository Raji ( 2024 ).,"The authors deposited the input files used to generate their simulation data in the Zenodo repository and cite the specific deposit (Raji 2024) as openly accessible, meeting the deposit+identifier+open-access criteria, so the detector's negative call is a miss (the iSALE code itself is separately noted as restricted/application-only, but that is distinct from the openly shared simulation input data)."
39876717,non_open_data,code_only,GitHub / Figshare,https://doi.org/10.6084/m9.figshare.27239748,Figshare,Code for the model and analyses is available on GitHub [49] and Figshare [50]. An animated simulation has been uploaded to FigShare.,"This is a simulation/modeling study whose Data accessibility statement shares only code and an animated simulation via GitHub and Figshare, with no deposited empirical dataset and accession representing newly generated data, so it is a legitimate code-only negative rather than a false negative."
40061236,false_negative,open,Zenodo,https://doi.org/10.5281/zenodo.13839059,Zenodo,"The data is available at Zenodo: Clegg, B. (2024). Mass harvested per trunkload as a constraint to forage consumption by the African elephant [Data set]. Zenodo. https://doi.org/10.5281/zenodo.13839059 .","The authors deposited their newly generated field-measurement dataset (trunkload mass, tuft, leaf, and bark measurements) in Zenodo with a resolvable DOI and no stated access restriction, meeting all three open-data criteria."
39869892,non_open_data,code_only,,,,"To ensure transparency in the analysis process, the R Markdown file, containing the R code and all results, is available on the web [45].","The article shares the analysis code/R Markdown file and study materials via a web link (ref 45) but does not deposit the newly generated raw participant data (eye-tracking, triage, transmission scores) in a repository with an accession number or persistent identifier, so this is code/results-sharing only, not open data."
39624177,false_negative,open,George Mason University institutional data repository (ORC),https://doi.org/10.13021/orc2020/Y2MYGB,Institutional/domain,"Model data used to produce the figures and tables,along with analysis codes and example model namelists are available at https://doi.org/10.13021/orc2020/Y2MYGB.","The authors deposited their own generated WRF simulation output data (used for the paper's figures and tables) in an institutional repository under a persistent DOI and describe it as openly available, satisfying all three open-data criteria even though the MCS-catalog and ERA5 inputs used elsewhere are third-party reuse."
39239357,false_negative,open,Zenodo,https://doi.org/10.5281/zenodo.12191434,Zenodo,PIC simulation data for the fiducial run are available from https://doi.org/10.5281/zenodo.12191434.,"The authors deposited their own newly generated particle-in-cell simulation data (the fiducial run) in Zenodo with a resolvable DOI that is openly accessible, satisfying all three open-data criteria even though the MMS data are reused and the second PIC dataset is restricted to request-only."
39060425,non_open_data,upon_request_or_restricted,,,,The datasets used and/or analysed during the current study are available from the corresponding author on reasonable request.,"The article's data availability statement explicitly restricts data access to requests to the corresponding author, with no repository deposit or accession number, so this is a legitimate detector negative rather than a false negative."
39431302,false_negative,open,NCBI SRA BioProject,PRJNA1065914 (https://www.ncbi.nlm.nih.gov/bioproject/?term=PRJNA1065914); processed data/code also at https://zenodo.org/records/13173354,NCBI,16S and ITS sequences are deposited on NCBI under SRA BioProject PRJNA1065914 (https://www.ncbi.nlm.nih.gov/bioproject/?term=PRJNA1065914). Processed data and code are available at https://zenodo.org/records/13173354 (Risely 2024).,"The authors deposited their newly generated 16S rRNA and ITS amplicon sequencing data in NCBI SRA under an accession (BioProject PRJNA1065914) with a URL and presented it as openly accessible, satisfying all three criteria for open data."
39836436,false_negative,open,Zenodo,https://doi.org/10.5281/zenodo.14504277,Zenodo,"Data and Code have been deposited on Zenodo, linked to the following Github: https://github.com/Buchel9844/Complexity_Caracoles (V.1). Zenodo. DOI: https://doi.org/10.5281/zenodo.14504277","The authors deposited their newly generated field survey data (plant performance, neighbor, pollinator, and herbivore observations) and code in Zenodo with a resolvable DOI, presented as openly accessible, meeting all three open-data criteria, so this is a detector miss."
40215296,false_negative,open,Dryad,https://doi.org/10.5061/dryad.7pvmcvf3x,Dryad,Data and materials availability: All data needed to evaluate the conclusions of the paper are present in the paper and/or the Supplementary Materials or at Dryad: https://doi.org/10.5061/dryad.7pvmcvf3x,"The article deposits its newly generated electrophysiology/imaging data in the Dryad repository with a resolvable DOI presented as openly accessible, meeting all three open-data criteria that the detector missed."
38840587,false_negative,open,Dryad Digital Repository,https://doi.org/10.5061/dryad.w0vt4b8zr,Dryad,"Data are available through the Dryad Digital Repository, https://doi.org/10.5061/dryad.w0vt4b8zr .","The article deposited its newly generated GPS collar movement data (from wild dogs, lions, impala, tsessebes, wildebeest, and zebra) in the Dryad repository with a resolvable DOI presented as openly accessible, meeting all three open-data criteria despite the detector's negative score."
40163726,false_negative,open,Dryad,https://doi.org/10.5061/dryad.6wwpzgn72,Dryad,"Data, Materials, and Software Availability Summary of datasets and workflows have been deposited in Dryad (https://doi.org/10.5061/dryad.6wwpzgn72) (55).","The authors deposited their generated hydrological and biological datasets/workflows in the Dryad repository with a resolvable DOI, presented as openly accessible, meeting all three criteria for open data despite the detector scoring it negative."
39345755,non_open_data,code_only,GitHub / Zenodo,https://github.com/meiosis97/StableMate ; https://doi.org/10.5281/zenodo.13626593,Other,The StableMate R code and data analysis are available at https://github.com/meiosis97/StableMate and https://doi.org/10.5281/zenodo.13626593.,"This is a methods/software paper whose only shared deposit is the StableMate R code (archived on Zenodo for citability), while all analyzed datasets (TCGA-BRCA, GTEx, METABRIC, curatedMetagenomicData cohorts, Darmanis et al. GBM scRNA-seq, Rajab et al. myeloid atlas) are pre-existing third-party data merely reused, so no newly generated data deposit with accession exists and the detector's negative call is correct."
38791752,non_open_data,upon_request_or_restricted,,,,Data used in this paper can be obtained from the author upon reasonable request.,"The Data Availability Statement explicitly restricts access to a request-based arrangement with no repository deposit or accession number, so this is a legitimate detector negative, not open data."
38818378,non_open_data,supplement_only,,https://github.com/matthiaskoenig/zonation-image-analysis,,"The original contributions presented in the study are included in the article/Supplementary Material, further inquiries can be directed to the corresponding authors. Image analysis code is available from https://github.com/matthiaskoenig/zonation-image-analysis.","The underlying imaging/geometry data are only described as being in the article/supplementary material with further inquiries directed to the authors (no repository deposit or accession), while only the analysis code is shared via a GitHub repository, so no open data deposit exists and the detector's negative call is correct."
40238485,false_negative,open,Open Science Framework (OSF),https://osf.io/wuyfr/ ; https://doi.org/10.17605/OSF.IO/WUYFR,OSF,The dataset for this study is in a repository and is available at the Open Science Framework (OSF; https://osf.io/wuyfr/ accessed 7 March 2024). The DOI is as follows: https://doi.org/10.17605/OSF.IO/WUYFR.,"The Data Availability Statement explicitly deposits the study's dataset in OSF with a resolvable DOI and no stated access restriction, meeting all three open-data criteria, so the detector's negative call is a false negative."
40124611,non_open_data,reuse_only,,,,"The datasets generated and/or analyzed are available at: cBioPortal database... UCSC Xena database (TCGA, legacy)... li, shichao (2025). UCSC expression profile of TCGA. figshare. Dataset. https://doi.org/10.6084/m9.figshare.28399442.v1","This pan-cancer bioinformatics study relies entirely on pre-existing public databases (TCGA, GTEx, cBioPortal, GEO/GSE91061, IMvigor210, TIMER2.0, CCLE, GDSC, CancerSEA, Human Protein Atlas), and the figshare 'deposits' cited are merely re-uploaded copies of these third-party datasets (e.g. 'UCSC expression profile of TCGA', 'Msigdb', 'CCLE GDSC.rar') rather than newly generated data; the study's own newly generated experimental data (IHC staining of clinical tumor samples) has no repository deposit or accession, so no newly generated data is openly shared with an accession."
39715763,non_open_data,upon_request_or_restricted,"Science Data Bank (Chinese Color Nest Community / ID-BRAIN, National Basic Science Data Center)",https://cstr.cn/31253.11.sciencedb.14222 ; https://doi.org/10.57760/sciencedb.o00133.00020,Institutional/domain,"To access the dataset, users must apply using the Data Usage Agreement (DUA)... users must upload the signed agreement with their application to request access to the dataset... Access to the dataset is granted afer approval of the DUA.","Although the dataset is deposited with a persistent identifier at Science Data Bank, access is explicitly gated behind a Data Usage Agreement and application/approval process, so it does not meet the open-access criterion despite the article's 'open data' framing."
40184177,false_negative,open,ArrayExpress (EMBL-EBI); Figshare,http://www.ebi.ac.uk/arrayexpress (accession numbers in SI Appendix Table S10); https://doi.org/10.6084/m9.figshare.c.7559811,Other,"Sequencing data from GBS and MNase-seq are available in the ArrayExpress database at EMBL-EBI (http://www.ebi.ac.uk/arrayexpress) under the accession numbers provided in SI Appendix, Table S10. Images of H3K9me2 and ASY1 immunostaining are accessible via a public link (https://doi.org/10.6084/m9.figshare.c.7559811)","The authors deposited newly generated GBS and MNase-seq sequencing data in ArrayExpress with accession numbers (in supplementary Table S10) and immunostaining images on Figshare via a public DOI link, both presented as openly accessible, meeting all three open-data criteria."
40087816,false_negative,open,Zenodo,https://doi.org/10.5281/zenodo.14721783,Zenodo,The data that support the findings of this study are openly available in Zenodo at https://doi.org/10.5281/zenodo.14721783.,"The article deposited its newly generated SPR fragment-screening data in Zenodo with a resolvable DOI and explicitly states it is openly available, meeting all three criteria for open data that the detector missed."
39498562,false_negative,open,"NERC/UK environmental data repository (DOI prefix 10.5285, e.g. EIDC)",10.5285/577486c2-c6e1-4588-957d69c1a3d85628,Institutional/domain,Data Availability Statement Data are available: 10.5285/577486c2-c6e1-4588-957d69cla3d85628.,"The authors deposited their newly generated ecotoxicity dataset in a domain data repository (DOI prefix 10.5285, a UK NERC environmental data centre) and provided a resolvable DOI in the Data Availability Statement, meeting all three criteria for open data despite the detector scoring it negative."
38737741,non_open_data,code_only,Zenodo,https://doi.org/10.5281/zenodo.10500422,Zenodo,The code is available at Zenodo: Subhrangshu Adhikary. (2024). subhrangshu/ocm-regression: v1.0.0.2 (v1.0.0.2). Zenodo. https://doi.org/10.5281/zenodo.10500422,"The Data Availability statement only deposits and links the analysis CODE on Zenodo, while the underlying phytoplankton/biogeochemical data are third-party reanalysis products from the pre-existing Copernicus Marine Service dataset with no new data deposit or accession given by the authors."
38736528,non_open_data,reuse_only,,,,All data used in our analysis were acquired from public repositories. The OMPS stratospheric aerosol data is available from NASA's Goddard Earth Sciences Data and Information Services Center (GES DISC...). The NASA ocean color data is available from the Ocean Biology Distributed Active Archive Center (OB.DAAC...). The ESA/EUMETSAT ocean color time-series data from OLCI is available at https://metis.eumetsat.int/data/oc/. The BGC-ARGO in situ bbp data is available from https://usgodae.org/argo/argo.html.,"The Data availability section only points to pre-existing third-party public repositories/archives (OMPS, NASA OB.DAAC ocean color, EUMETSAT OLCI, BGC-Argo) that the authors reused for analysis; no newly generated dataset was deposited by the authors with its own accession, so this is a legitimate reuse-only negative."
39857789,false_negative,open,Mendeley Data,https://data.mendeley.com/datasets/c3jk6nwr56/1; doi: 10.17632/c3jk6nwr56.1,Mendeley,"All raw clinical data generated in this study from the PerioMind Colombia Cohort has been made publicly available through the clinical data repository https://data.mendeley.com/datasets/c3jk6nwr56/1 (accessed on 19 December 2024) under the identifier: ... Mendeley Data, V1, doi: 10.17632/c3jk6nwr56.1.","The authors deposited their newly generated (anonymised) clinical cohort dataset in Mendeley Data with a DOI/URL and explicitly describe it as publicly available, meeting all three open-data criteria, so this is a detector false negative."
39652750,false_negative,open,Zenodo (archived GitHub repository),https://doi.org/10.5281/zenodo.14037297,Zenodo,Analysis code and analyzed data are available via GitHub ( https://doi.org/10.5281/zenodo.14037297 ; https://github.com/genner-lab/freshwater_fish_climate ).,"Although the raw abundance, climate, GBIF range, and FishBase trait inputs are reused third-party data, the authors' compiled/analyzed dataset used for the models was deposited (with the code) in a Zenodo-archived repository and given a DOI, presented as openly accessible, satisfying the open-data criteria."
38585189,non_open_data,none,,,,This work reviews possible signatures and potential detectability of present-day volcanically emitted material in the atmosphere of Venus.,"This is a review article synthesizing prior literature and mission expectations (DAVINCI, EnVision, VERITAS) with no new data generated or deposited, no data availability statement, and no accession numbers or repository links."
40486186,non_open_data,reuse_only,,,,Historic gridded SPI for the UK 1862-2015 version 4 is available at UKCEH's Environmental Information Data Centre... The E.U. Copernicus Marine Service Information's Multi Observation Global Ocean Sea Surface Salinity data is available at... ECMWF's ERA5 reanalysis dataset has been downloaded from Copernicus program's Climate Data Store...,"The Data availability section lists only pre-existing third-party datasets (SPI, SSI, SST/HadISST, SSS, ERA5, NAO index) that the authors reused for their statistical analysis, with no newly generated data deposited by the authors themselves."
40103754,false_negative,open,Figshare,https://doi.org/10.6084/m9.figshare.27877413.v1,Figshare,The data is publicly available under the link provided below. Repository name: Figshare Direct URL to data: https://doi.org/10.6084/m9.figshare.27877413.v1,"The article is a Data in Brief descriptor for a newly generated multi-modal welding dataset (inductive probe time series and LWIR images) deposited on Figshare with a resolvable DOI and explicitly stated to be publicly available, so this meets all three open-data criteria and the detector's negative call is a miss."
40312384,non_open_data,upon_request_or_restricted,Data Archive BRAIN Initiative (DABI),https://doi.org/10.18120/5b2x-2w11 (project code JZITRHZ6X9WI),Institutional/domain,The de-identified data that support the findings of this study are available under restricted access for participant privacy. Access can be obtained upon request to the study PI by an investigator who is prepared to securely handle data resulting from human research.,"The generated participant data are deposited in DABI with an accession, but access is explicitly restricted and granted only upon request to the PI, so this is legitimately not open data; only the analysis code (separately) is openly shared via GitHub/Zenodo."
40475158,non_open_data,upon_request_or_restricted,"Zenodo (Mobilise-D TVS, reused prior dataset); Rush Alzheimer's Disease Center Research Resource Sharing Hub (RUSH MAP)",https://doi.org/10.5281/zenodo.13899386,Zenodo,"The dataset from the Mobilise-D technical validation study (Dataset 3) can be found on Zenodo... All other data and related algorithms (i.e., Dataset 2) included in these analyses are available via the Rush Alzheimer's Disease Center Research Resource Sharing Hub... Any qualified investigator can create an account and submit requests for de-identified data.","The only dataset with an open repository/DOI (Mobilise-D TVS on Zenodo) is a pre-existing dataset from a prior published technical validation study that the authors reuse for fine-tuning rather than newly generate here, while the dataset central to this paper's own clinical-utility analysis (RUSH MAP) is only available upon request/application via an account-gated portal, so the article does not openly share newly generated data."
39514651,false_negative,open,British Oceanographic Data Centre,doi.org/10.5285/0a1c43b9-4738-75e0-e063-6c86abc0ea24,Institutional/domain,Seaglider observations used in this study have been archived at the British Oceanographic Data Centre under the DOI: doi.org/10.5285/0a1c43b9-4738-75e0-e063-6c86abc0ea24.,"The authors' newly generated Seaglider hydrographic observations (the core dataset underlying the study's findings) were deposited with a DOI at the British Oceanographic Data Centre and presented as openly accessible, meeting all three open-data criteria, so the detector's negative call is a miss."
38483991,false_negative,open,NCAR EOL ACCLIP Long Term Archive / NASA ESPO archive,https://doi.org/10.26023/9TJ3-DT16-VZ00 ; https://doi.org/10.26023/2M8D-9C0V-AV0J ; https://data.eol.ucar.edu/dataset/620.053 ; https://www-air.larc.nasa.gov/cgi-bin/ArcView/acclip?WB57=1,Institutional/domain,"Analyses in this work used TOGA merge, AWAS/WAS merges, and 60-s merge: for TOGA-TOF merge: https://doi.org/10.26023/9TJ3-DT16-VZ00 ; for AWAS merge: https://doi.org/10.26023/2M8D-9C0V-AV0J ; and for 60-s merge: https://data.eol.ucar.edu/dataset/620.053","The Data Availability statement provides specific DOIs (and archive URLs) for the newly generated ACCLIP field-campaign trace-gas measurement datasets (TOGA-TOF, AWAS/WAS, 60-s merges) deposited in the NCAR EOL and NASA ESPO domain archives, with no access restriction stated, so this qualifies as open data the detector missed."
38826160,non_open_data,reuse_only,,,,Data used in the tutorial presented in this article are available as follows:Tree Swallow Life History...https://doi.org/10.6084/m9.figshare.14156801.v1; Community Ecology...Government of Canada...; Tree Diversity & Dendrochronology...Borealis...; Disease Modelling in Mule Deer...Government of Alberta...; Understanding Biodiversity...Government of Canada...,"This is a pedagogical/teaching-tutorials paper that only reuses pre-existing third-party datasets (Government of Canada open data portal, Government of Alberta, and previously published datasets by Diamond et al. 2021 and Hesketh et al. 2021) for instructional purposes; the authors did not generate or deposit any new data themselves, so this is a legitimate detector negative."
38932948,false_negative,open,Dryad,https://doi.org/10.5061/dryad.2280gb61c,Dryad,more detailed data are available at the following location: https://doi.org/10.5061/dryad.2280gb61c,"The authors deposited their newly collected macroinvertebrate and waterfowl survey data in the Dryad repository with a resolvable DOI, presented as openly accessible, which the detector missed."
38248543,non_open_data,reuse_only,,,,Data Availability Statement: Publicly available datasets were analyzed in this study. This DHS/MIS data can be obtained through the program website here: https://dhsprogram.com/. Sources for additional covariate data used in this work are provided in Table 1 of the main manuscript.,"The study analyzes only pre-existing third-party DHS/MIS survey data and publicly available geospatial covariate datasets that the authors did not generate or newly deposit; the only Zenodo deposit mentioned (https://zenodo.org/records/10426210) is the analysis code, not a new data deposit, so this is a legitimate detector negative."
39034972,false_negative,open,Dryad,https://doi.org/10.5061/dryad.15dv41p53,Dryad,"Analyses reported in this article can be reproduced using the data provided by Baker et al. (2024). ... Baker L, Taylor C, Gilbert F, Reader T. 2024. Data from: How does viewing angle affect the perceived accuracy of Batesian mimicry in hoverflies? Behav Ecol. https://doi.org/10.5061/dryad.15dv41p53.","The data availability statement points to a Dryad-deposited dataset with a resolvable DOI, meeting all three open-data criteria, so the detector's negative call is a false negative."
40078148,false_negative,open,Figshare,,Figshare,Patch clamp data are available from Figshare [48].,"The Data accessibility section explicitly states that the newly collected patch-clamp voltage-clamp recordings underlying the study were deposited in and are available from Figshare, an open repository, with no access restriction stated, meeting the open-data criteria even though the specific DOI/accession for reference [48] is not rendered in this extracted text (only the citation number is present)."
38328565,non_open_data,supplement_only,,,,Data accessibility All data can be found in the manuscript and in the electronic supplementary material [ 44 ].,"The article reports NMR, SEC, MALDI-TOF/ESI MS characterization data only in the manuscript text and its electronic supplementary material, with no deposit of raw/generated data in an external repository with an accession number, so it does not meet the open-data definition."
40043128,false_negative,open,Zenodo; EMDB; PDB,DOI: 10.5281/zenodo.14597769; EMD-61076; PDB: 9J1M,Zenodo,Data for biochemical experiments in this study are available at Zenodo (DOI: 10.5281/zenodo.14597769). The cryo-EM map and the corresponding atomic model have been deposited in the EMDB with identifiers EMD-61076 and PDB: 9J1M.,"The authors deposited newly generated biochemical experiment data at Zenodo with a resolving DOI and deposited their new cryo-EM map and atomic model in EMDB/PDB with accession numbers, all presented as openly accessible, so this is a missed open-data case."
39709502,false_negative,open,Bolin Centre for Climate Research data repository (also mirrored on GEBCO website),https://doi.org/10.17043/ibcao-5.0,Institutional/domain,The IBCAO 5.0 DTM including the TID and SID grids are available for download from the GEBCO website (https://www.gebco.net/) and the Bolin Centre for Climate Research data repository (https://doi.org/10.17043/ibcao-5.0),"This Data Descriptor paper's primary newly-compiled output, the IBCAO 5.0 bathymetric DTM/TID/SID grids, is deposited in the Bolin Centre repository with a persistent DOI and stated as openly downloadable, satisfying all three open-data criteria (the separately mentioned AWS source-data repository being non-public does not negate this, since the compiled grid product itself is the generated dataset and is open)."
40148331,false_negative,open,Science DB (ScienceDB),https://doi.org/10.57760/sciencedb.17162,Generic-DOI,"Te dataset is available at Science DB and includes all data sources (https://doi.org/10.57760/sciencedb.17162), including dataset generation, validation, and data fles34.","The authors deposited their newly generated bilingual dialogue dataset (profiles, prompts, and dialogue CSV/JSON files) in the ScienceDB repository with a resolvable DOI, presented as openly available, so this is a missed open-data case."
38848364,false_negative,open,GEO (Gene Expression Omnibus),"GSE220880, GSE220697, GSE227687, GSE227158",NCBI,"The raw and processed next-generation sequencing-based data generated in this study are available at GSE220880,GSE220697,GSE227687,and GSE227158.","The authors deposited newly generated MNase-titration-seq, Hi-C, Micro-C XL, and RNA-seq data in GEO with explicit, openly accessible accession numbers, meeting all three open-data criteria despite the detector's negative call."
39484208,false_negative,open,Zenodo (and GitHub),https://doi.org/10.5281/zenodo.12716703,Zenodo,The raw data is available in GitHub and Zenodo: - https://github.com/123xinyugu/Raw-data.git - 123xinyugu. (2024). 123xinyugu/Raw-data: Raw data (v.1.1.0). Zenodo. https://doi.org/10.5281/zenodo.12716703 .,"Beyond the reused public GSE125449 scRNA-seq dataset, the authors deposited their own newly generated raw data (from qPCR/trans-well/wound-healing experiments) in Zenodo with a resolvable DOI presented as openly accessible, which the detector missed."
38924415,false_negative,open,Zenodo,10.5281/zenodo.11092777,Zenodo,"The raw data, as well as the code for analyzing them, can be found at the Zenodo repository using the DOI 10.5281/zenodo.11092777.","The authors deposited their newly generated raw experimental data in Zenodo with a resolvable DOI and no stated access restriction, meeting all three open-data criteria that the detector failed to flag."
39048015,false_negative,open,Mikulski Archive for Space Telescopes (MAST); Spitzer Heritage Archive; ESO Science Archive,"https://mast.stsci.edu (JWST GO programme 2243); https://irsa.ipac.caltech.edu/applications/Spitzer/SHA/ (programmes 90, 41); http://archive.eso.org/cms.html (programmes 60.A-9107/103.201H, 110.25BR)",Institutional/domain,"All observational data in this work are available through public data archives. In particular, the JWST data were collected through the General Observer programme 2243 (PI E.C.M.) and are available through the Mikulski Archive for Space Telescopes (https://mast.stsci.edu).","The authors' newly collected JWST, Spitzer, and VLT observations are deposited with specific programme identifiers in named, openly accessible domain data archives (MAST, Spitzer Heritage Archive, ESO Science Archive), satisfying deposit + accession + open access, so this is a missed open-data case."
38987602,false_negative,open,Pangaea,https://doi.org/10.1594/PANGAEA.967462,Other,The new proxy data that support these findings are publicly available through the data repository Pangaea at https://doi.org/10.1594/PANGAEA.967462.,"The authors deposited their newly generated benthic foraminiferal isotope proxy data in the Pangaea repository with a resolvable DOI that is openly accessible, meeting all three open-data criteria, so the detector's negative call is a miss."
38172637,false_negative,open,"Figshare+ (SV profiles/summary stats); NCBI BioProject (assembled genomes); European Genome-Phenome Archive (DMP, LLD, 300OB raw metagenomic sequencing); NCBI SRA (500FG); NCBI BioProject (300TZFG metagenomic data)",10.25452/figshare.plus.c.6877849; PRJNA1024432; EGAS00001005027; EGAD00001001991; EGAD00001005083; PRJNA319574; PRJNA686265,NCBI,The profile of SVs of all samples and the full summary statistics of genetic associations with bacterial dSVs and vSVs are available at 10.25452/figshare.plus.c.6877849. The assembled bacterial genomes from the growth experiment are available at the National Center for Biotechnology Information (NCBI) with accession number PRJNA1024432. The raw metagenomic sequencing data of all four cohorts are publicly available.,"The authors deposited newly generated data (microbial SV profiles/summary statistics, assembled bacterial genomes from culture experiments, and raw metagenomic sequencing reads for all four Dutch cohorts and the Tanzanian cohort) in multiple public repositories (Figshare+, NCBI BioProject/SRA, EGA) with explicit accession numbers and stated public availability, satisfying open data criteria even though the accompanying host genotype/phenotype data are separately restricted."
38773083,non_open_data,upon_request_or_restricted,,,,"All source data for figures are provided with this paper. Due to size limitations, all original raw data (imaging files) are available from the corresponding author upon request.","The article only provides supplementary source data files with the paper and makes the original raw imaging data available upon request from the corresponding author, with no deposit of newly generated data in an open repository with an accession number (only custom analysis code is deposited on GitHub/Zenodo)."
38618561,false_negative,open,Zenodo (and GitHub),https://doi.org/10.5281/zenodo.10370202,Zenodo,The raw data is available at GitHub and Zenodo: - https://github.com/6xuyubo/My-Raw-Data.git - 6xuyubo. (2023). 6xuyubo/My-Raw-Data: First release of my raw data (v.1.0.0). Zenodo. https://doi.org/10.5281/zenodo.10370202,"The authors explicitly deposited their raw study data in Zenodo with a resolvable DOI (mirrored on GitHub), presented as openly accessible, satisfying all three criteria for open data that the detector missed."
38681185,non_open_data,reuse_only,,,,"The datasets used for this analysis are freely available and can be accessed online. Species occurrence records are available from the Global Biodiversity Information Facility GBIF (https://www.gbif.org/occurrence/search) and SpeciesLink (http://inct.splink.org.br/) databases. Climate data are available from WorldClim (https://www.worldclim.org/bioclim). The global dataset of actual evapotranspiration is available from the CGIAR CSI GeoPortal... The water table depth model is available upon request from the Authors (Fan et al., 2013). R scripts to compute and export the species range size area and the associated shapefile and to extract and compute the species niche breadth were available.","All datasets cited in the Data Availability Statement (GBIF/SpeciesLink occurrence records, WorldClim, CGIAR CSI evapotranspiration, and a third-party water-table-depth model) are pre-existing third-party sources reused by the authors, not newly generated data deposited with an accession number, and the only mention of the authors' own materials (R scripts) refers to code, not a data deposit."
39454011,false_negative,open,Zenodo,https://zenodo.org/records/13922132,Zenodo,"All data needed to evaluate the conclusions in the paper are present in the paper, the Supplementary Materials, and in the permanent repository https://zenodo.org/records/13922132. The code used to process and aggregate the data to produce the results has also been deposited in the repository.","The authors deposited the generated/processed data (network metrics and derived analysis datasets) underlying the paper's conclusions in a permanent Zenodo repository with a resolvable accession URL and no stated access restriction, while only the raw, privacy-sensitive individual-user server logs (a separate, third-party-controlled dataset) are gated behind a Wikimedia Foundation request process, so the deposited analysis data itself qualifies as open data that the detector missed."
40249807,false_negative,open,Dryad and Zenodo,https://doi.org/10.5061/dryad.8kprr4xxg ; https://doi.org/10.5281/zenodo.14219889,Dryad,Data and code for reproducing all figures are available online from the repository: https://doi.org/10.5061/dryad.8kprr4xxg and https://doi.org/10.5281/zenodo.14219889.,"The authors deposited the simulation-generated data and code needed to reproduce all figures in Dryad and Zenodo with resolvable DOIs and no stated access restriction, meeting the open-data criteria despite the detector's negative call."
40093116,non_open_data,upon_request_or_restricted,BALSAC genealogical database,https://balsac.uqac.ca/,Other,We thank the BALSAC project for providing access to their genealogical data and for their guidance in selecting an appropriate subset of the genealogy for our analyses. Contact BALSAC for more information and to apply for access to these data (https://balsac.uqac.ca/),"The only data availability statement points to a pre-existing third-party pedigree database (BALSAC) that requires applying for access, not to a new deposit of author-generated data with an open accession; the paper's own contribution is open-source code (tskit), which does not count as open data."
39958928,false_negative,open,NCBI SRA/BioProject,PRJNA1207711,NCBI,"The original contributions presented in the study are publicly available. This data can be found here: https://www.ncbi.nlm.nih.gov/sra, under the BioProject number PRJNA1207711.","The authors deposited their newly generated shotgun metagenome sequencing reads in NCBI SRA under BioProject accession PRJNA1207711 and explicitly state the data are publicly available, meeting all three open-data criteria even though the MAGs are noted as available only upon request."
38315843,false_negative,open,NERSC Science Gateway data portal (portal.nersc.gov),https://portal.nersc.gov/cascade/cat6/,Institutional/domain,"Data, Materials, and Software Availability Data and software used in this paper may be found at https://portal.nersc.gov/cascade/cat6/ ( 54 ).","The authors provide a dedicated persistent URL to a NERSC data portal hosting the data (and software) generated/used for this study's analyses (e.g., PI exceedance fields, bias-corrected data, model outputs), with no stated access restriction, satisfying deposit + link + open access even though the detector likely failed to recognize this non-standard repository URL format."
38353824,non_open_data,upon_request_or_restricted,,,,Data availability Data can be shared upon reasonable request.,"The article's data availability statement explicitly restricts access to data upon reasonable request rather than depositing it openly in a repository with an accession, so it does not meet the open data definition."
38282868,false_negative,open,Figshare,https://doi.org/10.6084/m9.figshare.24069861.v1; https://doi.org/10.6084/m9.figshare.24069837.v1,Figshare,"The data is available at Figshare: Natera, Alex (2023). Raw force-time data for Loaded CMJs. figshare. Dataset. https://doi.org/10.6084/m9.figshare.24069861.v1 Natera, Alex (2023). Determinants Data - deidentifed.csv. figshare. Dataset. https://doi.org/10.6084/m9.figshare.24069837.v1","The authors deposited their newly generated raw force-time and determinants data in Figshare with resolvable DOIs and no stated access restriction, meeting all three open-data criteria that the detector missed."
